사고번호,사고일시,요일,시군구,사고내용,사망자수,중상자수,경상자수,부상신고자수,사고유형,법규위반,노면상태,기상상태,도로형태,가해운전자 차종,가해운전자 성별,가해운전자 연령,가해운전자 상해정도,피해운전자 차종,피해운전자 성별,피해운전자 연령,피해운전자 상해정도
2014011300100022,2014년 1월 13일 02시,월요일,강원도 태백시 통동,중상사고,0,2,0,0,차대차 - 정면충돌,중앙선침범,건조,맑음,단일로 - 기타,승용,남,40세,상해없음,승용,여,52세,중상
2014011300100115,2014년 1월 13일 09시,월요일,강원도 삼척시 도계읍,중상사고,0,1,1,0,차대차 - 기타,안전운전불이행,건조,맑음,교차로 - 교차로안,승용,남,41세,상해없음,승합,남,47세,상해없음
2014011300100138,2014년 1월 13일 10시,월요일,강원도 원주시 우산동,경상사고,0,0,5,0,차대차 - 측면직각충돌,교차로운행방법위반,건조,맑음,교차로 - 교차로안,승용,여,36세,경상,승합,남,46세,경상
2014011300100323,2014년 1월 13일 17시,월요일,강원도 동해시 효가동,경상사고,0,0,1,0,차대차 - 측면직각충돌,안전운전불이행,건조,맑음,단일로 - 기타,건설기계,남,47세,상해없음,승용,여,46세,상해없음
2014011300100345,2014년 1월 13일 18시,월요일,강원도 춘천시 석사동,경상사고,0,0,2,0,차대차 - 측면직각충돌,안전운전불이행,건조,맑음,단일로 - 기타,승용,남,66세,상해없음,승용,남,22세,경상
2014011300100346,2014년 1월 13일 18시,월요일,강원도 원주시 단계동,경상사고,0,0,3,0,차대차 - 기타,직진우회전진행방해,건조,맑음,교차로 - 교차로부근,승용,여,37세,경상,승용,여,40세,상해없음
2014011300100408,2014년 1월 13일 20시,월요일,강원도 속초시 교동,중상사고,0,1,0,0,차대사람 - 차도통행중,안전운전불이행,건조,맑음,단일로 - 기타,이륜,남,18세,상해없음,보행자,여,65세,중상
2014011300100425,2014년 1월 13일 21시,월요일,강원도 원주시 단계동,중상사고,0,1,1,0,차대차 - 측면직각충돌,신호위반,건조,맑음,교차로 - 교차로안,이륜,남,16세,중상,승용,남,49세,경상
2014011300100472,2014년 1월 13일 23시,월요일,강원도 강릉시 교동,경상사고,0,0,1,0,차대차 - 측면직각충돌,안전운전불이행,건조,맑음,단일로 - 기타,승용,남,41세,상해없음,이륜,남,17세,경상
2014011400100011,2014년 1월 14일 00시,화요일,강원도 평창군 대관령면,경상사고,0,0,2,0,차량단독 - 공작물충돌,안전운전불이행,습기,흐림,단일로 - 기타,화물,남,19세,상해없음,,,,
2014011400100092,2014년 1월 14일 08시,화요일,강원도 원주시 명륜동,경상사고,0,0,1,0,차대차 - 측면직각충돌,안전운전불이행,건조,맑음,단일로 - 횡단보도상,화물,남,48세,상해없음,자전거,남,54세,경상
2014011400100093,2014년 1월 14일 08시,화요일,강원도 영월군 북면,중상사고,0,1,1,0,차대차 - 정면충돌,중앙선침범,건조,맑음,단일로 - 기타,승용,남,30세,중상,승용,남,34세,경상
2014011400100119,2014년 1월 14일 09시,화요일,강원도 철원군 동송읍,중상사고,0,1,2,0,차대차 - 측면직각충돌,교차로운행방법위반,건조,맑음,교차로 - 교차로안,승용,남,46세,경상,승용,여,38세,경상
2014011400100138,2014년 1월 14일 10시,화요일,강원도 춘천시 후평동,중상사고,0,1,0,0,차대사람 - 차도통행중,안전운전불이행,건조,맑음,단일로 - 기타,승용,여,39세,상해없음,보행자,남,74세,중상
2014011400100139,2014년 1월 14일 10시,화요일,강원도 영월군 영월읍,경상사고,0,0,1,0,차대차 - 기타,교차로운행방법위반,건조,맑음,교차로 - 교차로안,승합,남,69세,상해없음,승합,남,51세,상해없음
2014011400100161,2014년 1월 14일 11시,화요일,강원도 춘천시 서면,경상사고,0,0,3,0,차대차 - 측면직각충돌,안전운전불이행,습기,맑음,교차로 - 교차로안,승합,남,57세,상해없음,화물,남,40세,경상
2014011400100162,2014년 1월 14일 11시,화요일,강원도 춘천시 석사동,중상사고,0,4,0,0,차대차 - 기타,신호위반,건조,맑음,교차로 - 교차로안,승용,남,57세,상해없음,승용,남,61세,중상
2014011400100163,2014년 1월 14일 11시,화요일,강원도 고성군 토성면,경상사고,0,0,1,0,차대차 - 추돌 - 진행중,안전운전불이행,적설,눈,단일로 - 기타,화물,남,42세,상해없음,승용,남,65세,상해없음
2014011400100189,2014년 1월 14일 12시,화요일,강원도 강릉시 포남동,경상사고,0,0,1,0,차대차 - 측면직각충돌,안전운전불이행,건조,맑음,단일로 - 기타,승용,여,42세,상해없음,승용,여,58세,경상
2014011400100209,2014년 1월 14일 13시,화요일,강원도 춘천시 석사동,경상사고,0,0,2,0,차대차 - 측면직각충돌,안전운전불이행,건조,맑음,교차로 - 교차로안,원동기,남,33세,경상,승용,여,45세,경상
2014011400100282,2014년 1월 14일 16시,화요일,강원도 춘천시 후평동,경상사고,0,0,1,0,차대사람 - 기타,보행자보호의무위반,건조,맑음,단일로 - 횡단보도상,승용,남,50세,상해없음,보행자,여,13세,경상
2014011400100283,2014년 1월 14일 16시,화요일,강원도 춘천시 칠전동,경상사고,0,0,1,0,차대차 - 측면직각충돌,안전거리미확보,건조,맑음,단일로 - 기타,승용,남,65세,상해없음,승합,남,61세,경상
2014011400100284,2014년 1월 14일 16시,화요일,강원도 원주시 단계동,중상사고,0,1,1,0,차대차 - 추돌 - 주정차중,안전거리미확보,건조,맑음,교차로 - 교차로부근,승용,여,45세,상해없음,승용,남,59세,중상
2014011400100403,2014년 1월 14일 20시,화요일,강원도 철원군 서면,경상사고,0,0,1,0,차대사람 - 길가장자리구역통행중,안전운전불이행,건조,맑음,단일로 - 기타,승용,남,24세,상해없음,보행자,남,19세,경상
2014011400100404,2014년 1월 14일 20시,화요일,강원도 양구군 양구읍,경상사고,0,0,1,2,차대차 - 측면직각충돌,안전운전불이행,건조,맑음,교차로 - 교차로안,승용,여,47세,부상신고,승용,남,32세,경상
2014011400100429,2014년 1월 14일 21시,화요일,강원도 속초시 교동,중상사고,0,1,0,0,차대차 - 측면직각충돌,안전운전불이행,건조,맑음,단일로 - 기타,승용,남,27세,상해없음,원동기,남,18세,중상
2014011400100430,2014년 1월 14일 21시,화요일,강원도 홍천군 홍천읍,경상사고,0,0,1,0,차대차 - 측면직각충돌,직진우회전진행방해,건조,맑음,교차로 - 교차로안,승용,남,56세,상해없음,이륜,남,36세,경상
2014011400100452,2014년 1월 14일 22시,화요일,강원도 원주시 문막읍,사망사고,1,0,0,0,차량단독 - 공작물충돌,안전운전불이행,건조,맑음,단일로 - 기타,승용,남,41세,사망,,,,
2014011400100480,2014년 1월 14일 23시,화요일,강원도 동해시 부곡동,경상사고,0,0,1,0,차대사람 - 횡단중,안전운전불이행,건조,맑음,단일로 - 기타,승용,남,62세,상해없음,보행자,남,44세,경상
2014011500100022,2014년 1월 15일 01시,수요일,강원도 원주시 개운동,경상사고,0,0,1,0,차대차 - 측면직각충돌,안전운전불이행,건조,맑음,교차로 - 교차로부근,승용,여,51세,상해없음,승용,남,38세,경상
2014011500100033,2014년 1월 15일 02시,수요일,강원도 춘천시 석사동,경상사고,0,0,1,0,차대차 - 추돌 - 진행중,안전운전불이행,건조,맑음,단일로 - 기타,승용,남,49세,상해없음,승용,남,55세,경상
2014011500100045,2014년 1월 15일 04시,수요일,강원도 춘천시 사농동,중상사고,0,1,1,0,차대차 - 측면직각충돌,교차로운행방법위반,건조,맑음,교차로 - 교차로안,승용,여,64세,상해없음,승용,남,45세,중상
2014011500100063,2014년 1월 15일 06시,수요일,강원도 강릉시 성남동,경상사고,0,0,1,0,차대차 - 기타,안전운전불이행,건조,맑음,교차로 - 교차로안,승용,남,61세,상해없음,이륜,남,72세,경상
2014011500100080,2014년 1월 15일 07시,수요일,강원도 춘천시 우두동,사망사고,1,0,0,0,차대사람 - 차도통행중,안전운전불이행,건조,맑음,단일로 - 기타,승용,여,55세,상해없음,보행자,여,66세,사망
2014011500100081,2014년 1월 15일 07시,수요일,강원도 춘천시 우두동,경상사고,0,0,1,0,차대사람 - 기타,신호위반,건조,맑음,교차로 - 교차로부근,승용,남,51세,상해없음,보행자,여,73세,경상
2014011500100158,2014년 1월 15일 10시,수요일,강원도 춘천시 약사동,중상사고,0,1,0,0,차대사람 - 기타,보행자보호의무위반,건조,맑음,단일로 - 횡단보도상,승용,남,30세,상해없음,보행자,여,85세,중상
2014011500100186,2014년 1월 15일 11시,수요일,강원도 삼척시 노곡면,경상사고,0,0,1,0,차대차 - 기타,기타,건조,맑음,단일로 - 기타,화물,남,63세,상해없음,승용,남,53세,경상
2014011500100187,2014년 1월 15일 11시,수요일,강원도 태백시 황지동,중상사고,0,1,0,0,차대차 - 측면직각충돌,교차로운행방법위반,건조,맑음,교차로 - 교차로안,승용,남,59세,상해없음,이륜,남,70세,중상
2014011500100205,2014년 1월 15일 12시,수요일,강원도 삼척시 원덕읍,중상사고,0,2,0,0,차대차 - 추돌 - 주정차중,안전운전불이행,결빙,맑음,단일로 - 기타,승용,남,52세,상해없음,화물,남,58세,기타불명
2014011500100206,2014년 1월 15일 12시,수요일,강원도 홍천군 홍천읍,경상사고,0,0,1,0,차대차 - 기타,안전운전불이행,건조,맑음,교차로 - 교차로부근,화물,남,31세,상해없음,이륜,남,77세,경상
2014011500100229,2014년 1월 15일 13시,수요일,강원도 고성군 죽왕면,중상사고,0,1,5,0,차대차 - 추돌 - 주정차중,안전운전불이행,건조,맑음,교차로 - 교차로부근,건설기계,남,55세,상해없음,화물,여,59세,경상
2014011500100272,2014년 1월 15일 15시,수요일,강원도 춘천시 후평동,경상사고,0,0,2,0,차대차 - 측면직각충돌,안전운전불이행,건조,맑음,기타 - 기타,승용,여,40세,상해없음,승용,남,51세,경상
2014011500100273,2014년 1월 15일 15시,수요일,강원도 삼척시 남양동,경상사고,0,0,1,0,차대사람 - 횡단중,보행자보호의무위반,건조,맑음,단일로 - 횡단보도상,승용,여,31세,상해없음,보행자,남,61세,경상
2014011500100274,2014년 1월 15일 15시,수요일,강원도 태백시 황지동,경상사고,0,0,1,0,차대사람 - 횡단중,안전운전불이행,건조,맑음,교차로 - 교차로안,승용,여,57세,상해없음,보행자,남,75세,경상
2014011500100292,2014년 1월 15일 16시,수요일,강원도 강릉시 죽헌동,중상사고,0,1,0,0,차대사람 - 기타,안전운전불이행,건조,맑음,단일로 - 기타,원동기,남,53세,상해없음,보행자,여,84세,중상
2014011500100293,2014년 1월 15일 16시,수요일,강원도 횡성군 공근면,중상사고,0,1,0,0,차량단독 - 공작물충돌,안전운전불이행,건조,맑음,단일로 - 기타,화물,남,34세,상해없음,,,,
2014011500100325,2014년 1월 15일 17시,수요일,강원도 속초시 조양동,중상사고,0,1,0,0,차대사람 - 횡단중,안전운전불이행,건조,맑음,단일로 - 기타,화물,남,30세,상해없음,보행자,여,75세,중상
2014011500100326,2014년 1월 15일 17시,수요일,강원도 동해시 대구동,경상사고,0,0,2,0,차대차 - 추돌 - 주정차중,기타,건조,맑음,기타 - 기타,승용,여,25세,상해없음,승용,남,43세,경상
2014011500100366,2014년 1월 15일 18시,수요일,강원도 원주시 문막읍,경상사고,0,0,1,0,차대사람 - 길가장자리구역통행중,기타,건조,맑음,단일로 - 기타,화물,남,56세,상해없음,보행자,남,38세,경상
2014011500100407,2014년 1월 15일 19시,수요일,강원도 춘천시 근화동,경상사고,0,0,1,0,차대차 - 추돌 - 진행중,안전운전불이행,건조,흐림,기타 - 기타,승용,남,30세,상해없음,원동기,남,33세,경상
2014011500100438,2014년 1월 15일 20시,수요일,강원도 춘천시 중앙로1가,중상사고,0,1,0,0,차대차 - 측면직각충돌,교차로운행방법위반,건조,맑음,교차로 - 교차로안,승용,남,34세,상해없음,원동기,남,18세,중상
2014011500100478,2014년 1월 15일 21시,수요일,강원도 양구군 양구읍,경상사고,0,0,2,0,차대차 - 측면직각충돌,안전운전불이행,건조,맑음,단일로 - 기타,승용,남,39세,상해없음,승용,여,44세,경상
2014011500100530,2014년 1월 15일 23시,수요일,강원도 원주시 학성동,경상사고,0,0,2,0,차대차 - 기타,직진우회전진행방해,건조,맑음,교차로 - 교차로안,승용,남,29세,상해없음,승용,남,25세,경상
2014011600100012,2014년 1월 16일 00시,목요일,강원도 원주시 단구동,경상사고,0,0,1,0,차대차 - 측면직각충돌,직진우회전진행방해,건조,맑음,교차로 - 교차로안,승용,남,54세,상해없음,원동기,남,18세,경상
2014011600100013,2014년 1월 16일 00시,목요일,강원도 원주시 태장동,경상사고,0,0,1,0,차대차 - 기타,안전운전불이행,건조,맑음,교차로 - 교차로안,승용,남,51세,기타불명,승용,남,29세,경상
2014011600100029,2014년 1월 16일 01시,목요일,강원도 강릉시 포남동,중상사고,0,1,2,0,차대차 - 측면직각충돌,신호위반,건조,맑음,교차로 - 교차로안,승용,남,47세,중상,화물,남,48세,경상
2014011600100070,2014년 1월 16일 06시,목요일,강원도 속초시 교동,경상사고,0,0,2,0,차대차 - 추돌 - 진행중,안전운전불이행,건조,맑음,교차로 - 교차로안,화물,남,18세,상해없음,승용,남,46세,경상
2014011600100109,2014년 1월 16일 08시,목요일,강원도 양양군 현남면,중상사고,0,1,2,0,차대차 - 측면직각충돌,직진우회전진행방해,건조,맑음,교차로 - 교차로안,승합,남,53세,상해없음,화물,남,72세,중상
2014011600100110,2014년 1월 16일 08시,목요일,강원도 양양군 양양읍,경상사고,0,0,2,0,차대차 - 측면직각충돌,교차로운행방법위반,건조,맑음,교차로 - 교차로안,건설기계,남,50세,상해없음,승용,남,71세,경상
2014011600100136,2014년 1월 16일 09시,목요일,강원도 춘천시 근화동,경상사고,0,0,1,0,차대차 - 측면직각충돌,안전거리미확보,건조,맑음,단일로 - 기타,승합,남,58세,상해없음,승용,남,23세,경상
2014011600100137,2014년 1월 16일 09시,목요일,강원도 강릉시 포남동,사망사고,1,0,0,0,차대사람 - 기타,안전운전불이행,건조,맑음,교차로 - 교차로안,승용,남,65세,상해없음,보행자,남,75세,사망
2014011600100138,2014년 1월 16일 09시,목요일,강원도 원주시 학성동,중상사고,0,1,0,0,차대사람 - 횡단중,안전운전불이행,건조,흐림,교차로 - 교차로안,승용,남,43세,상해없음,보행자,남,64세,중상
2014011600100196,2014년 1월 16일 12시,목요일,강원도 원주시 명륜동,중상사고,0,1,0,0,차대사람 - 기타,안전운전불이행,건조,맑음,교차로 - 교차로부근,승합,남,47세,기타불명,보행자,여,71세,중상
2014011600100197,2014년 1월 16일 12시,목요일,강원도 속초시 조양동,경상사고,0,0,1,0,차대사람 - 기타,안전운전불이행,건조,맑음,단일로 - 기타,승용,남,68세,상해없음,보행자,여,42세,경상
2014011600100198,2014년 1월 16일 12시,목요일,강원도 홍천군 홍천읍,경상사고,0,0,1,0,차대차 - 추돌 - 주정차중,안전운전불이행,건조,맑음,단일로 - 기타,승용,남,75세,상해없음,승용,남,45세,경상
2014011600100244,2014년 1월 16일 14시,목요일,강원도 춘천시 석사동,경상사고,0,0,1,0,차대사람 - 횡단중,신호위반,건조,맑음,교차로 - 교차로안,이륜,남,71세,상해없음,보행자,남,26세,경상
2014011600100272,2014년 1월 16일 15시,목요일,강원도 횡성군 횡성읍,사망사고,1,0,0,0,차대사람 - 차도통행중,안전운전불이행,건조,흐림,단일로 - 기타,건설기계,남,41세,상해없음,보행자,여,87세,사망
2014011600100340,2014년 1월 16일 18시,목요일,강원도 춘천시 서면,경상사고,0,0,1,0,차대차 - 정면충돌,중앙선침범,건조,맑음,단일로 - 기타,승용,여,65세,상해없음,승용,남,45세,경상
2014011600100341,2014년 1월 16일 18시,목요일,강원도 속초시 교동,중상사고,0,1,1,0,차대차 - 측면직각충돌,신호위반,건조,맑음,교차로 - 교차로안,승용,남,33세,상해없음,승용,여,48세,경상
2014011600100421,2014년 1월 16일 20시,목요일,강원도 춘천시 근화동,경상사고,0,0,1,0,차대차 - 측면직각충돌,신호위반,건조,맑음,교차로 - 교차로안,승용,여,30세,상해없음,승용,여,30세,경상
2014011600100422,2014년 1월 16일 20시,목요일,강원도 정선군 사북읍,중상사고,0,1,0,0,차대사람 - 차도통행중,안전운전불이행,건조,맑음,단일로 - 기타,승용,여,56세,상해없음,보행자,여,31세,중상
2014011600100448,2014년 1월 16일 21시,목요일,강원도 춘천시 근화동,경상사고,0,0,4,0,차대차 - 추돌 - 주정차중,안전운전불이행,건조,맑음,교차로 - 교차로부근,승용,남,49세,상해없음,승용,남,54세,경상
2014011600100449,2014년 1월 16일 21시,목요일,강원도 강릉시 주문진읍,중상사고,0,1,0,0,차대차 - 측면직각충돌,안전운전불이행,건조,맑음,교차로 - 교차로안,승용,남,49세,상해없음,원동기,남,17세,중상
2014011600100480,2014년 1월 16일 22시,목요일,강원도 강릉시 교동,경상사고,0,0,2,0,차대차 - 측면직각충돌,중앙선침범,건조,맑음,단일로 - 기타,승용,남,63세,상해없음,승용,남,32세,경상
2014011600100481,2014년 1월 16일 22시,목요일,강원도 원주시 중앙동,중상사고,0,1,0,0,차대사람 - 보도통행중,보행자보호의무위반,건조,맑음,교차로 - 교차로부근,승용,남,59세,상해없음,보행자,여,56세,중상
2014011700100014,2014년 1월 17일 00시,금요일,강원도 원주시 단계동,경상사고,0,0,3,0,차대차 - 추돌 - 진행중,안전운전불이행,건조,맑음,교차로 - 교차로부근,승용,여,39세,상해없음,승용,여,36세,경상
2014011700100031,2014년 1월 17일 01시,금요일,강원도 춘천시 후평동,경상사고,0,0,1,0,차대사람 - 기타,안전운전불이행,건조,흐림,단일로 - 기타,승용,남,27세,상해없음,보행자,여,28세,경상
2014011700100067,2014년 1월 17일 05시,금요일,강원도 원주시 단계동,경상사고,0,0,3,0,차대사람 - 횡단중,보행자보호의무위반,건조,맑음,교차로 - 교차로부근,승용,남,22세,상해없음,보행자,남,31세,경상
2014011700100078,2014년 1월 17일 06시,금요일,강원도 춘천시 신북읍,중상사고,0,1,0,0,차대차 - 기타,중앙선침범,건조,맑음,단일로 - 기타,승용,남,35세,상해없음,승합,남,63세,상해없음
2014011700100144,2014년 1월 17일 09시,금요일,강원도 화천군 화천읍,중상사고,0,1,0,0,차량단독 - 공작물충돌,안전운전불이행,건조,기타,단일로 - 기타,화물,남,61세,중상,,,,
2014011700100232,2014년 1월 17일 13시,금요일,강원도 정선군 정선읍,중상사고,0,1,0,0,차대사람 - 길가장자리구역통행중,안전운전불이행,건조,맑음,기타 - 기타,승용,남,58세,상해없음,보행자,여,72세,중상
2014011700100233,2014년 1월 17일 13시,금요일,강원도 동해시 평릉동,경상사고,0,0,2,0,차대차 - 기타,신호위반,건조,맑음,교차로 - 교차로안,승용,남,77세,상해없음,승용,여,42세,경상
2014011700100251,2014년 1월 17일 14시,금요일,강원도 횡성군 갑천면,중상사고,0,1,0,0,차대사람 - 길가장자리구역통행중,안전운전불이행,건조,맑음,단일로 - 기타,승합,남,59세,상해없음,보행자,남,87세,중상
2014011700100284,2014년 1월 17일 15시,금요일,강원도 춘천시 온의동,경상사고,0,0,2,0,차대차 - 기타,안전거리미확보,건조,맑음,단일로 - 기타,승용,여,28세,상해없음,승용,여,37세,경상
2014011700100367,2014년 1월 17일 18시,금요일,강원도 춘천시 온의동,경상사고,0,0,1,0,차대차 - 기타,안전운전불이행,습기,흐림,단일로 - 기타,승용,여,59세,상해없음,승용,남,43세,경상
2014011700100524,2014년 1월 17일 22시,금요일,강원도 원주시 단구동,경상사고,0,0,1,0,차대사람 - 길가장자리구역통행중,안전운전불이행,건조,맑음,단일로 - 기타,승용,여,24세,상해없음,보행자,남,39세,경상
2014011700100555,2014년 1월 17일 23시,금요일,강원도 화천군 간동면,중상사고,0,1,0,0,차량단독 - 도로외이탈 - 기타,안전운전불이행,습기,기타,단일로 - 기타,승용,남,26세,상해없음,,,,
2014011800100023,2014년 1월 18일 00시,토요일,강원도 원주시 우산동,중상사고,0,1,1,0,차대차 - 기타,직진우회전진행방해,건조,맑음,교차로 - 교차로안,승용,남,29세,상해없음,승용,남,60세,중상
2014011800100131,2014년 1월 18일 08시,토요일,강원도 원주시 신림면,경상사고,0,0,3,0,차대차 - 측면직각충돌,중앙선침범,건조,맑음,단일로 - 기타,승용,남,63세,상해없음,승용,여,59세,경상
2014011800100148,2014년 1월 18일 09시,토요일,강원도 춘천시 퇴계동,경상사고,0,0,1,0,차대차 - 기타,안전운전불이행,건조,맑음,단일로 - 기타,승용,남,53세,상해없음,자전거,남,58세,경상
2014011800100149,2014년 1월 18일 09시,토요일,강원도 원주시 봉산동,경상사고,0,0,1,0,차대차 - 추돌 - 진행중,안전운전불이행,건조,맑음,단일로 - 기타,화물,남,63세,상해없음,승용,남,35세,경상
2014011800100150,2014년 1월 18일 09시,토요일,강원도 횡성군 횡성읍,경상사고,0,0,1,0,차대사람 - 횡단중,보행자보호의무위반,건조,맑음,교차로 - 교차로부근,승용,여,39세,상해없음,보행자,남,75세,경상
2014011800100172,2014년 1월 18일 10시,토요일,강원도 홍천군 홍천읍,중상사고,0,1,1,0,차대차 - 기타,신호위반,건조,맑음,교차로 - 교차로안,승용,남,41세,상해없음,승용,남,31세,상해없음
2014011800100173,2014년 1월 18일 10시,토요일,강원도 평창군 용평면,경상사고,0,0,4,0,차대차 - 측면직각충돌,안전운전불이행,적설,흐림,단일로 - 기타,승용,남,70세,상해없음,승용,여,45세,경상
2014011800100293,2014년 1월 18일 15시,토요일,강원도 원주시 문막읍,부상신고사고,0,0,0,1,차대사람 - 기타,안전운전불이행,건조,맑음,교차로 - 교차로안,기타불명,기타불명,기타불명,기타불명,보행자,남,67세,부상신고
2014011800100317,2014년 1월 18일 16시,토요일,강원도 횡성군 공근면,경상사고,0,0,3,0,차대차 - 추돌 - 주정차중,안전운전불이행,건조,맑음,단일로 - 기타,화물,남,76세,상해없음,화물,남,58세,경상
2014011800100318,2014년 1월 18일 16시,토요일,강원도 원주시 문막읍,중상사고,0,2,0,0,차대사람 - 기타,안전운전불이행,건조,맑음,기타 - 기타,승용,여,27세,상해없음,보행자,여,55세,중상
2014011800100383,2014년 1월 18일 18시,토요일,강원도 춘천시 소양로1가,경상사고,0,0,1,0,차대차 - 측면직각충돌,직진우회전진행방해,건조,맑음,교차로 - 교차로안,승용,여,47세,상해없음,승합,남,39세,경상
2014011800100408,2014년 1월 18일 19시,토요일,강원도 춘천시 효자동,경상사고,0,0,1,0,차대차 - 측면직각충돌,안전거리미확보,건조,맑음,단일로 - 기타,승용,여,58세,상해없음,원동기,남,17세,경상
2014011800100409,2014년 1월 18일 19시,토요일,강원도 강릉시 교동,경상사고,0,0,1,0,차대차 - 기타,안전거리미확보,건조,맑음,단일로 - 기타,승용,남,40세,상해없음,원동기,남,17세,경상
2014011800100410,2014년 1월 18일 19시,토요일,강원도 원주시 단계동,경상사고,0,0,3,0,차대차 - 추돌 - 진행중,교차로운행방법위반,건조,맑음,교차로 - 교차로안,승용,여,40세,상해없음,승용,남,65세,경상
2014011800100411,2014년 1월 18일 19시,토요일,강원도 평창군 용평면,경상사고,0,0,1,0,차대사람 - 기타,안전운전불이행,건조,맑음,기타 - 기타,승용,남,55세,상해없음,보행자,남,37세,경상
2014011800100460,2014년 1월 18일 21시,토요일,강원도 원주시 지정면,경상사고,0,0,1,0,차대차 - 측면직각충돌,안전운전불이행,건조,맑음,단일로 - 기타,승용,남,45세,상해없음,승용,여,27세,경상
2014011900100013,2014년 1월 19일 00시,일요일,강원도 강릉시 교동,중상사고,0,3,5,0,차대차 - 추돌 - 진행중,안전운전불이행,건조,맑음,단일로 - 기타,승용,남,27세,상해없음,승용,남,52세,중상
2014011900100031,2014년 1월 19일 01시,일요일,강원도 원주시 학성동,경상사고,0,0,2,0,차대차 - 기타,신호위반,습기,흐림,단일로 - 기타,승용,남,58세,상해없음,화물,남,46세,기타불명
2014011900100110,2014년 1월 19일 08시,일요일,강원도 원주시 문막읍,경상사고,0,0,1,0,차량단독 - 공작물충돌,안전운전불이행,건조,맑음,단일로 - 교량,승용,남,39세,경상,,,,
2014011900100149,2014년 1월 19일 10시,일요일,강원도 강릉시 옥계면,중상사고,0,1,0,0,차대차 - 추돌 - 진행중,안전거리미확보,건조,맑음,단일로 - 기타,승용,남,48세,상해없음,자전거,남,69세,중상
2014011900100191,2014년 1월 19일 12시,일요일,강원도 강릉시 노암동,경상사고,0,0,4,0,차대차 - 추돌 - 주정차중,교차로운행방법위반,건조,맑음,교차로 - 교차로부근,화물,남,32세,상해없음,승용,여,37세,경상
2014011900100192,2014년 1월 19일 12시,일요일,강원도 동해시 이도동,경상사고,0,0,1,0,차대차 - 기타,중앙선침범,건조,맑음,미분류 - 미분류,승용,남,33세,상해없음,승용,여,48세,경상
2014011900100216,2014년 1월 19일 13시,일요일,강원도 강릉시 옥계면,중상사고,0,1,0,0,차대차 - 측면직각충돌,신호위반,건조,맑음,교차로 - 교차로안,승용,남,49세,상해없음,원동기,남,56세,중상
2014011900100217,2014년 1월 19일 13시,일요일,강원도 동해시 발한동,경상사고,0,0,1,0,차대차 - 기타,안전운전불이행,건조,맑음,단일로 - 기타,화물,여,67세,상해없음,승용,남,53세,경상
2014011900100236,2014년 1월 19일 14시,일요일,강원도 평창군 용평면,경상사고,0,0,1,0,차대차 - 측면직각충돌,안전운전불이행,건조,맑음,단일로 - 기타,승용,남,56세,상해없음,승용,남,43세,경상
2014011900100257,2014년 1월 19일 15시,일요일,강원도 고성군 죽왕면,경상사고,0,0,3,0,차대차 - 기타,안전거리미확보,건조,맑음,교차로 - 교차로부근,승용,남,53세,상해없음,승용,남,59세,경상
2014011900100281,2014년 1월 19일 16시,일요일,강원도 춘천시 소양로1가,경상사고,0,0,1,0,차대차 - 측면직각충돌,신호위반,건조,맑음,교차로 - 교차로안,승용,여,48세,상해없음,승용,남,75세,경상
2014011900100282,2014년 1월 19일 16시,일요일,강원도 평창군 방림면,경상사고,0,0,2,0,차대차 - 추돌 - 진행중,안전운전불이행,건조,맑음,단일로 - 기타,승용,남,47세,상해없음,승용,여,34세,경상
2014011900100300,2014년 1월 19일 17시,일요일,강원도 원주시 단계동,경상사고,0,0,5,0,차대차 - 측면직각충돌,교차로운행방법위반,건조,맑음,교차로 - 교차로안,승용,남,61세,경상,승용,남,28세,경상
2014011900100330,2014년 1월 19일 18시,일요일,강원도 원주시 단계동,경상사고,0,0,1,0,차대사람 - 기타,안전운전불이행,건조,맑음,교차로 - 교차로안,승용,여,31세,상해없음,보행자,여,51세,경상
2014011900100355,2014년 1월 19일 19시,일요일,강원도 춘천시 근화동,경상사고,0,0,1,0,차대차 - 측면직각충돌,중앙선침범,건조,맑음,단일로 - 기타,승용,남,33세,상해없음,승용,남,59세,경상
2014011900100356,2014년 1월 19일 19시,일요일,강원도 화천군 사내면,사망사고,1,0,0,0,차대사람 - 횡단중,안전운전불이행,건조,기타,교차로 - 교차로부근,승용,남,28세,상해없음,보행자,남,52세,사망
2014011900100381,2014년 1월 19일 20시,일요일,강원도 춘천시 근화동,경상사고,0,0,1,0,차대차 - 측면직각충돌,안전운전불이행,건조,맑음,교차로 - 교차로부근,승용,남,48세,상해없음,승용,남,39세,경상
2014011900100382,2014년 1월 19일 20시,일요일,강원도 강릉시 남문동,경상사고,0,0,1,0,차대차 - 추돌 - 진행중,안전운전불이행,건조,맑음,단일로 - 기타,원동기,남,21세,상해없음,승용,남,50세,경상
2014011900100436,2014년 1월 19일 23시,일요일,강원도 원주시 단계동,중상사고,0,2,0,0,차대차 - 측면직각충돌,중앙선침범,건조,맑음,단일로 - 기타,승용,남,30세,상해없음,승용,남,29세,중상
2014011900100437,2014년 1월 19일 23시,일요일,강원도 홍천군 홍천읍,중상사고,0,1,0,0,차대사람 - 횡단중,보행자보호의무위반,건조,맑음,단일로 - 기타,승용,남,52세,상해없음,보행자,여,66세,중상