사고번호,사고일시,요일,시군구,사고내용,사망자수,중상자수,경상자수,부상신고자수,사고유형,법규위반,노면상태,기상상태,도로형태,가해운전자 차종,가해운전자 성별,가해운전자 연령,가해운전자 상해정도,피해운전자 차종,피해운전자 성별,피해운전자 연령,피해운전자 상해정도
2014012000100142,2014년 1월 20일 08시,월요일,강원도 강릉시 성남동,경상사고,0,0,2,0,차대차 - 추돌 - 주정차중,안전운전불이행,건조,맑음,교차로 - 교차로안,승용,여,45세,상해없음,승용,남,38세,경상
2014012000100143,2014년 1월 20일 08시,월요일,강원도 원주시 호저면,경상사고,0,0,1,0,차대차 - 추돌 - 진행중,중앙선침범,적설,눈,교차로 - 교차로부근,승용,여,54세,상해없음,승합,남,41세,경상
2014012000100144,2014년 1월 20일 08시,월요일,강원도 태백시 화전동,경상사고,0,0,2,0,차대차 - 기타,중앙선침범,결빙,눈,단일로 - 기타,승용,남,31세,상해없음,승용,남,48세,경상
2014012000100187,2014년 1월 20일 09시,월요일,강원도 영월군 한반도면,경상사고,0,0,1,0,차대차 - 측면직각충돌,안전운전불이행,적설,눈,단일로 - 기타,승합,남,50세,상해없음,화물,남,79세,경상
2014012000100222,2014년 1월 20일 10시,월요일,강원도 춘천시 동내면,경상사고,0,0,1,2,차대차 - 측면직각충돌,중앙선침범,적설,맑음,기타 - 기타,승용,여,43세,상해없음,승용,여,32세,부상신고
2014012000100223,2014년 1월 20일 10시,월요일,강원도 평창군 대관령면,중상사고,0,1,0,0,차대차 - 측면직각충돌,안전운전불이행,적설,눈,단일로 - 기타,승용,여,52세,상해없음,승용,남,33세,중상
2014012000100299,2014년 1월 20일 12시,월요일,강원도 원주시 단구동,중상사고,0,1,7,1,차대차 - 측면직각충돌,교차로운행방법위반,습기,비,교차로 - 교차로안,승용,여,46세,경상,승합,남,45세,경상
2014012000100325,2014년 1월 20일 13시,월요일,강원도 강릉시 교동,경상사고,0,0,3,0,차대차 - 추돌 - 주정차중,안전운전불이행,기타,기타,단일로 - 기타,승용,남,53세,상해없음,승용,남,40세,경상
2014012000100326,2014년 1월 20일 13시,월요일,강원도 양구군 남면,중상사고,0,1,0,0,차대사람 - 기타,안전운전불이행,결빙,맑음,단일로 - 기타,화물,남,55세,상해없음,보행자,남,81세,중상
2014012000100361,2014년 1월 20일 14시,월요일,강원도 원주시 관설동,경상사고,0,0,2,0,차대차 - 추돌 - 진행중,불법유턴,습기,맑음,교차로 - 교차로부근,승용,남,59세,상해없음,승용,남,32세,경상
2014012000100362,2014년 1월 20일 14시,월요일,강원도 원주시 무실동,경상사고,0,0,1,0,차대차 - 기타,안전운전불이행,건조,맑음,단일로 - 기타,승용,여,44세,상해없음,승용,남,53세,상해없음
2014012000100381,2014년 1월 20일 15시,월요일,강원도 춘천시 낙원동,경상사고,0,0,1,0,차대사람 - 기타,안전운전불이행,건조,흐림,단일로 - 기타,화물,남,66세,상해없음,보행자,여,72세,경상
2014012000100484,2014년 1월 20일 18시,월요일,강원도 춘천시 후평동,중상사고,0,1,0,0,차대사람 - 기타,기타,습기,흐림,단일로 - 기타,화물,남,37세,상해없음,보행자,여,22세,중상
2014012000100485,2014년 1월 20일 18시,월요일,강원도 강릉시 대전동,경상사고,0,0,4,0,차대차 - 추돌 - 주정차중,안전운전불이행,건조,맑음,단일로 - 기타,승용,남,63세,상해없음,승용,남,35세,경상
2014012000100486,2014년 1월 20일 18시,월요일,강원도 홍천군 홍천읍,경상사고,0,0,1,0,차대차 - 기타,안전운전불이행,적설,눈,단일로 - 기타,승용,남,44세,상해없음,승용,남,38세,경상
2014012000100487,2014년 1월 20일 18시,월요일,강원도 홍천군 홍천읍,중상사고,0,1,0,0,차대차 - 기타,안전운전불이행,결빙,눈,단일로 - 기타,승용,남,54세,상해없음,승용,남,57세,상해없음
2014012000100488,2014년 1월 20일 18시,월요일,강원도 화천군 화천읍,경상사고,0,0,1,0,차대차 - 추돌 - 진행중,안전운전불이행,습기,눈,단일로 - 기타,승용,남,53세,상해없음,화물,남,67세,경상
2014012000100489,2014년 1월 20일 18시,월요일,강원도 횡성군 안흥면,중상사고,0,1,1,0,차대차 - 기타,안전운전불이행,결빙,눈,단일로 - 기타,승용,남,51세,상해없음,화물,남,37세,상해없음
2014012000100543,2014년 1월 20일 19시,월요일,강원도 강릉시 포남동,부상신고사고,0,0,0,1,차대사람 - 기타,안전운전불이행,건조,맑음,단일로 - 기타,승용,남,21세,상해없음,보행자,남,64세,부상신고
2014012000100544,2014년 1월 20일 19시,월요일,강원도 영월군 중동면,중상사고,0,1,1,0,차대차 - 추돌 - 진행중,안전거리미확보,적설,눈,단일로 - 교량,건설기계,남,38세,상해없음,승용,남,49세,경상
2014012000100618,2014년 1월 20일 21시,월요일,강원도 태백시 화전동,경상사고,0,0,1,0,차대차 - 추돌 - 진행중,안전운전불이행,적설,눈,단일로 - 기타,승합,남,53세,상해없음,승용,여,38세,경상
2014012000100651,2014년 1월 20일 22시,월요일,강원도 강릉시 포남동,중상사고,0,1,0,0,차대사람 - 횡단중,안전운전불이행,습기,흐림,교차로 - 교차로부근,화물,남,51세,상해없음,보행자,여,17세,중상
2014012000100652,2014년 1월 20일 22시,월요일,강원도 원주시 호저면,경상사고,0,0,2,0,차대차 - 정면충돌,중앙선침범,결빙,눈,교차로 - 교차로안,승용,남,45세,상해없음,승용,여,53세,경상
2014012000100653,2014년 1월 20일 22시,월요일,강원도 원주시 일산동,경상사고,0,0,1,0,차대사람 - 횡단중,보행자보호의무위반,습기,맑음,교차로 - 교차로안,승합,남,44세,상해없음,보행자,남,17세,경상
2014012000100654,2014년 1월 20일 22시,월요일,강원도 원주시 흥업면,중상사고,0,4,1,0,차량단독 - 전도전복,안전운전불이행,습기,눈,교차로 - 교차로안,승용,남,44세,경상,,,,
2014012000100655,2014년 1월 20일 22시,월요일,강원도 속초시 조양동,경상사고,0,0,2,0,차대차 - 측면직각충돌,안전운전불이행,건조,맑음,단일로 - 기타,화물,남,49세,상해없음,승용,남,46세,경상
2014012000100656,2014년 1월 20일 22시,월요일,강원도 정선군 임계면,중상사고,0,1,0,0,차대차 - 추돌 - 진행중,중앙선침범,적설,눈,단일로 - 기타,승용,여,47세,상해없음,농기계,남,50세,중상
2014012000100657,2014년 1월 20일 22시,월요일,강원도 횡성군 횡성읍,경상사고,0,0,2,0,차대차 - 기타,중앙선침범,적설,눈,기타 - 기타,건설기계,남,46세,상해없음,승용,남,49세,상해없음
2014012100100074,2014년 1월 21일 07시,화요일,강원도 춘천시 효자동,경상사고,0,0,1,0,차대차 - 측면직각충돌,신호위반,건조,맑음,교차로 - 교차로안,승용,남,46세,상해없음,승합,남,61세,경상
2014012100100108,2014년 1월 21일 08시,화요일,강원도 원주시 가현동,경상사고,0,0,1,0,차대사람 - 차도통행중,중앙선침범,적설,눈,단일로 - 교량,승용,여,28세,상해없음,보행자,남,40세,경상
2014012100100144,2014년 1월 21일 09시,화요일,강원도 춘천시 동내면,경상사고,0,0,2,0,차대차 - 정면충돌,안전운전불이행,결빙,맑음,단일로 - 기타,승용,여,29세,상해없음,승용,남,22세,경상
2014012100100145,2014년 1월 21일 09시,화요일,강원도 영월군 영월읍,사망사고,1,0,0,0,차대사람 - 길가장자리구역통행중,안전운전불이행,습기,눈,단일로 - 기타,승합,남,66세,상해없음,보행자,여,13세,사망
2014012100100180,2014년 1월 21일 10시,화요일,강원도 춘천시 후평동,경상사고,0,0,1,0,차대차 - 추돌 - 주정차중,안전거리미확보,건조,맑음,교차로 - 교차로부근,승용,남,50세,상해없음,승용,여,74세,경상
2014012100100181,2014년 1월 21일 10시,화요일,강원도 속초시 대포동,경상사고,0,0,3,0,차량단독 - 공작물충돌,안전운전불이행,적설,눈,단일로 - 기타,승합,남,54세,상해없음,,,,
2014012100100182,2014년 1월 21일 10시,화요일,강원도 속초시 영랑동,경상사고,0,0,2,0,차대차 - 측면직각충돌,안전운전불이행,결빙,눈,교차로 - 교차로안,승용,남,47세,상해없음,승용,남,41세,경상
2014012100100183,2014년 1월 21일 10시,화요일,강원도 동해시 쇄운동,사망사고,1,0,0,0,차대차 - 기타,안전운전불이행,건조,흐림,단일로 - 기타,이륜,남,78세,사망,화물,남,50세,상해없음
2014012100100206,2014년 1월 21일 11시,화요일,강원도 춘천시 온의동,중상사고,0,3,2,0,차대차 - 측면직각충돌,직진우회전진행방해,건조,맑음,교차로 - 교차로안,승용,여,42세,상해없음,승용,여,33세,중상
2014012100100207,2014년 1월 21일 11시,화요일,강원도 춘천시 중앙로1가,경상사고,0,0,1,0,차대차 - 측면직각충돌,직진우회전진행방해,건조,맑음,교차로 - 교차로안,승용,남,53세,상해없음,화물,남,30세,경상
2014012100100208,2014년 1월 21일 11시,화요일,강원도 양양군 양양읍,경상사고,0,0,1,0,차대차 - 추돌 - 진행중,안전운전불이행,적설,눈,단일로 - 기타,건설기계,남,32세,상해없음,승용,남,56세,경상
2014012100100223,2014년 1월 21일 12시,화요일,강원도 강릉시 유산동,경상사고,0,0,2,0,차대차 - 측면직각충돌,안전운전불이행,적설,눈,단일로 - 기타,화물,남,74세,경상,승용,여,48세,경상
2014012100100224,2014년 1월 21일 12시,화요일,강원도 강릉시 강동면,경상사고,0,0,2,0,차대차 - 추돌 - 진행중,안전운전불이행,적설,눈,기타 - 기타,승용,남,67세,상해없음,승용,여,43세,경상
2014012100100247,2014년 1월 21일 13시,화요일,강원도 동해시 부곡동,경상사고,0,0,4,0,차대차 - 기타,중앙선침범,적설,눈,단일로 - 기타,승용,남,50세,상해없음,승용,여,59세,경상
2014012100100269,2014년 1월 21일 14시,화요일,강원도 강릉시 사천면,중상사고,0,1,0,0,차대차 - 측면직각충돌,안전운전불이행,적설,맑음,단일로 - 기타,승용,남,66세,상해없음,승용,남,58세,중상
2014012100100299,2014년 1월 21일 15시,화요일,강원도 원주시 단계동,경상사고,0,0,2,0,차대차 - 측면직각충돌,교차로운행방법위반,결빙,흐림,교차로 - 교차로안,화물,남,61세,상해없음,승용,남,54세,경상
2014012100100300,2014년 1월 21일 15시,화요일,강원도 동해시 나안동,경상사고,0,0,1,0,차대차 - 기타,안전운전불이행,적설,눈,교차로 - 교차로안,승용,남,51세,상해없음,승용,남,62세,경상
2014012100100331,2014년 1월 21일 16시,화요일,강원도 영월군 수주면,사망사고,1,1,1,0,차량단독 - 전도전복,안전운전불이행,결빙,맑음,단일로 - 기타,승합,남,51세,사망,,,,
2014012100100332,2014년 1월 21일 16시,화요일,강원도 화천군 사내면,중상사고,0,4,2,0,차대차 - 추돌 - 주정차중,안전운전불이행,건조,기타,단일로 - 터널,승용,여,45세,중상,승합,남,31세,경상
2014012100100352,2014년 1월 21일 17시,화요일,강원도 춘천시 사북면,경상사고,0,0,3,1,차대차 - 측면직각충돌,중앙선침범,건조,맑음,단일로 - 기타,승용,남,26세,상해없음,승용,남,68세,경상
2014012100100353,2014년 1월 21일 17시,화요일,강원도 춘천시 근화동,경상사고,0,0,1,0,차대차 - 측면직각충돌,교차로운행방법위반,건조,맑음,교차로 - 교차로안,승용,여,30세,상해없음,승용,여,44세,경상
2014012100100354,2014년 1월 21일 17시,화요일,강원도 양구군 양구읍,중상사고,0,1,2,0,차대차 - 측면직각충돌,안전운전불이행,습기,흐림,교차로 - 교차로안,승합,남,52세,상해없음,화물,남,63세,경상
2014012100100385,2014년 1월 21일 18시,화요일,강원도 춘천시 퇴계동,경상사고,0,0,1,0,차대차 - 측면직각충돌,안전운전불이행,결빙,맑음,단일로 - 기타,승용,여,59세,상해없음,이륜,남,17세,경상
2014012100100386,2014년 1월 21일 18시,화요일,강원도 강릉시 명주동,경상사고,0,0,2,0,차대차 - 측면직각충돌,안전운전불이행,적설,눈,단일로 - 기타,승용,남,41세,상해없음,승용,남,19세,경상
2014012100100387,2014년 1월 21일 18시,화요일,강원도 삼척시 남양동,중상사고,0,1,0,0,차대차 - 추돌 - 진행중,안전운전불이행,적설,눈,단일로 - 기타,승합,남,47세,상해없음,화물,남,59세,상해없음
2014012100100461,2014년 1월 21일 20시,화요일,강원도 춘천시 퇴계동,중상사고,0,1,3,0,차대차 - 측면직각충돌,안전운전불이행,건조,맑음,교차로 - 교차로안,승용,남,65세,중상,승용,남,33세,경상
2014012100100462,2014년 1월 21일 20시,화요일,강원도 춘천시 후평동,경상사고,0,0,2,0,차대차 - 정면충돌,중앙선침범,건조,맑음,교차로 - 교차로부근,승용,여,27세,상해없음,승용,남,48세,경상
2014012100100463,2014년 1월 21일 20시,화요일,강원도 삼척시 원덕읍,경상사고,0,0,1,0,차대사람 - 기타,안전운전불이행,습기,비,교차로 - 교차로부근,승합,남,50세,상해없음,보행자,남,53세,경상
2014012100100494,2014년 1월 21일 21시,화요일,강원도 원주시 태장동,경상사고,0,0,2,0,차대차 - 측면직각충돌,신호위반,습기,맑음,교차로 - 교차로안,화물,남,56세,상해없음,승용,남,40세,상해없음
2014012100100495,2014년 1월 21일 21시,화요일,강원도 원주시 단구동,중상사고,0,1,0,0,차대차 - 기타,안전운전불이행,건조,맑음,교차로 - 교차로부근,화물,남,39세,상해없음,승용,여,50세,중상
2014012100100520,2014년 1월 21일 22시,화요일,강원도 태백시 황지동,경상사고,0,0,1,0,차대차 - 측면직각충돌,직진우회전진행방해,습기,흐림,교차로 - 교차로안,승용,남,44세,상해없음,승용,남,60세,경상
2014012200100010,2014년 1월 22일 00시,수요일,강원도 춘천시 후평동,중상사고,0,1,0,0,차대차 - 측면직각충돌,안전거리미확보,건조,맑음,단일로 - 기타,승용,여,56세,상해없음,이륜,남,29세,중상
2014012200100056,2014년 1월 22일 06시,수요일,강원도 원주시 소초면,경상사고,0,0,2,0,차대차 - 측면직각충돌,신호위반,습기,흐림,교차로 - 교차로안,승용,남,27세,경상,승합,남,45세,경상
2014012200100075,2014년 1월 22일 07시,수요일,강원도 홍천군 홍천읍,경상사고,0,0,1,0,차대차 - 정면충돌,안전운전불이행,적설,맑음,단일로 - 기타,승용,남,29세,상해없음,화물,남,47세,경상
2014012200100101,2014년 1월 22일 08시,수요일,강원도 원주시 단계동,경상사고,0,0,2,0,차대차 - 추돌 - 진행중,안전거리미확보,건조,맑음,교차로 - 교차로부근,승용,여,42세,상해없음,승용,남,31세,경상
2014012200100138,2014년 1월 22일 09시,수요일,강원도 원주시 호저면,경상사고,0,0,1,0,차대차 - 측면직각충돌,신호위반,건조,맑음,교차로 - 교차로안,화물,남,52세,상해없음,승용,남,25세,경상
2014012200100139,2014년 1월 22일 09시,수요일,강원도 홍천군 홍천읍,경상사고,0,0,4,0,차대차 - 기타,안전운전불이행,건조,흐림,기타 - 기타,화물,남,24세,상해없음,승용,여,30세,경상
2014012200100170,2014년 1월 22일 10시,수요일,강원도 춘천시 중앙로2가,경상사고,0,0,1,0,차대사람 - 보도통행중,기타,건조,맑음,단일로 - 기타,화물,남,63세,상해없음,보행자,여,32세,경상
2014012200100171,2014년 1월 22일 10시,수요일,강원도 강릉시 성남동,경상사고,0,0,1,0,차대차 - 기타,기타,적설,맑음,단일로 - 기타,화물,남,67세,상해없음,승용,남,34세,경상
2014012200100172,2014년 1월 22일 10시,수요일,강원도 속초시 동명동,경상사고,0,0,1,0,차대차 - 추돌 - 주정차중,안전운전불이행,결빙,맑음,교차로 - 교차로부근,승용,여,74세,상해없음,화물,남,46세,상해없음
2014012200100196,2014년 1월 22일 11시,수요일,강원도 홍천군 서면,경상사고,0,0,6,0,차대차 - 측면직각충돌,중앙선침범,건조,맑음,단일로 - 기타,승합,남,47세,상해없음,승용,여,41세,경상
2014012200100222,2014년 1월 22일 12시,수요일,강원도 홍천군 홍천읍,경상사고,0,0,1,0,차대사람 - 기타,안전운전불이행,건조,맑음,단일로 - 기타,화물,남,49세,상해없음,보행자,여,40세,경상
2014012200100223,2014년 1월 22일 12시,수요일,강원도 태백시 황지동,경상사고,0,0,3,0,차대차 - 측면직각충돌,교차로운행방법위반,건조,맑음,교차로 - 교차로안,승용,남,68세,상해없음,승용,남,29세,경상
2014012200100270,2014년 1월 22일 14시,수요일,강원도 원주시 명륜동,경상사고,0,0,1,0,차대차 - 기타,안전운전불이행,결빙,맑음,단일로 - 기타,승용,여,32세,상해없음,승용,남,53세,경상
2014012200100340,2014년 1월 22일 16시,수요일,강원도 강릉시 옥천동,경상사고,0,0,1,0,차대사람 - 기타,안전운전불이행,적설,맑음,단일로 - 기타,기타불명,기타불명,기타불명,기타불명,보행자,여,68세,경상
2014012200100341,2014년 1월 22일 16시,수요일,강원도 평창군 봉평면,경상사고,0,0,2,0,차대차 - 측면직각충돌,안전운전불이행,결빙,맑음,단일로 - 기타,승용,여,25세,상해없음,승용,남,52세,경상
2014012200100362,2014년 1월 22일 17시,수요일,강원도 춘천시 근화동,경상사고,0,0,1,0,차대차 - 기타,안전운전불이행,건조,맑음,단일로 - 기타,승용,남,34세,상해없음,승용,남,64세,경상
2014012200100363,2014년 1월 22일 17시,수요일,강원도 속초시 동명동,경상사고,0,0,1,0,차대사람 - 횡단중,안전운전불이행,결빙,맑음,단일로 - 기타,승용,남,38세,상해없음,보행자,남,36세,경상
2014012200100364,2014년 1월 22일 17시,수요일,강원도 삼척시 하장면,경상사고,0,0,1,0,차대차 - 측면직각충돌,안전운전불이행,결빙,흐림,단일로 - 기타,화물,남,32세,상해없음,승용,남,41세,경상
2014012200100390,2014년 1월 22일 18시,수요일,강원도 원주시 단계동,경상사고,0,0,1,0,차대차 - 측면직각충돌,안전운전불이행,습기,흐림,교차로 - 교차로부근,화물,남,65세,상해없음,승용,여,56세,경상
2014012200100391,2014년 1월 22일 18시,수요일,강원도 영월군 영월읍,경상사고,0,0,1,0,차대사람 - 보도통행중,보행자보호의무위반,건조,맑음,단일로 - 기타,승용,남,46세,상해없음,보행자,남,7세,경상
2014012200100392,2014년 1월 22일 18시,수요일,강원도 태백시 문곡동,경상사고,0,0,1,0,차대차 - 추돌 - 주정차중,안전거리미확보,건조,맑음,단일로 - 기타,승용,남,57세,상해없음,승용,여,55세,상해없음
2014012200100484,2014년 1월 22일 20시,수요일,강원도 춘천시 석사동,경상사고,0,0,2,0,차대차 - 기타,안전운전불이행,건조,맑음,교차로 - 교차로부근,승용,남,59세,상해없음,승합,남,56세,경상
2014012300100032,2014년 1월 23일 01시,목요일,강원도 춘천시 온의동,경상사고,0,0,1,0,차대사람 - 기타,기타,건조,맑음,교차로 - 교차로안,승용,남,45세,상해없음,보행자,남,49세,경상
2014012300100033,2014년 1월 23일 01시,목요일,강원도 원주시 단계동,경상사고,0,0,3,0,차대차 - 측면직각충돌,교차로운행방법위반,건조,맑음,교차로 - 교차로안,승용,남,30세,상해없음,승용,남,27세,경상
2014012300100087,2014년 1월 23일 06시,목요일,강원도 원주시 단계동,중상사고,0,1,0,0,차대사람 - 기타,안전운전불이행,건조,맑음,단일로 - 기타,승용,남,21세,상해없음,보행자,남,23세,중상
2014012300100105,2014년 1월 23일 07시,목요일,강원도 춘천시 근화동,경상사고,0,0,1,0,차대차 - 기타,신호위반,건조,맑음,교차로 - 교차로안,승용,남,56세,상해없음,승용,여,22세,경상
2014012300100169,2014년 1월 23일 09시,목요일,강원도 동해시 대구동,경상사고,0,0,2,0,차대차 - 측면직각충돌,안전운전불이행,결빙,맑음,단일로 - 기타,승용,남,77세,상해없음,승용,남,58세,경상
2014012300100224,2014년 1월 23일 11시,목요일,강원도 동해시 천곡동,경상사고,0,0,1,0,차대차 - 기타,안전운전불이행,습기,맑음,단일로 - 기타,승용,여,48세,상해없음,화물,남,62세,경상
2014012300100252,2014년 1월 23일 12시,목요일,강원도 양양군 양양읍,경상사고,0,0,4,0,차대차 - 측면직각충돌,안전운전불이행,결빙,눈,교차로 - 교차로안,승용,남,55세,상해없음,승용,여,44세,경상
2014012300100274,2014년 1월 23일 13시,목요일,강원도 춘천시 소양로1가,경상사고,0,0,5,0,차대차 - 측면직각충돌,신호위반,건조,맑음,교차로 - 교차로안,승용,여,49세,상해없음,승용,남,45세,경상
2014012300100275,2014년 1월 23일 13시,목요일,강원도 강릉시 주문진읍,경상사고,0,0,2,0,차대차 - 측면직각충돌,안전거리미확보,습기,맑음,교차로 - 교차로부근,승용,여,42세,상해없음,화물,남,52세,경상
2014012300100276,2014년 1월 23일 13시,목요일,강원도 강릉시 주문진읍,중상사고,0,1,0,0,차대차 - 기타,안전운전불이행,적설,맑음,단일로 - 기타,화물,남,60세,상해없음,승용,남,60세,중상
2014012300100305,2014년 1월 23일 14시,목요일,강원도 원주시 신림면,사망사고,1,0,1,0,차량단독 - 공작물충돌,안전운전불이행,건조,맑음,단일로 - 기타,승용,남,67세,경상,,,,
2014012300100330,2014년 1월 23일 15시,목요일,강원도 원주시 단계동,경상사고,0,0,1,0,차대차 - 기타,중앙선침범,건조,맑음,교차로 - 교차로부근,승용,남,37세,상해없음,화물,남,45세,상해없음
2014012300100331,2014년 1월 23일 15시,목요일,강원도 원주시 학성동,중상사고,0,1,0,0,차대차 - 기타,안전거리미확보,건조,맑음,단일로 - 기타,승용,남,54세,상해없음,승용,남,42세,상해없음
2014012300100368,2014년 1월 23일 16시,목요일,강원도 철원군 동송읍,중상사고,0,1,0,0,차대사람 - 횡단중,안전운전불이행,건조,맑음,단일로 - 기타,승용,여,67세,상해없음,보행자,남,57세,중상
2014012300100422,2014년 1월 23일 18시,목요일,강원도 춘천시 후평동,경상사고,0,0,1,0,차대차 - 측면직각충돌,직진우회전진행방해,건조,맑음,교차로 - 교차로안,승용,남,23세,상해없음,원동기,남,33세,경상
2014012300100423,2014년 1월 23일 18시,목요일,강원도 원주시 명륜동,경상사고,0,0,4,0,차대차 - 기타,안전운전불이행,건조,맑음,단일로 - 기타,승용,남,42세,상해없음,승용,남,69세,경상
2014012300100471,2014년 1월 23일 19시,목요일,강원도 춘천시 근화동,경상사고,0,0,1,0,차대차 - 측면직각충돌,직진우회전진행방해,건조,맑음,교차로 - 교차로안,승용,여,46세,상해없음,승용,여,27세,경상
2014012300100472,2014년 1월 23일 19시,목요일,강원도 춘천시 석사동,경상사고,0,0,2,0,차대차 - 측면직각충돌,안전운전불이행,건조,맑음,교차로 - 교차로부근,승용,남,51세,상해없음,승용,여,31세,경상
2014012300100473,2014년 1월 23일 19시,목요일,강원도 강릉시 교동,경상사고,0,0,2,0,차대차 - 측면직각충돌,중앙선침범,결빙,맑음,단일로 - 기타,승용,남,64세,상해없음,승용,남,56세,경상
2014012400100038,2014년 1월 24일 01시,금요일,강원도 강릉시 내곡동,경상사고,0,0,1,0,차대차 - 측면직각충돌,중앙선침범,결빙,흐림,단일로 - 기타,승용,남,23세,상해없음,승용,남,58세,경상
2014012400100054,2014년 1월 24일 02시,금요일,강원도 원주시 단구동,경상사고,0,0,1,0,차대차 - 기타,교차로운행방법위반,건조,맑음,교차로 - 교차로안,승용,남,50세,상해없음,승용,남,51세,경상
2014012400100146,2014년 1월 24일 08시,금요일,강원도 춘천시 석사동,경상사고,0,0,1,0,차대차 - 추돌 - 주정차중,안전운전불이행,건조,맑음,교차로 - 교차로부근,승용,남,33세,상해없음,승합,남,58세,경상
2014012400100169,2014년 1월 24일 09시,금요일,강원도 원주시 단계동,중상사고,0,1,0,0,차대차 - 추돌 - 진행중,차로위반,건조,맑음,단일로 - 기타,승용,여,48세,상해없음,승용,남,39세,중상
2014012400100198,2014년 1월 24일 10시,금요일,강원도 원주시 단구동,경상사고,0,0,1,0,차대차 - 측면직각충돌,차로위반,건조,맑음,교차로 - 교차로부근,승용,남,27세,상해없음,화물,남,50세,경상
2014012400100199,2014년 1월 24일 10시,금요일,강원도 삼척시 남양동,경상사고,0,0,2,0,차대차 - 측면직각충돌,교차로운행방법위반,건조,맑음,교차로 - 교차로안,승용,남,57세,상해없음,화물,남,49세,상해없음
2014012400100222,2014년 1월 24일 11시,금요일,강원도 강릉시 옥천동,경상사고,0,0,1,0,차대차 - 추돌 - 주정차중,안전운전불이행,건조,맑음,교차로 - 교차로부근,승용,남,25세,상해없음,승용,남,36세,경상
2014012400100223,2014년 1월 24일 11시,금요일,강원도 홍천군 두촌면,경상사고,0,0,1,0,차대차 - 기타,안전운전불이행,건조,맑음,교차로 - 교차로부근,화물,남,59세,상해없음,화물,남,54세,경상
2014012400100244,2014년 1월 24일 12시,금요일,강원도 동해시 발한동,경상사고,0,0,3,0,차대차 - 측면직각충돌,안전운전불이행,건조,맑음,단일로 - 기타,승용,남,51세,상해없음,승합,남,56세,경상
2014012400100266,2014년 1월 24일 13시,금요일,강원도 춘천시 후평동,경상사고,0,0,1,0,차대사람 - 기타,안전운전불이행,건조,맑음,단일로 - 기타,승용,남,50세,상해없음,보행자,여,72세,경상
2014012400100267,2014년 1월 24일 13시,금요일,강원도 홍천군 동면,경상사고,0,0,1,0,차대차 - 측면직각충돌,직진우회전진행방해,건조,맑음,교차로 - 교차로안,승용,여,45세,상해없음,이륜,남,45세,경상
2014012400100288,2014년 1월 24일 14시,금요일,강원도 원주시 명륜동,경상사고,0,0,1,0,차대사람 - 길가장자리구역통행중,안전운전불이행,건조,맑음,단일로 - 기타,기타불명,기타불명,기타불명,기타불명,보행자,여,45세,경상
2014012400100309,2014년 1월 24일 15시,금요일,강원도 원주시 반곡동,경상사고,0,0,2,0,차대차 - 기타,안전운전불이행,건조,맑음,단일로 - 기타,승합,여,47세,상해없음,승용,남,27세,경상
2014012400100310,2014년 1월 24일 15시,금요일,강원도 속초시 조양동,중상사고,0,1,0,0,차대사람 - 기타,안전운전불이행,습기,맑음,단일로 - 기타,승용,여,55세,상해없음,보행자,남,9세,중상
2014012400100347,2014년 1월 24일 16시,금요일,강원도 춘천시 서면,경상사고,0,0,2,0,차대차 - 측면직각충돌,안전운전불이행,습기,흐림,교차로 - 교차로안,승용,남,47세,상해없음,승용,남,47세,경상
2014012400100376,2014년 1월 24일 17시,금요일,강원도 춘천시 석사동,중상사고,0,1,1,0,차대차 - 측면직각충돌,신호위반,건조,맑음,교차로 - 교차로안,승용,여,40세,상해없음,승용,여,53세,경상
2014012400100377,2014년 1월 24일 17시,금요일,강원도 원주시 관설동,경상사고,0,0,2,0,차대차 - 측면직각충돌,직진우회전진행방해,건조,맑음,교차로 - 교차로안,승용,여,56세,상해없음,승용,남,53세,경상
2014012400100417,2014년 1월 24일 18시,금요일,강원도 강릉시 임당동,경상사고,0,0,1,0,차대차 - 기타,안전운전불이행,건조,맑음,단일로 - 기타,승용,여,43세,상해없음,원동기,남,27세,경상
2014012400100418,2014년 1월 24일 18시,금요일,강원도 원주시 태장동,중상사고,0,1,1,0,차대사람 - 기타,안전운전불이행,건조,맑음,교차로 - 교차로안,승용,남,49세,상해없음,보행자,여,44세,중상
2014012400100480,2014년 1월 24일 19시,금요일,강원도 춘천시 근화동,중상사고,0,1,0,0,차대사람 - 기타,안전운전불이행,건조,맑음,단일로 - 기타,승용,남,50세,상해없음,보행자,남,53세,중상
2014012400100481,2014년 1월 24일 19시,금요일,강원도 춘천시 근화동,경상사고,0,0,1,0,차대차 - 기타,기타,건조,맑음,단일로 - 기타,승용,여,40세,상해없음,승용,남,47세,경상
2014012400100482,2014년 1월 24일 19시,금요일,강원도 강릉시 포남동,중상사고,0,1,0,0,차대차 - 기타,신호위반,건조,맑음,교차로 - 교차로안,화물,남,39세,상해없음,원동기,남,19세,중상
2014012400100483,2014년 1월 24일 19시,금요일,강원도 원주시 개운동,경상사고,0,0,1,0,차대차 - 측면직각충돌,신호위반,건조,맑음,교차로 - 교차로안,승합,남,54세,상해없음,승용,남,47세,경상