사고번호,사고일시,요일,시군구,사고내용,사망자수,중상자수,경상자수,부상신고자수,사고유형,법규위반,노면상태,기상상태,도로형태,가해운전자 차종,가해운전자 성별,가해운전자 연령,가해운전자 상해정도,피해운전자 차종,피해운전자 성별,피해운전자 연령,피해운전자 상해정도
2014012400100484,2014년 1월 24일 19시,금요일,강원도 원주시 명륜동,경상사고,0,0,1,0,차대차 - 추돌 - 진행중,중앙선침범,건조,맑음,단일로 - 기타,승용,남,57세,상해없음,이륜,남,35세,경상
2014012400100485,2014년 1월 24일 19시,금요일,강원도 원주시 중앙동,경상사고,0,0,4,0,차대차 - 추돌 - 진행중,안전운전불이행,습기,맑음,교차로 - 교차로부근,승용,여,53세,상해없음,승용,남,58세,경상
2014012400100486,2014년 1월 24일 19시,금요일,강원도 원주시 문막읍,경상사고,0,0,1,0,차대차 - 추돌 - 진행중,중앙선침범,건조,맑음,교차로 - 교차로부근,승용,여,35세,상해없음,승용,여,51세,경상
2014012400100487,2014년 1월 24일 19시,금요일,강원도 동해시 부곡동,경상사고,0,0,2,0,차대차 - 추돌 - 진행중,안전거리미확보,건조,맑음,단일로 - 기타,승용,남,18세,상해없음,승용,남,59세,경상
2014012400100533,2014년 1월 24일 20시,금요일,강원도 원주시 명륜동,경상사고,0,0,1,0,차대사람 - 횡단중,안전운전불이행,건조,흐림,교차로 - 교차로부근,승용,여,38세,상해없음,보행자,남,60세,경상
2014012400100571,2014년 1월 24일 21시,금요일,강원도 원주시 단구동,경상사고,0,0,1,0,차대차 - 정면충돌,신호위반,건조,맑음,교차로 - 교차로안,승용,남,33세,상해없음,승용,여,61세,경상
2014012400100572,2014년 1월 24일 21시,금요일,강원도 원주시 가현동,경상사고,0,0,1,0,차대차 - 기타,중앙선침범,건조,맑음,교차로 - 교차로부근,승용,남,44세,상해없음,승용,남,38세,경상
2014012400100573,2014년 1월 24일 21시,금요일,강원도 원주시 태장동,경상사고,0,0,1,0,차대사람 - 기타,안전운전불이행,건조,맑음,단일로 - 기타,승용,남,61세,상해없음,보행자,남,14세,경상
2014012400100659,2014년 1월 24일 23시,금요일,강원도 속초시 조양동,경상사고,0,0,1,0,차대사람 - 길가장자리구역통행중,안전운전불이행,건조,맑음,단일로 - 기타,승용,남,41세,상해없음,보행자,남,35세,경상
2014012500100016,2014년 1월 25일 00시,토요일,강원도 원주시 단구동,경상사고,0,0,1,0,차대차 - 측면직각충돌,신호위반,건조,맑음,교차로 - 교차로안,승용,남,42세,상해없음,승용,남,55세,경상
2014012500100042,2014년 1월 25일 01시,토요일,강원도 원주시 단계동,중상사고,0,1,1,0,차대차 - 기타,안전운전불이행,건조,맑음,교차로 - 교차로부근,승합,남,38세,상해없음,승용,남,52세,중상
2014012500100043,2014년 1월 25일 01시,토요일,강원도 홍천군 서면,경상사고,0,0,1,0,차대차 - 기타,중앙선침범,건조,맑음,단일로 - 기타,승용,남,25세,상해없음,승용,남,22세,경상
2014012500100084,2014년 1월 25일 03시,토요일,강원도 춘천시 퇴계동,경상사고,0,0,1,0,차대차 - 측면직각충돌,안전운전불이행,건조,맑음,교차로 - 교차로안,승용,남,42세,상해없음,승용,남,32세,경상
2014012500100085,2014년 1월 25일 03시,토요일,강원도 원주시 무실동,경상사고,0,0,2,0,차대차 - 측면직각충돌,직진우회전진행방해,건조,맑음,교차로 - 교차로안,승용,남,59세,상해없음,승용,남,31세,경상
2014012500100086,2014년 1월 25일 03시,토요일,강원도 원주시 문막읍,경상사고,0,0,1,0,차대차 - 측면직각충돌,안전운전불이행,건조,맑음,단일로 - 기타,승용,여,27세,상해없음,승용,남,57세,경상
2014012500100173,2014년 1월 25일 08시,토요일,강원도 속초시 교동,경상사고,0,0,1,0,차대사람 - 횡단중,신호위반,건조,맑음,단일로 - 횡단보도상,화물,남,61세,상해없음,보행자,여,41세,경상
2014012500100204,2014년 1월 25일 09시,토요일,강원도 춘천시 사농동,경상사고,0,0,4,0,차대차 - 측면직각충돌,교차로운행방법위반,건조,맑음,교차로 - 교차로안,승용,남,48세,기타불명,승합,남,35세,경상
2014012500100223,2014년 1월 25일 10시,토요일,강원도 춘천시 근화동,경상사고,0,0,1,0,차대차 - 측면직각충돌,안전운전불이행,건조,맑음,단일로 - 기타,승용,남,49세,상해없음,자전거,여,43세,경상
2014012500100224,2014년 1월 25일 10시,토요일,강원도 고성군 토성면,경상사고,0,0,1,0,차대차 - 측면직각충돌,직진우회전진행방해,습기,비,교차로 - 교차로부근,승용,남,62세,상해없음,승용,여,19세,경상
2014012500100244,2014년 1월 25일 11시,토요일,강원도 평창군 대관령면,경상사고,0,0,5,0,차대차 - 측면직각충돌,신호위반,건조,맑음,교차로 - 교차로안,승용,남,21세,상해없음,승용,남,44세,경상
2014012500100263,2014년 1월 25일 12시,토요일,강원도 춘천시 후평동,중상사고,0,1,0,0,차대사람 - 기타,안전운전불이행,습기,비,단일로 - 기타,승용,남,32세,상해없음,보행자,남,74세,중상
2014012500100264,2014년 1월 25일 12시,토요일,강원도 화천군 사내면,중상사고,0,3,0,0,차대차 - 정면충돌,중앙선침범,습기,비,단일로 - 기타,화물,남,40세,중상,화물,남,69세,중상
2014012500100265,2014년 1월 25일 12시,토요일,강원도 태백시 소도동,경상사고,0,0,1,0,차대사람 - 기타,안전운전불이행,건조,맑음,단일로 - 기타,승용,남,38세,상해없음,보행자,남,60세,경상
2014012500100298,2014년 1월 25일 13시,토요일,강원도 춘천시 서면,중상사고,0,1,0,0,차대사람 - 기타,안전운전불이행,습기,비,단일로 - 기타,승용,남,51세,상해없음,보행자,남,11세,중상
2014012500100299,2014년 1월 25일 13시,토요일,강원도 원주시 무실동,중상사고,0,2,6,0,차대차 - 측면직각충돌,안전운전불이행,습기,비,단일로 - 기타,승용,남,51세,상해없음,승합,남,43세,경상
2014012500100324,2014년 1월 25일 14시,토요일,강원도 춘천시 칠전동,중상사고,0,2,0,0,차대차 - 추돌 - 주정차중,안전거리미확보,습기,비,교차로 - 교차로부근,승용,여,27세,상해없음,승용,여,56세,중상
2014012500100325,2014년 1월 25일 14시,토요일,강원도 화천군 화천읍,경상사고,0,0,3,0,차대차 - 기타,중앙선침범,습기,맑음,단일로 - 기타,승용,남,32세,상해없음,승용,남,34세,경상
2014012500100351,2014년 1월 25일 15시,토요일,강원도 춘천시 동면,중상사고,0,3,1,0,차대차 - 측면직각충돌,중앙선침범,습기,비,단일로 - 기타,승용,여,27세,상해없음,승합,남,54세,중상
2014012500100352,2014년 1월 25일 15시,토요일,강원도 강릉시 강문동,중상사고,0,1,2,0,차대차 - 추돌 - 진행중,안전운전불이행,습기,비,교차로 - 교차로안,화물,남,42세,상해없음,승용,남,28세,경상
2014012500100375,2014년 1월 25일 16시,토요일,강원도 정선군 남면,중상사고,0,10,17,0,차대차 - 추돌 - 진행중,안전운전불이행,습기,비,단일로 - 기타,승합,남,40세,중상,승용,남,36세,상해없음
2014012500100403,2014년 1월 25일 17시,토요일,강원도 원주시 단계동,경상사고,0,0,1,0,차대차 - 기타,안전거리미확보,건조,맑음,단일로 - 기타,기타불명,기타불명,기타불명,기타불명,기타불명,여,17세,경상
2014012500100435,2014년 1월 25일 18시,토요일,강원도 동해시 천곡동,경상사고,0,0,2,0,차대차 - 기타,안전운전불이행,건조,맑음,교차로 - 교차로부근,승용,남,45세,상해없음,승합,남,43세,상해없음
2014012500100574,2014년 1월 25일 22시,토요일,강원도 춘천시 석사동,경상사고,0,0,3,0,차대차 - 추돌 - 주정차중,안전운전불이행,기타,안개,교차로 - 교차로부근,승용,남,42세,상해없음,승용,남,34세,경상
2014012500100601,2014년 1월 25일 23시,토요일,강원도 평창군 봉평면,경상사고,0,0,2,0,차대차 - 추돌 - 주정차중,안전운전불이행,건조,맑음,단일로 - 기타,승용,남,27세,상해없음,승용,남,27세,경상
2014012600100009,2014년 1월 26일 00시,일요일,강원도 인제군 북면,사망사고,1,2,0,0,차량단독 - 공작물충돌,안전운전불이행,결빙,맑음,단일로 - 기타,승용,남,47세,사망,,,,
2014012600100033,2014년 1월 26일 02시,일요일,강원도 원주시 단구동,중상사고,0,1,0,0,차대차 - 기타,안전운전불이행,건조,맑음,교차로 - 교차로안,승용,남,40세,상해없음,이륜,남,23세,중상
2014012600100050,2014년 1월 26일 04시,일요일,강원도 동해시 천곡동,경상사고,0,0,3,0,차대차 - 측면직각충돌,직진우회전진행방해,건조,맑음,교차로 - 교차로안,승용,남,49세,상해없음,승용,남,41세,경상
2014012600100063,2014년 1월 26일 05시,일요일,강원도 원주시 단계동,경상사고,0,0,2,0,차대차 - 기타,불법유턴,건조,맑음,단일로 - 기타,화물,남,28세,상해없음,승용,남,57세,경상
2014012600100064,2014년 1월 26일 05시,일요일,강원도 원주시 태장동,경상사고,0,0,1,0,차대차 - 추돌 - 주정차중,안전운전불이행,결빙,맑음,단일로 - 기타,승용,여,52세,경상,화물,남,45세,기타불명
2014012600100087,2014년 1월 26일 07시,일요일,강원도 춘천시 송암동,중상사고,0,1,0,0,차대차 - 측면직각충돌,중앙선침범,결빙,맑음,단일로 - 기타,승용,남,47세,기타불명,화물,남,59세,중상
2014012600100088,2014년 1월 26일 07시,일요일,강원도 평창군 진부면,중상사고,0,1,0,0,차량단독 - 공작물충돌,안전운전불이행,결빙,맑음,단일로 - 기타,화물,남,27세,상해없음,,,,
2014012600100089,2014년 1월 26일 07시,일요일,강원도 동해시 이로동,중상사고,0,1,1,0,차대차 - 정면충돌,중앙선침범,적설,눈,단일로 - 기타,승용,남,60세,상해없음,화물,남,56세,중상
2014012600100105,2014년 1월 26일 08시,일요일,강원도 원주시 지정면,경상사고,0,0,3,0,차대차 - 측면직각충돌,교차로운행방법위반,결빙,맑음,교차로 - 교차로부근,화물,남,37세,경상,승용,여,44세,경상
2014012600100106,2014년 1월 26일 08시,일요일,강원도 삼척시 교동,중상사고,0,1,0,0,차대차 - 정면충돌,중앙선침범,적설,눈,단일로 - 기타,승용,남,37세,상해없음,승용,남,63세,중상
2014012600100107,2014년 1월 26일 08시,일요일,강원도 홍천군 홍천읍,중상사고,0,1,2,0,차대차 - 기타,안전운전불이행,건조,맑음,단일로 - 기타,승용,남,34세,상해없음,승용,남,51세,경상
2014012600100123,2014년 1월 26일 09시,일요일,강원도 강릉시 주문진읍,경상사고,0,0,1,0,차대차 - 측면직각충돌,안전운전불이행,결빙,맑음,교차로 - 교차로안,승용,남,40세,상해없음,승합,남,40세,경상
2014012600100124,2014년 1월 26일 09시,일요일,강원도 원주시 가현동,경상사고,0,0,1,0,차대차 - 측면직각충돌,안전운전불이행,건조,맑음,단일로 - 기타,승합,남,67세,상해없음,승용,남,56세,경상
2014012600100125,2014년 1월 26일 09시,일요일,강원도 원주시 소초면,중상사고,0,1,0,0,차대차 - 추돌 - 진행중,안전거리미확보,건조,맑음,단일로 - 기타,승용,남,45세,상해없음,자전거,여,72세,중상
2014012600100126,2014년 1월 26일 09시,일요일,강원도 원주시 소초면,중상사고,0,1,0,0,차량단독 - 공작물충돌,안전운전불이행,건조,맑음,교차로 - 교차로안,승용,남,50세,상해없음,,,,
2014012600100145,2014년 1월 26일 10시,일요일,강원도 홍천군 화촌면,중상사고,0,1,1,0,차대차 - 정면충돌,중앙선침범,결빙,맑음,단일로 - 기타,승용,남,49세,상해없음,화물,남,55세,경상
2014012600100146,2014년 1월 26일 10시,일요일,강원도 동해시 발한동,경상사고,0,0,1,0,차대사람 - 기타,안전운전불이행,적설,눈,단일로 - 기타,승합,남,49세,상해없음,보행자,남,62세,경상
2014012600100236,2014년 1월 26일 14시,일요일,강원도 원주시 단계동,중상사고,0,1,1,0,차대차 - 측면직각충돌,안전운전불이행,건조,맑음,단일로 - 기타,승용,남,70세,상해없음,승용,남,40세,경상
2014012600100253,2014년 1월 26일 15시,일요일,강원도 원주시 문막읍,경상사고,0,0,2,0,차대차 - 추돌 - 진행중,안전거리미확보,건조,맑음,단일로 - 기타,승용,남,51세,상해없음,승용,남,31세,경상
2014012600100280,2014년 1월 26일 16시,일요일,강원도 춘천시 동내면,경상사고,0,0,1,0,차대차 - 측면직각충돌,신호위반,건조,맑음,교차로 - 교차로안,승용,남,61세,기타불명,승용,여,36세,경상
2014012600100281,2014년 1월 26일 16시,일요일,강원도 원주시 명륜동,중상사고,0,1,1,0,차대차 - 측면직각충돌,교차로운행방법위반,건조,맑음,교차로 - 교차로안,승용,여,47세,중상,승용,남,25세,경상
2014012600100327,2014년 1월 26일 18시,일요일,강원도 원주시 태장동,경상사고,0,0,2,0,차대차 - 추돌 - 진행중,안전운전불이행,건조,맑음,단일로 - 기타,화물,남,68세,상해없음,승용,남,30세,경상
2014012600100328,2014년 1월 26일 18시,일요일,강원도 홍천군 북방면,중상사고,0,2,2,0,차대차 - 측면직각충돌,직진우회전진행방해,건조,맑음,교차로 - 교차로안,승용,남,70세,상해없음,승용,여,37세,경상
2014012600100353,2014년 1월 26일 19시,일요일,강원도 홍천군 서석면,중상사고,0,1,0,0,차대차 - 기타,중앙선침범,건조,맑음,기타 - 기타,승용,여,50세,상해없음,승용,남,32세,중상
2014012600100379,2014년 1월 26일 20시,일요일,강원도 원주시 단계동,경상사고,0,0,2,0,차대차 - 추돌 - 주정차중,안전운전불이행,건조,맑음,단일로 - 기타,승용,남,37세,상해없음,승용,남,26세,경상
2014012700100006,2014년 1월 27일 00시,월요일,강원도 원주시 명륜동,경상사고,0,0,1,0,차대사람 - 횡단중,보행자보호의무위반,건조,맑음,교차로 - 교차로부근,승용,남,51세,상해없음,보행자,남,22세,경상
2014012700100007,2014년 1월 27일 00시,월요일,강원도 속초시 교동,경상사고,0,0,2,0,차대차 - 측면직각충돌,신호위반,건조,맑음,교차로 - 교차로안,승용,남,22세,상해없음,승용,남,56세,경상
2014012700100060,2014년 1월 27일 06시,월요일,강원도 원주시 문막읍,경상사고,0,0,2,0,차대차 - 측면직각충돌,신호위반,건조,맑음,교차로 - 교차로안,승합,남,58세,상해없음,승용,남,44세,경상
2014012700100078,2014년 1월 27일 07시,월요일,강원도 동해시 발한동,경상사고,0,0,1,0,차대차 - 추돌 - 진행중,직진우회전진행방해,결빙,맑음,교차로 - 교차로안,승용,남,47세,상해없음,승용,남,28세,경상
2014012700100103,2014년 1월 27일 08시,월요일,강원도 평창군 봉평면,경상사고,0,0,2,0,차대차 - 측면직각충돌,안전운전불이행,기타,맑음,단일로 - 기타,승용,남,19세,상해없음,승용,여,40세,경상
2014012700100104,2014년 1월 27일 08시,월요일,강원도 횡성군 둔내면,경상사고,0,0,1,0,차대차 - 기타,안전운전불이행,건조,맑음,단일로 - 기타,승용,여,41세,상해없음,건설기계,남,36세,상해없음
2014012700100131,2014년 1월 27일 09시,월요일,강원도 춘천시 소양로2가,경상사고,0,0,1,0,차대차 - 기타,교차로운행방법위반,건조,맑음,교차로 - 교차로안,승용,여,41세,상해없음,승용,남,59세,경상
2014012700100164,2014년 1월 27일 10시,월요일,강원도 춘천시 근화동,경상사고,0,0,1,0,차대차 - 기타,교차로운행방법위반,건조,맑음,교차로 - 교차로안,승용,여,37세,상해없음,승용,여,60세,경상
2014012700100165,2014년 1월 27일 10시,월요일,강원도 춘천시 동면,경상사고,0,0,1,0,차대차 - 측면직각충돌,기타,건조,맑음,단일로 - 기타,승용,남,59세,상해없음,승용,여,39세,경상
2014012700100188,2014년 1월 27일 11시,월요일,강원도 춘천시 효자동,중상사고,0,2,1,0,차대차 - 기타,기타,건조,맑음,단일로 - 기타,승용,남,39세,상해없음,승용,남,50세,중상
2014012700100211,2014년 1월 27일 12시,월요일,강원도 춘천시 온의동,경상사고,0,0,1,0,차대차 - 측면직각충돌,안전거리미확보,건조,맑음,단일로 - 기타,원동기,남,81세,상해없음,승용,여,41세,상해없음
2014012700100212,2014년 1월 27일 12시,월요일,강원도 양양군 양양읍,경상사고,0,0,1,0,차대차 - 측면직각충돌,교차로운행방법위반,건조,맑음,교차로 - 교차로안,승용,여,43세,상해없음,승용,남,68세,경상
2014012700100241,2014년 1월 27일 13시,월요일,강원도 원주시 단계동,경상사고,0,0,1,0,차대차 - 측면직각충돌,교차로운행방법위반,건조,맑음,교차로 - 교차로안,승용,여,45세,상해없음,승용,여,56세,경상
2014012700100242,2014년 1월 27일 13시,월요일,강원도 원주시 지정면,중상사고,0,1,2,0,차대차 - 측면직각충돌,안전거리미확보,건조,맑음,교차로 - 교차로부근,승용,여,52세,상해없음,승용,남,25세,경상
2014012700100243,2014년 1월 27일 13시,월요일,강원도 양양군 양양읍,경상사고,0,0,1,0,차대차 - 측면직각충돌,신호위반,건조,맑음,교차로 - 교차로안,승용,남,37세,상해없음,승용,남,46세,상해없음
2014012700100244,2014년 1월 27일 13시,월요일,강원도 철원군 동송읍,경상사고,0,0,1,0,차대차 - 측면직각충돌,교차로운행방법위반,건조,맑음,교차로 - 교차로안,화물,남,48세,상해없음,승용,여,47세,경상
2014012700100245,2014년 1월 27일 13시,월요일,강원도 철원군 철원읍,중상사고,0,2,0,0,차량단독 - 공작물충돌,안전운전불이행,건조,맑음,단일로 - 기타,승용,남,63세,중상,,,,
2014012700100275,2014년 1월 27일 14시,월요일,강원도 춘천시 우두동,중상사고,0,1,0,0,차대사람 - 기타,안전운전불이행,결빙,흐림,단일로 - 기타,승용,여,52세,상해없음,보행자,여,58세,중상
2014012700100276,2014년 1월 27일 14시,월요일,강원도 강릉시 두산동,경상사고,0,0,2,0,차대차 - 측면직각충돌,안전운전불이행,건조,맑음,단일로 - 기타,승합,남,23세,상해없음,승합,남,33세,경상
2014012700100311,2014년 1월 27일 15시,월요일,강원도 춘천시 석사동,경상사고,0,0,5,0,차대차 - 기타,기타,건조,맑음,단일로 - 기타,승용,여,47세,상해없음,승용,여,41세,경상
2014012700100345,2014년 1월 27일 16시,월요일,강원도 원주시 관설동,경상사고,0,0,1,0,차대차 - 기타,교차로운행방법위반,건조,맑음,교차로 - 교차로안,승용,남,61세,상해없음,원동기,남,44세,경상
2014012700100346,2014년 1월 27일 16시,월요일,강원도 고성군 토성면,중상사고,0,1,1,0,차대차 - 정면충돌,신호위반,건조,맑음,교차로 - 교차로안,승용,여,44세,상해없음,승용,남,57세,경상
2014012700100372,2014년 1월 27일 17시,월요일,강원도 춘천시 근화동,경상사고,0,0,4,0,차대차 - 기타,안전거리미확보,건조,맑음,단일로 - 기타,승용,남,69세,상해없음,승합,남,39세,경상
2014012700100406,2014년 1월 27일 18시,월요일,강원도 횡성군 횡성읍,중상사고,0,1,0,0,차대차 - 정면충돌,교차로운행방법위반,건조,맑음,교차로 - 교차로안,승용,여,44세,상해없음,승용,남,22세,중상
2014012700100464,2014년 1월 27일 20시,월요일,강원도 강릉시 포남동,경상사고,0,0,1,0,차대차 - 측면직각충돌,안전운전불이행,건조,맑음,교차로 - 교차로안,승용,남,56세,상해없음,승용,여,35세,경상
2014012700100465,2014년 1월 27일 20시,월요일,강원도 원주시 단구동,경상사고,0,0,1,0,차대사람 - 기타,안전운전불이행,건조,맑음,기타 - 기타,화물,남,57세,상해없음,보행자,남,40세,경상
2014012700100505,2014년 1월 27일 21시,월요일,강원도 원주시 일산동,경상사고,0,0,1,0,차대사람 - 횡단중,보행자보호의무위반,건조,맑음,교차로 - 교차로부근,승용,여,26세,상해없음,보행자,남,34세,경상
2014012700100506,2014년 1월 27일 21시,월요일,강원도 동해시 송정동,중상사고,0,1,0,0,차대사람 - 기타,안전운전불이행,건조,맑음,교차로 - 교차로안,승용,남,37세,상해없음,보행자,여,56세,중상
2014012700100563,2014년 1월 27일 23시,월요일,강원도 원주시 단계동,경상사고,0,0,1,0,차대차 - 측면직각충돌,안전운전불이행,건조,맑음,단일로 - 기타,승용,여,26세,기타불명,승용,여,31세,경상
2014012800100006,2014년 1월 28일 00시,화요일,강원도 춘천시 효자동,경상사고,0,0,1,0,차량단독 - 공작물충돌,안전운전불이행,습기,맑음,기타 - 기타,승용,남,24세,상해없음,,,,
2014012800100007,2014년 1월 28일 00시,화요일,강원도 원주시 명륜동,경상사고,0,0,3,0,차대차 - 측면직각충돌,신호위반,건조,맑음,교차로 - 교차로안,승용,남,63세,상해없음,승용,여,45세,경상
2014012800100156,2014년 1월 28일 07시,화요일,강원도 삼척시 정상동,경상사고,0,0,1,0,차대차 - 측면직각충돌,안전운전불이행,건조,맑음,단일로 - 기타,승용,남,62세,상해없음,자전거,남,66세,경상
2014012800100157,2014년 1월 28일 07시,화요일,강원도 태백시 황지동,중상사고,0,1,0,0,차대사람 - 횡단중,안전운전불이행,습기,맑음,단일로 - 횡단보도부근,승용,남,28세,상해없음,보행자,여,71세,중상
2014012800100194,2014년 1월 28일 08시,화요일,강원도 원주시 단계동,경상사고,0,0,3,0,차대차 - 추돌 - 진행중,안전거리미확보,건조,맑음,단일로 - 기타,승용,여,47세,상해없음,승용,남,54세,상해없음
2014012800100195,2014년 1월 28일 08시,화요일,강원도 원주시 봉산동,경상사고,0,0,1,0,차대차 - 측면직각충돌,교차로운행방법위반,건조,맑음,교차로 - 교차로부근,승용,여,57세,상해없음,승용,남,33세,경상
2014012800100238,2014년 1월 28일 09시,화요일,강원도 원주시 반곡동,중상사고,0,1,0,0,차대차 - 측면직각충돌,신호위반,건조,맑음,교차로 - 교차로안,승용,여,24세,상해없음,승합,남,63세,중상
2014012800100239,2014년 1월 28일 09시,화요일,강원도 홍천군 홍천읍,중상사고,0,1,0,0,차대사람 - 횡단중,보행자보호의무위반,건조,맑음,교차로 - 교차로안,화물,남,59세,상해없음,보행자,여,55세,중상
2014012800100270,2014년 1월 28일 10시,화요일,강원도 정선군 화암면,중상사고,0,1,0,0,차대사람 - 기타,안전운전불이행,건조,맑음,교차로 - 교차로안,승합,남,53세,상해없음,보행자,여,76세,중상
2014012800100330,2014년 1월 28일 12시,화요일,강원도 평창군 진부면,경상사고,0,0,3,0,차대차 - 측면직각충돌,안전운전불이행,건조,맑음,교차로 - 교차로부근,승용,남,76세,상해없음,승용,남,58세,경상
2014012800100362,2014년 1월 28일 13시,화요일,강원도 원주시 관설동,중상사고,0,1,0,0,차대차 - 추돌 - 진행중,신호위반,건조,맑음,교차로 - 교차로안,화물,남,59세,상해없음,승용,남,56세,상해없음
2014012800100398,2014년 1월 28일 14시,화요일,강원도 원주시 태장동,중상사고,0,1,2,0,차대차 - 측면직각충돌,안전운전불이행,건조,맑음,단일로 - 기타,승용,남,52세,경상,승용,여,53세,경상
2014012800100399,2014년 1월 28일 14시,화요일,강원도 원주시 학성동,중상사고,0,1,1,0,차대차 - 추돌 - 주정차중,안전운전불이행,건조,맑음,단일로 - 기타,승용,남,36세,경상,승용,남,55세,중상
2014012800100400,2014년 1월 28일 14시,화요일,강원도 원주시 단계동,부상신고사고,0,0,0,1,차대차 - 추돌 - 진행중,안전운전불이행,건조,맑음,교차로 - 교차로부근,이륜,남,18세,부상신고,기타불명,기타불명,기타불명,기타불명
2014012800100401,2014년 1월 28일 14시,화요일,강원도 원주시 명륜동,경상사고,0,0,1,0,차대차 - 측면직각충돌,교차로운행방법위반,건조,맑음,교차로 - 교차로안,승용,여,52세,상해없음,화물,남,60세,경상
2014012800100433,2014년 1월 28일 15시,화요일,강원도 원주시 우산동,경상사고,0,0,3,0,차대차 - 정면충돌,교차로운행방법위반,건조,맑음,교차로 - 교차로안,승용,남,52세,경상,건설기계,남,44세,경상
2014012800100434,2014년 1월 28일 15시,화요일,강원도 삼척시 도계읍,경상사고,0,0,3,0,차대차 - 추돌 - 진행중,안전운전불이행,건조,맑음,교차로 - 교차로안,승용,여,37세,경상,승용,남,59세,경상
2014012800100435,2014년 1월 28일 15시,화요일,강원도 평창군 평창읍,경상사고,0,0,2,0,차대차 - 측면직각충돌,중앙선침범,건조,맑음,단일로 - 기타,화물,남,62세,상해없음,승용,남,42세,경상
2014012800100511,2014년 1월 28일 17시,화요일,강원도 속초시 영랑동,경상사고,0,0,1,0,차대차 - 측면직각충돌,직진우회전진행방해,건조,맑음,교차로 - 교차로안,승용,남,50세,상해없음,화물,남,57세,경상
2014012800100552,2014년 1월 28일 18시,화요일,강원도 춘천시 신북읍,중상사고,0,1,0,0,차대차 - 측면직각충돌,직진우회전진행방해,건조,맑음,교차로 - 교차로안,승용,남,59세,상해없음,원동기,남,75세,중상
2014012800100588,2014년 1월 28일 19시,화요일,강원도 춘천시 석사동,중상사고,0,1,2,0,차대차 - 측면직각충돌,신호위반,건조,맑음,교차로 - 교차로안,승용,남,41세,상해없음,승합,남,25세,경상
2014012800100589,2014년 1월 28일 19시,화요일,강원도 춘천시 동면,중상사고,0,1,0,0,차대차 - 측면직각충돌,신호위반,건조,맑음,교차로 - 교차로안,승합,남,36세,상해없음,승용,여,30세,중상
2014012800100590,2014년 1월 28일 19시,화요일,강원도 강릉시 교동,경상사고,0,0,1,0,차대차 - 측면직각충돌,교차로운행방법위반,건조,맑음,단일로 - 기타,승용,남,24세,상해없음,화물,남,36세,경상
2014012800100591,2014년 1월 28일 19시,화요일,강원도 원주시 관설동,경상사고,0,0,1,0,차대차 - 측면직각충돌,교차로운행방법위반,건조,맑음,교차로 - 교차로안,승용,남,35세,상해없음,이륜,남,37세,경상
2014012800100619,2014년 1월 28일 20시,화요일,강원도 원주시 단구동,경상사고,0,0,1,0,차대사람 - 횡단중,보행자보호의무위반,습기,맑음,교차로 - 교차로안,승합,남,50세,상해없음,보행자,남,31세,경상
2014012800100620,2014년 1월 28일 20시,화요일,강원도 속초시 동명동,경상사고,0,0,1,0,차대사람 - 보도통행중,안전운전불이행,건조,맑음,단일로 - 기타,승용,여,51세,상해없음,보행자,남,33세,경상
2014012900100015,2014년 1월 29일 00시,수요일,강원도 원주시 반곡동,경상사고,0,0,3,0,차대차 - 측면직각충돌,교차로운행방법위반,건조,맑음,교차로 - 교차로안,승용,남,42세,경상,승용,여,36세,경상
2014012900100016,2014년 1월 29일 00시,수요일,강원도 원주시 명륜동,경상사고,0,0,1,0,차대차 - 측면직각충돌,직진우회전진행방해,건조,맑음,교차로 - 교차로안,승용,남,40세,상해없음,이륜,남,19세,경상
2014012900100080,2014년 1월 29일 05시,수요일,강원도 원주시 태장동,경상사고,0,0,1,0,차대차 - 기타,안전운전불이행,건조,맑음,교차로 - 교차로부근,승용,기타불명,기타불명,기타불명,승용,남,58세,경상
2014012900100129,2014년 1월 29일 08시,수요일,강원도 춘천시 동면,중상사고,0,1,0,0,차대사람 - 기타,안전운전불이행,건조,맑음,교차로 - 교차로부근,승용,여,44세,상해없음,보행자,남,66세,중상
2014012900100194,2014년 1월 29일 10시,수요일,강원도 강릉시 사천면,경상사고,0,0,3,0,차대차 - 추돌 - 주정차중,안전거리미확보,건조,맑음,단일로 - 기타,승용,남,35세,경상,화물,남,36세,상해없음
2014012900100195,2014년 1월 29일 10시,수요일,강원도 강릉시 강동면,경상사고,0,0,2,0,차대차 - 추돌 - 진행중,안전거리미확보,건조,맑음,단일로 - 기타,승용,남,43세,상해없음,승용,여,33세,경상
2014012900100217,2014년 1월 29일 11시,수요일,강원도 춘천시 후평동,중상사고,0,1,0,0,차대차 - 측면직각충돌,신호위반,건조,맑음,교차로 - 교차로안,원동기,남,47세,중상,승용,여,58세,상해없음
2014012900100256,2014년 1월 29일 12시,수요일,강원도 고성군 거진읍,경상사고,0,0,1,0,차대차 - 측면직각충돌,안전운전불이행,건조,맑음,교차로 - 교차로안,승용,여,43세,상해없음,이륜,남,59세,경상