사고번호,사고일시,요일,시군구,사고내용,사망자수,중상자수,경상자수,부상신고자수,사고유형,법규위반,노면상태,기상상태,도로형태,가해운전자 차종,가해운전자 성별,가해운전자 연령,가해운전자 상해정도,피해운전자 차종,피해운전자 성별,피해운전자 연령,피해운전자 상해정도
2014021100100181,2014년 2월 11일 11시,화요일,강원도 원주시 무실동,경상사고,0,0,1,0,차대차 - 측면직각충돌,안전운전불이행,건조,맑음,단일로 - 기타,승용,여,48세,상해없음,자전거,남,14세,경상
2014021100100220,2014년 2월 11일 12시,화요일,강원도 원주시 문막읍,경상사고,0,0,2,0,차대차 - 측면직각충돌,신호위반,건조,맑음,교차로 - 교차로안,승용,여,44세,경상,화물,남,79세,경상
2014021100100269,2014년 2월 11일 14시,화요일,강원도 영월군 북면,사망사고,1,0,0,0,차대차 - 측면직각충돌,중앙선침범,건조,맑음,단일로 - 기타,특수,남,56세,상해없음,이륜,남,73세,사망
2014021100100270,2014년 2월 11일 14시,화요일,강원도 홍천군 홍천읍,경상사고,0,0,1,0,차대사람 - 길가장자리구역통행중,안전운전불이행,건조,맑음,단일로 - 기타,승용,남,57세,상해없음,보행자,남,41세,경상
2014021100100292,2014년 2월 11일 15시,화요일,강원도 원주시 단계동,중상사고,0,4,37,0,차량단독 - 공작물충돌,안전운전불이행,건조,맑음,교차로 - 교차로부근,승합,남,48세,상해없음,,,,
2014021100100322,2014년 2월 11일 16시,화요일,강원도 원주시 문막읍,경상사고,0,0,1,0,차대사람 - 횡단중,보행자보호의무위반,건조,맑음,단일로 - 기타,승용,남,42세,상해없음,보행자,남,16세,경상
2014021100100352,2014년 2월 11일 17시,화요일,강원도 원주시 무실동,경상사고,0,0,1,0,차대차 - 기타,차로위반,건조,맑음,단일로 - 기타,승합,남,43세,상해없음,승용,남,53세,상해없음
2014021100100353,2014년 2월 11일 17시,화요일,강원도 원주시 판부면,중상사고,0,1,3,0,차대차 - 추돌 - 진행중,안전운전불이행,건조,맑음,기타 - 기타,화물,남,41세,상해없음,승용,남,20세,중상
2014021100100375,2014년 2월 11일 18시,화요일,강원도 원주시 단계동,경상사고,0,0,1,0,차대차 - 추돌 - 주정차중,안전거리미확보,건조,맑음,단일로 - 기타,승용,여,53세,상해없음,승용,여,34세,경상
2014021100100376,2014년 2월 11일 18시,화요일,강원도 원주시 반곡동,중상사고,0,1,0,0,차대차 - 측면직각충돌,안전거리미확보,건조,맑음,단일로 - 기타,승용,여,32세,상해없음,원동기,남,35세,중상
2014021100100397,2014년 2월 11일 19시,화요일,강원도 삼척시 남양동,경상사고,0,0,1,0,차대차 - 측면직각충돌,안전운전불이행,습기,흐림,교차로 - 교차로안,승용,남,41세,상해없음,원동기,남,17세,경상
2014021100100432,2014년 2월 11일 20시,화요일,강원도 춘천시 동내면,경상사고,0,0,1,0,차대사람 - 기타,안전운전불이행,건조,맑음,교차로 - 교차로안,승용,남,44세,상해없음,보행자,남,49세,경상
2014021100100433,2014년 2월 11일 20시,화요일,강원도 삼척시 교동,경상사고,0,0,2,0,차대차 - 측면직각충돌,안전운전불이행,습기,흐림,단일로 - 기타,화물,남,39세,상해없음,승용,남,45세,경상
2014021100100463,2014년 2월 11일 21시,화요일,강원도 춘천시 석사동,경상사고,0,0,1,0,차대차 - 기타,안전운전불이행,건조,기타,기타 - 기타,승용,남,49세,상해없음,원동기,남,17세,경상
2014021100100464,2014년 2월 11일 21시,화요일,강원도 원주시 중앙동,중상사고,0,1,1,0,차대사람 - 차도통행중,안전운전불이행,건조,맑음,단일로 - 기타,원동기,남,37세,상해없음,보행자,남,52세,중상
2014021100100515,2014년 2월 11일 23시,화요일,강원도 원주시 호저면,경상사고,0,0,1,0,차대차 - 측면직각충돌,신호위반,건조,기타,교차로 - 교차로안,승용,남,37세,기타불명,화물,남,37세,경상
2014021100100516,2014년 2월 11일 23시,화요일,강원도 원주시 무실동,경상사고,0,0,1,0,차대차 - 측면직각충돌,안전운전불이행,건조,맑음,단일로 - 기타,승용,여,23세,경상,승용,여,51세,상해없음
2014021200100076,2014년 2월 12일 06시,수요일,강원도 원주시 단계동,경상사고,0,0,1,0,차대차 - 측면직각충돌,안전운전불이행,건조,맑음,단일로 - 기타,승용,남,46세,상해없음,이륜,남,57세,경상
2014021200100094,2014년 2월 12일 07시,수요일,강원도 고성군 죽왕면,중상사고,0,2,0,0,차대차 - 측면직각충돌,안전거리미확보,결빙,맑음,단일로 - 기타,화물,남,20세,상해없음,승용,남,29세,중상
2014021200100118,2014년 2월 12일 08시,수요일,강원도 원주시 개운동,경상사고,0,0,3,0,차대차 - 추돌 - 주정차중,안전거리미확보,건조,맑음,교차로 - 교차로부근,승용,남,45세,경상,승용,여,45세,상해없음
2014021200100144,2014년 2월 12일 09시,수요일,강원도 강릉시 노암동,경상사고,0,0,1,0,차대차 - 측면직각충돌,안전운전불이행,적설,맑음,교차로 - 교차로안,승용,남,46세,상해없음,승용,여,66세,경상
2014021200100186,2014년 2월 12일 11시,수요일,강원도 원주시 태장동,경상사고,0,0,2,0,차대차 - 측면직각충돌,직진우회전진행방해,건조,맑음,교차로 - 교차로안,화물,남,44세,상해없음,승용,남,30세,경상
2014021200100238,2014년 2월 12일 13시,수요일,강원도 춘천시 후평동,경상사고,0,0,2,0,차대차 - 측면직각충돌,신호위반,건조,맑음,교차로 - 교차로안,승용,남,75세,상해없음,승용,남,67세,경상
2014021200100239,2014년 2월 12일 13시,수요일,강원도 춘천시 퇴계동,경상사고,0,0,1,0,차대사람 - 기타,교차로운행방법위반,건조,맑음,단일로 - 횡단보도부근,승용,남,72세,상해없음,보행자,여,73세,경상
2014021200100266,2014년 2월 12일 14시,수요일,강원도 춘천시 동면,중상사고,0,1,0,0,차대차 - 측면직각충돌,교차로운행방법위반,건조,맑음,교차로 - 교차로안,승용,남,25세,상해없음,승용,여,35세,중상
2014021200100267,2014년 2월 12일 14시,수요일,강원도 춘천시 중앙로2가,경상사고,0,0,1,0,차대사람 - 기타,안전운전불이행,건조,맑음,단일로 - 기타,승용,남,24세,상해없음,보행자,여,19세,경상
2014021200100268,2014년 2월 12일 14시,수요일,강원도 원주시 단구동,중상사고,0,1,0,0,차대차 - 기타,안전운전불이행,건조,맑음,단일로 - 기타,화물,여,40세,상해없음,자전거,남,73세,중상
2014021200100269,2014년 2월 12일 14시,수요일,강원도 철원군 동송읍,경상사고,0,0,1,0,차대차 - 측면직각충돌,교차로운행방법위반,건조,맑음,교차로 - 교차로안,승용,남,43세,상해없음,자전거,남,68세,경상
2014021200100297,2014년 2월 12일 15시,수요일,강원도 강릉시 사천면,경상사고,0,0,1,0,차대차 - 추돌 - 진행중,안전운전불이행,건조,맑음,단일로 - 기타,승용,남,61세,기타불명,승용,남,50세,경상
2014021200100390,2014년 2월 12일 18시,수요일,강원도 영월군 영월읍,중상사고,0,1,0,0,차대차 - 기타,안전운전불이행,건조,맑음,단일로 - 기타,화물,남,70세,상해없음,승용,남,36세,중상
2014021200100438,2014년 2월 12일 19시,수요일,강원도 원주시 무실동,경상사고,0,0,3,0,차대차 - 측면직각충돌,직진우회전진행방해,건조,맑음,교차로 - 교차로안,승용,여,55세,경상,승용,남,68세,경상
2014021200100439,2014년 2월 12일 19시,수요일,강원도 화천군 간동면,중상사고,0,1,0,0,차대차 - 측면직각충돌,안전운전불이행,건조,맑음,기타 - 기타,기타불명,기타불명,기타불명,기타불명,승용,남,56세,중상
2014021200100477,2014년 2월 12일 20시,수요일,강원도 동해시 단봉동,중상사고,0,1,1,0,차대차 - 측면직각충돌,안전운전불이행,결빙,흐림,단일로 - 기타,승용,남,20세,상해없음,승용,남,29세,경상
2014021200100522,2014년 2월 12일 22시,수요일,강원도 원주시 개운동,경상사고,0,0,2,0,차대차 - 기타,안전거리미확보,건조,맑음,교차로 - 교차로부근,이륜,남,17세,경상,승용,여,46세,상해없음
2014021300100011,2014년 2월 13일 00시,목요일,강원도 춘천시 소양로3가,중상사고,0,2,0,0,차대차 - 측면직각충돌,직진우회전진행방해,건조,맑음,교차로 - 교차로안,승용,남,53세,상해없음,승용,남,50세,중상
2014021300100027,2014년 2월 13일 01시,목요일,강원도 동해시 용정동,경상사고,0,0,1,0,차대차 - 측면직각충돌,안전운전불이행,적설,눈,단일로 - 기타,승용,남,25세,상해없음,승용,남,50세,경상
2014021300100039,2014년 2월 13일 02시,목요일,강원도 강릉시 입암동,경상사고,0,0,1,0,차대차 - 추돌 - 주정차중,안전운전불이행,적설,눈,교차로 - 교차로부근,승용,남,29세,상해없음,특수,남,39세,경상
2014021300100061,2014년 2월 13일 05시,목요일,강원도 춘천시 석사동,경상사고,0,0,1,0,차대차 - 측면직각충돌,직진우회전진행방해,건조,맑음,교차로 - 교차로안,승용,남,68세,상해없음,승용,여,53세,경상
2014021300100072,2014년 2월 13일 06시,목요일,강원도 춘천시 퇴계동,경상사고,0,0,2,0,차대차 - 측면직각충돌,신호위반,건조,맑음,교차로 - 교차로안,승용,남,59세,상해없음,승용,남,71세,경상
2014021300100073,2014년 2월 13일 06시,목요일,강원도 철원군 근남면,중상사고,0,1,0,0,차량단독 - 공작물충돌,안전운전불이행,결빙,맑음,단일로 - 기타,화물,남,65세,중상,,,,
2014021300100089,2014년 2월 13일 07시,목요일,강원도 원주시 인동,경상사고,0,0,3,0,차대차 - 추돌 - 주정차중,안전운전불이행,건조,맑음,단일로 - 기타,승용,남,44세,기타불명,승용,남,31세,경상
2014021300100090,2014년 2월 13일 07시,목요일,강원도 양양군 손양면,경상사고,0,0,5,0,차대차 - 추돌 - 주정차중,안전운전불이행,적설,눈,교차로 - 교차로부근,승용,남,36세,상해없음,승합,여,61세,경상
2014021300100123,2014년 2월 13일 08시,목요일,강원도 춘천시 효자동,사망사고,1,0,0,0,차대사람 - 횡단중,보행자보호의무위반,건조,맑음,단일로 - 횡단보도상,승용,여,40세,상해없음,보행자,여,80세,사망
2014021300100124,2014년 2월 13일 08시,목요일,강원도 원주시 단구동,경상사고,0,0,1,0,차대차 - 측면직각충돌,교차로운행방법위반,건조,맑음,교차로 - 교차로부근,승용,남,58세,상해없음,자전거,남,11세,경상
2014021300100166,2014년 2월 13일 09시,목요일,강원도 강릉시 유산동,경상사고,0,0,1,0,차대차 - 측면직각충돌,안전운전불이행,기타,기타,교차로 - 교차로부근,승합,남,41세,상해없음,승용,남,37세,경상
2014021300100167,2014년 2월 13일 09시,목요일,강원도 원주시 단계동,경상사고,0,0,2,0,차대차 - 측면직각충돌,신호위반,건조,맑음,교차로 - 교차로안,승용,남,45세,경상,승용,여,50세,경상
2014021300100193,2014년 2월 13일 10시,목요일,강원도 강릉시 옥천동,경상사고,0,0,1,0,차대차 - 추돌 - 주정차중,안전운전불이행,적설,눈,단일로 - 기타,건설기계,남,58세,상해없음,승용,남,34세,경상
2014021300100194,2014년 2월 13일 10시,목요일,강원도 정선군 북평면,경상사고,0,0,1,0,차대차 - 기타,안전운전불이행,건조,맑음,교차로 - 교차로안,화물,남,56세,상해없음,자전거,남,84세,경상
2014021300100209,2014년 2월 13일 11시,목요일,강원도 원주시 단계동,중상사고,0,1,0,0,차대차 - 측면직각충돌,차로위반,건조,맑음,교차로 - 교차로부근,승용,여,44세,상해없음,이륜,남,48세,중상
2014021300100210,2014년 2월 13일 11시,목요일,강원도 원주시 인동,경상사고,0,0,1,0,차대차 - 추돌 - 진행중,교차로운행방법위반,건조,맑음,교차로 - 교차로안,화물,여,65세,경상,승합,남,56세,상해없음
2014021300100211,2014년 2월 13일 11시,목요일,강원도 삼척시 미로면,경상사고,0,0,1,0,차대차 - 기타,안전운전불이행,적설,눈,단일로 - 기타,승용,남,41세,상해없음,승용,여,62세,경상
2014021300100243,2014년 2월 13일 13시,목요일,강원도 춘천시 퇴계동,경상사고,0,0,2,0,차대차 - 측면직각충돌,신호위반,건조,맑음,교차로 - 교차로안,원동기,남,18세,상해없음,승용,남,38세,경상
2014021300100271,2014년 2월 13일 14시,목요일,강원도 원주시 흥업면,중상사고,0,1,0,0,차대차 - 측면직각충돌,교차로운행방법위반,건조,맑음,교차로 - 교차로안,승용,여,57세,상해없음,승용,여,57세,중상
2014021300100272,2014년 2월 13일 14시,목요일,강원도 삼척시 정하동,중상사고,0,2,0,0,차대차 - 측면직각충돌,중앙선침범,적설,눈,교차로 - 교차로부근,승용,남,57세,상해없음,승용,남,51세,상해없음
2014021300100324,2014년 2월 13일 16시,목요일,강원도 춘천시 동면,경상사고,0,0,3,0,차대차 - 추돌 - 진행중,안전운전불이행,건조,맑음,교차로 - 교차로부근,화물,남,52세,경상,승용,남,47세,경상
2014021300100325,2014년 2월 13일 16시,목요일,강원도 동해시 천곡동,경상사고,0,0,3,0,차대차 - 측면직각충돌,교차로운행방법위반,적설,눈,교차로 - 교차로안,승용,남,59세,상해없음,승용,남,34세,상해없음
2014021300100347,2014년 2월 13일 17시,목요일,강원도 춘천시 퇴계동,경상사고,0,0,1,0,차대사람 - 기타,안전운전불이행,건조,맑음,단일로 - 기타,승용,여,41세,상해없음,보행자,남,44세,경상
2014021300100348,2014년 2월 13일 17시,목요일,강원도 원주시 개운동,경상사고,0,0,2,0,차대차 - 추돌 - 진행중,안전거리미확보,건조,맑음,교차로 - 교차로부근,승용,남,62세,상해없음,승용,남,22세,경상
2014021300100378,2014년 2월 13일 18시,목요일,강원도 원주시 단계동,중상사고,0,1,0,0,차대차 - 측면직각충돌,불법유턴,건조,맑음,교차로 - 교차로부근,승용,여,45세,상해없음,이륜,남,51세,중상
2014021300100379,2014년 2월 13일 18시,목요일,강원도 원주시 명륜동,경상사고,0,0,1,0,차대차 - 기타,차로위반,건조,맑음,교차로 - 교차로안,승용,남,53세,상해없음,이륜,남,28세,경상
2014021300100415,2014년 2월 13일 19시,목요일,강원도 영월군 영월읍,경상사고,0,0,1,0,차대차 - 정면충돌,교차로운행방법위반,건조,맑음,교차로 - 교차로안,화물,여,46세,상해없음,원동기,남,75세,경상
2014021300100416,2014년 2월 13일 19시,목요일,강원도 태백시 황지동,경상사고,0,0,8,0,차대차 - 추돌 - 주정차중,안전거리미확보,적설,눈,교차로 - 교차로부근,승용,남,62세,상해없음,승용,남,41세,경상
2014021300100519,2014년 2월 13일 22시,목요일,강원도 횡성군 횡성읍,중상사고,0,2,0,0,차대사람 - 길가장자리구역통행중,안전운전불이행,건조,맑음,단일로 - 기타,승용,남,28세,상해없음,보행자,남,19세,중상
2014021400100008,2014년 2월 14일 00시,금요일,강원도 원주시 우산동,경상사고,0,0,1,0,차대차 - 측면직각충돌,안전운전불이행,건조,맑음,단일로 - 기타,승용,여,45세,경상,승용,여,29세,상해없음
2014021400100066,2014년 2월 14일 05시,금요일,강원도 원주시 단계동,경상사고,0,0,2,0,차대차 - 추돌 - 진행중,불법유턴,건조,맑음,단일로 - 기타,승합,남,39세,상해없음,이륜,남,17세,경상
2014021400100083,2014년 2월 14일 06시,금요일,강원도 춘천시 동면,경상사고,0,0,1,0,차대차 - 측면직각충돌,안전거리미확보,건조,맑음,단일로 - 기타,승용,여,56세,상해없음,승용,여,42세,경상
2014021400100084,2014년 2월 14일 06시,금요일,강원도 원주시 명륜동,경상사고,0,0,1,0,차대차 - 측면직각충돌,안전거리미확보,건조,맑음,단일로 - 기타,화물,남,56세,상해없음,이륜,남,73세,경상
2014021400100119,2014년 2월 14일 08시,금요일,강원도 원주시 개운동,경상사고,0,0,2,0,차대차 - 측면직각충돌,교차로운행방법위반,건조,맑음,교차로 - 교차로안,승용,남,49세,상해없음,승용,여,50세,경상
2014021400100120,2014년 2월 14일 08시,금요일,강원도 양양군 양양읍,경상사고,0,0,1,0,차대차 - 추돌 - 진행중,안전운전불이행,적설,눈,단일로 - 기타,화물,여,37세,상해없음,승용,여,30세,경상
2014021400100121,2014년 2월 14일 08시,금요일,강원도 동해시 용정동,중상사고,0,1,0,0,차대차 - 측면직각충돌,안전운전불이행,적설,눈,단일로 - 기타,승용,남,50세,상해없음,승용,남,40세,상해없음
2014021400100158,2014년 2월 14일 10시,금요일,강원도 강릉시 포남동,경상사고,0,0,1,0,차대차 - 기타,안전운전불이행,습기,눈,기타 - 기타,승용,남,56세,상해없음,승용,남,64세,경상
2014021400100159,2014년 2월 14일 10시,금요일,강원도 횡성군 횡성읍,중상사고,0,1,0,0,차량단독 - 도로외이탈 - 기타,안전운전불이행,건조,맑음,단일로 - 기타,승용,여,59세,상해없음,,,,
2014021400100187,2014년 2월 14일 11시,금요일,강원도 태백시 화전동,경상사고,0,0,1,0,차대사람 - 기타,보행자보호의무위반,적설,눈,단일로 - 기타,승용,남,61세,상해없음,보행자,남,37세,경상
2014021400100233,2014년 2월 14일 13시,금요일,강원도 원주시 행구동,경상사고,0,0,1,0,차대차 - 기타,직진우회전진행방해,건조,맑음,교차로 - 교차로안,승용,남,54세,상해없음,승용,남,28세,경상
2014021400100265,2014년 2월 14일 14시,금요일,강원도 양구군 양구읍,중상사고,0,1,0,0,차대사람 - 횡단중,안전운전불이행,건조,맑음,교차로 - 교차로안,화물,남,57세,상해없음,보행자,여,77세,중상
2014021400100289,2014년 2월 14일 15시,금요일,강원도 원주시 개운동,중상사고,0,1,1,0,차대차 - 측면직각충돌,신호위반,건조,맑음,교차로 - 교차로안,승용,여,49세,상해없음,승용,남,52세,중상
2014021400100319,2014년 2월 14일 16시,금요일,강원도 원주시 개운동,중상사고,0,2,0,0,차대차 - 기타,안전거리미확보,건조,맑음,교차로 - 교차로안,승용,남,34세,상해없음,화물,남,30세,중상
2014021400100342,2014년 2월 14일 17시,금요일,강원도 춘천시 퇴계동,경상사고,0,0,3,0,차대차 - 측면직각충돌,안전운전불이행,건조,맑음,기타 - 기타,승용,남,44세,상해없음,승용,여,59세,경상
2014021400100343,2014년 2월 14일 17시,금요일,강원도 홍천군 홍천읍,경상사고,0,0,1,0,차대사람 - 기타,신호위반,건조,맑음,단일로 - 횡단보도상,승용,여,48세,상해없음,보행자,여,17세,경상
2014021400100377,2014년 2월 14일 18시,금요일,강원도 횡성군 안흥면,중상사고,0,1,0,0,차대사람 - 길가장자리구역통행중,안전운전불이행,건조,맑음,단일로 - 기타,승용,여,27세,상해없음,보행자,여,80세,중상
2014021400100426,2014년 2월 14일 19시,금요일,강원도 원주시 태장동,경상사고,0,0,2,0,차대차 - 측면직각충돌,신호위반,건조,맑음,교차로 - 교차로안,승용,여,35세,상해없음,승용,남,31세,경상
2014021400100427,2014년 2월 14일 19시,금요일,강원도 삼척시 미로면,중상사고,0,1,0,0,차대사람 - 길가장자리구역통행중,안전운전불이행,기타,흐림,단일로 - 기타,화물,남,60세,상해없음,보행자,남,60세,중상
2014021400100469,2014년 2월 14일 20시,금요일,강원도 춘천시 동내면,경상사고,0,0,2,0,차대차 - 측면직각충돌,신호위반,건조,맑음,교차로 - 교차로안,승용,남,55세,기타불명,승용,남,36세,경상
2014021400100470,2014년 2월 14일 20시,금요일,강원도 원주시 단계동,경상사고,0,0,1,0,차대차 - 측면직각충돌,중앙선침범,건조,맑음,교차로 - 교차로부근,승용,남,25세,상해없음,승용,남,30세,경상
2014021400100471,2014년 2월 14일 20시,금요일,강원도 삼척시 원덕읍,중상사고,0,1,0,0,차대차 - 추돌 - 진행중,안전운전불이행,습기,흐림,단일로 - 기타,화물,남,44세,중상,화물,남,45세,상해없음
2014021400100493,2014년 2월 14일 21시,금요일,강원도 원주시 단계동,경상사고,0,0,1,0,차대차 - 기타,안전거리미확보,건조,맑음,단일로 - 기타,승용,남,22세,상해없음,이륜,남,16세,경상
2014021400100527,2014년 2월 14일 22시,금요일,강원도 강릉시 난곡동,경상사고,0,0,2,0,차대차 - 기타,안전운전불이행,결빙,눈,교차로 - 교차로부근,승용,남,59세,상해없음,승용,남,49세,경상
2014021500100015,2014년 2월 15일 00시,토요일,강원도 고성군 토성면,경상사고,0,0,1,0,차대차 - 기타,안전운전불이행,결빙,흐림,미분류 - 미분류,승용,남,26세,상해없음,승용,남,46세,경상
2014021500100158,2014년 2월 15일 08시,토요일,강원도 춘천시 후평동,경상사고,0,0,1,0,차대차 - 기타,교차로운행방법위반,건조,맑음,교차로 - 교차로안,승용,남,33세,상해없음,원동기,남,46세,경상
2014021500100159,2014년 2월 15일 08시,토요일,강원도 원주시 인동,경상사고,0,0,1,0,차대차 - 측면직각충돌,교차로운행방법위반,건조,맑음,교차로 - 교차로안,승용,남,47세,상해없음,승용,여,45세,경상
2014021500100184,2014년 2월 15일 09시,토요일,강원도 원주시 지정면,중상사고,0,1,0,0,차대차 - 측면직각충돌,안전운전불이행,건조,맑음,단일로 - 기타,승용,남,21세,상해없음,승용,남,24세,중상
2014021500100185,2014년 2월 15일 09시,토요일,강원도 속초시 조양동,경상사고,0,0,1,0,차대차 - 측면직각충돌,안전거리미확보,결빙,맑음,단일로 - 기타,승합,남,21세,상해없음,승합,남,62세,경상
2014021500100186,2014년 2월 15일 09시,토요일,강원도 삼척시 도경동,경상사고,0,0,1,0,차대차 - 측면직각충돌,안전운전불이행,습기,맑음,교차로 - 교차로안,승용,남,53세,상해없음,승용,남,57세,상해없음
2014021500100209,2014년 2월 15일 10시,토요일,강원도 춘천시 칠전동,부상신고사고,0,0,0,4,차대차 - 추돌 - 주정차중,안전운전불이행,건조,맑음,단일로 - 기타,승용,여,29세,상해없음,승용,남,35세,부상신고
2014021500100252,2014년 2월 15일 12시,토요일,강원도 원주시 중앙동,경상사고,0,0,1,0,차대사람 - 기타,보행자보호의무위반,건조,맑음,단일로 - 횡단보도상,승용,여,48세,상해없음,보행자,남,45세,경상
2014021500100253,2014년 2월 15일 12시,토요일,강원도 원주시 명륜동,중상사고,0,1,0,0,차대사람 - 차도통행중,기타,건조,맑음,단일로 - 기타,승용,남,50세,상해없음,보행자,남,10세,중상
2014021500100254,2014년 2월 15일 12시,토요일,강원도 원주시 호저면,경상사고,0,0,1,0,차대차 - 기타,안전운전불이행,건조,맑음,교차로 - 교차로부근,승용,남,28세,상해없음,승용,남,41세,경상
2014021500100293,2014년 2월 15일 13시,토요일,강원도 원주시 일산동,경상사고,0,0,1,0,차대차 - 측면직각충돌,중앙선침범,건조,맑음,교차로 - 교차로부근,승용,남,41세,상해없음,원동기,남,28세,경상
2014021500100336,2014년 2월 15일 15시,토요일,강원도 춘천시 근화동,중상사고,0,1,2,0,차대차 - 기타,안전운전불이행,건조,맑음,기타 - 기타,승용,여,60세,중상,승용,남,27세,경상
2014021500100337,2014년 2월 15일 15시,토요일,강원도 강릉시 연곡면,경상사고,0,0,1,0,차대차 - 기타,안전운전불이행,적설,흐림,단일로 - 기타,승용,남,40세,상해없음,승용,남,39세,경상
2014021500100438,2014년 2월 15일 18시,토요일,강원도 원주시 단구동,경상사고,0,0,1,0,차대차 - 기타,중앙선침범,건조,맑음,단일로 - 기타,승용,남,27세,상해없음,원동기,남,17세,경상
2014021500100471,2014년 2월 15일 19시,토요일,강원도 강릉시 교동,경상사고,0,0,2,0,차대차 - 기타,안전운전불이행,습기,흐림,단일로 - 기타,승용,남,35세,상해없음,승용,남,24세,경상
2014021500100545,2014년 2월 15일 21시,토요일,강원도 동해시 발한동,경상사고,0,0,2,0,차대차 - 기타,안전운전불이행,결빙,맑음,단일로 - 기타,승용,남,59세,상해없음,승용,남,60세,기타불명
2014021500100576,2014년 2월 15일 22시,토요일,강원도 철원군 서면,중상사고,0,1,0,0,차대차 - 추돌 - 주정차중,안전운전불이행,건조,맑음,단일로 - 기타,승합,남,47세,중상,화물,남,59세,기타불명
2014021600100037,2014년 2월 16일 01시,일요일,강원도 원주시 단계동,경상사고,0,0,2,0,차대차 - 추돌 - 진행중,안전운전불이행,건조,맑음,교차로 - 교차로부근,승용,남,29세,상해없음,승용,여,51세,경상
2014021600100107,2014년 2월 16일 05시,일요일,강원도 춘천시 조양동,중상사고,0,1,0,1,차대차 - 측면직각충돌,안전운전불이행,건조,맑음,단일로 - 기타,승용,남,20세,상해없음,승용,남,23세,중상
2014021600100118,2014년 2월 16일 06시,일요일,강원도 속초시 금호동,중상사고,0,1,4,0,차대차 - 측면직각충돌,안전운전불이행,결빙,맑음,단일로 - 기타,승합,남,25세,상해없음,화물,여,39세,상해없음
2014021600100209,2014년 2월 16일 12시,일요일,강원도 춘천시 남산면,부상신고사고,0,0,0,10,차대차 - 측면직각충돌,신호위반,건조,맑음,교차로 - 교차로안,승용,남,21세,상해없음,승용,남,42세,부상신고
2014021600100261,2014년 2월 16일 15시,일요일,강원도 원주시 태장동,경상사고,0,0,5,0,차대차 - 기타,안전운전불이행,건조,맑음,교차로 - 교차로부근,화물,남,39세,상해없음,승용,여,28세,경상
2014021600100304,2014년 2월 16일 17시,일요일,강원도 춘천시 근화동,경상사고,0,0,1,0,차대차 - 기타,중앙선침범,건조,맑음,교차로 - 교차로부근,화물,남,30세,상해없음,승용,남,49세,상해없음
2014021600100361,2014년 2월 16일 19시,일요일,강원도 원주시 단계동,경상사고,0,0,3,0,차대차 - 추돌 - 진행중,안전거리미확보,건조,맑음,단일로 - 기타,승용,남,43세,상해없음,승용,남,39세,경상
2014021600100362,2014년 2월 16일 19시,일요일,강원도 횡성군 안흥면,경상사고,0,0,4,0,차대차 - 추돌 - 진행중,안전운전불이행,건조,맑음,기타 - 기타,승용,여,25세,상해없음,승용,여,40세,경상
2014021600100394,2014년 2월 16일 20시,일요일,강원도 원주시 일산동,부상신고사고,0,0,0,1,차대사람 - 기타,안전운전불이행,건조,맑음,단일로 - 기타,승용,남,58세,기타불명,보행자,여,18세,부상신고
2014021600100419,2014년 2월 16일 21시,일요일,강원도 동해시 쇄운동,경상사고,0,0,2,0,차대차 - 기타,안전운전불이행,결빙,맑음,단일로 - 기타,승용,남,38세,상해없음,화물,남,40세,경상
2014021600100436,2014년 2월 16일 22시,일요일,강원도 원주시 명륜동,중상사고,0,1,2,0,차대차 - 추돌 - 진행중,안전운전불이행,건조,맑음,단일로 - 기타,승용,남,18세,상해없음,승용,남,47세,중상
2014021700100018,2014년 2월 17일 02시,월요일,강원도 삼척시 교동,경상사고,0,0,1,0,차대차 - 추돌 - 진행중,안전운전불이행,결빙,흐림,단일로 - 기타,화물,남,55세,경상,화물,남,59세,상해없음
2014021700100025,2014년 2월 17일 04시,월요일,강원도 원주시 태장동,경상사고,0,0,1,0,차대차 - 측면직각충돌,불법유턴,건조,맑음,교차로 - 교차로안,승용,남,19세,상해없음,승용,남,32세,경상
2014021700100060,2014년 2월 17일 07시,월요일,강원도 동해시 천곡동,중상사고,0,1,0,0,차대차 - 정면충돌,중앙선침범,습기,흐림,단일로 - 기타,승합,남,36세,상해없음,승용,남,36세,중상
2014021700100084,2014년 2월 17일 08시,월요일,강원도 양양군 양양읍,중상사고,0,1,0,0,차량단독 - 공작물충돌,안전운전불이행,결빙,맑음,단일로 - 기타,승용,남,49세,상해없음,,,,
2014021700100132,2014년 2월 17일 10시,월요일,강원도 원주시 태장동,경상사고,0,0,1,0,차대차 - 측면직각충돌,신호위반,건조,맑음,교차로 - 교차로안,승용,남,56세,상해없음,승용,여,36세,경상
2014021700100133,2014년 2월 17일 10시,월요일,강원도 속초시 조양동,경상사고,0,0,1,0,차대차 - 측면직각충돌,안전운전불이행,적설,눈,단일로 - 기타,승용,여,28세,상해없음,승용,남,37세,경상
2014021700100176,2014년 2월 17일 12시,월요일,강원도 춘천시 근화동,경상사고,0,0,1,0,차대차 - 측면직각충돌,안전거리미확보,건조,맑음,교차로 - 교차로안,승용,남,61세,상해없음,승용,여,55세,경상
2014021700100177,2014년 2월 17일 12시,월요일,강원도 삼척시 사직동,중상사고,0,3,2,0,차대차 - 추돌 - 진행중,안전운전불이행,습기,비,단일로 - 기타,화물,남,41세,상해없음,승용,남,72세,중상