사고번호,사고일시,요일,시군구,사고내용,사망자수,중상자수,경상자수,부상신고자수,사고유형,법규위반,노면상태,기상상태,도로형태,가해운전자 차종,가해운전자 성별,가해운전자 연령,가해운전자 상해정도,피해운전자 차종,피해운전자 성별,피해운전자 연령,피해운전자 상해정도
2014021700100222,2014년 2월 17일 14시,월요일,강원도 강릉시 사천면,중상사고,0,1,1,0,차대차 - 기타,안전운전불이행,적설,눈,단일로 - 기타,승용,남,50세,상해없음,승용,남,26세,상해없음
2014021700100274,2014년 2월 17일 16시,월요일,강원도 춘천시 사농동,경상사고,0,0,1,0,차대차 - 측면직각충돌,안전운전불이행,건조,맑음,단일로 - 기타,승용,남,45세,상해없음,화물,남,44세,경상
2014021700100275,2014년 2월 17일 16시,월요일,강원도 춘천시 온의동,경상사고,0,0,1,0,차대차 - 기타,안전운전불이행,건조,맑음,단일로 - 기타,화물,여,50세,상해없음,승용,여,50세,경상
2014021700100300,2014년 2월 17일 17시,월요일,강원도 고성군 토성면,경상사고,0,0,1,0,차대차 - 기타,안전운전불이행,적설,눈,교차로 - 교차로안,승용,남,39세,상해없음,화물,남,58세,경상
2014021700100340,2014년 2월 17일 18시,월요일,강원도 강릉시 운정동,중상사고,0,1,0,0,차대사람 - 기타,안전운전불이행,적설,눈,교차로 - 교차로안,기타불명,기타불명,기타불명,기타불명,보행자,남,41세,중상
2014021700100341,2014년 2월 17일 18시,월요일,강원도 원주시 호저면,경상사고,0,0,7,0,차대차 - 측면직각충돌,불법유턴,건조,맑음,교차로 - 교차로안,화물,남,39세,상해없음,승합,남,53세,경상
2014021700100342,2014년 2월 17일 18시,월요일,강원도 평창군 대화면,경상사고,0,0,1,0,차대차 - 측면직각충돌,중앙선침범,습기,맑음,단일로 - 기타,승용,남,82세,상해없음,승용,남,34세,경상
2014021700100343,2014년 2월 17일 18시,월요일,강원도 평창군 대관령면,경상사고,0,0,1,0,차대차 - 측면직각충돌,중앙선침범,적설,눈,단일로 - 기타,승용,남,61세,상해없음,승용,남,47세,경상
2014021800100043,2014년 2월 18일 03시,화요일,강원도 원주시 우산동,경상사고,0,0,2,0,차대차 - 측면직각충돌,신호위반,건조,맑음,교차로 - 교차로안,승용,남,30세,상해없음,승용,남,46세,경상
2014021800100093,2014년 2월 18일 08시,화요일,강원도 횡성군 갑천면,사망사고,1,1,0,0,차량단독 - 도로외이탈 - 기타,안전운전불이행,건조,맑음,단일로 - 기타,화물,남,56세,사망,,,,
2014021800100116,2014년 2월 18일 09시,화요일,강원도 고성군 토성면,경상사고,0,0,5,0,차대차 - 정면충돌,중앙선침범,결빙,눈,단일로 - 기타,승용,남,25세,상해없음,승용,남,24세,경상
2014021800100135,2014년 2월 18일 10시,화요일,강원도 강릉시 송정동,경상사고,0,0,2,0,차대차 - 측면직각충돌,교차로운행방법위반,적설,눈,교차로 - 교차로안,승합,남,39세,상해없음,승용,남,53세,경상
2014021800100136,2014년 2월 18일 10시,화요일,강원도 삼척시 도계읍,경상사고,0,0,2,0,차대차 - 추돌 - 주정차중,안전운전불이행,적설,눈,단일로 - 기타,건설기계,남,46세,상해없음,승용,남,48세,경상
2014021800100137,2014년 2월 18일 10시,화요일,강원도 동해시 천곡동,중상사고,0,1,0,0,차대차 - 측면직각충돌,신호위반,습기,눈,교차로 - 교차로안,승용,남,49세,상해없음,승용,남,27세,중상
2014021800100156,2014년 2월 18일 11시,화요일,강원도 강릉시 연곡면,중상사고,0,1,1,0,차대사람 - 기타,안전운전불이행,건조,맑음,단일로 - 기타,승용,남,39세,상해없음,보행자,여,55세,중상
2014021800100157,2014년 2월 18일 11시,화요일,강원도 원주시 단계동,중상사고,0,2,1,0,차대차 - 측면직각충돌,교차로운행방법위반,건조,맑음,교차로 - 교차로안,승용,남,51세,경상,승용,여,58세,중상
2014021800100226,2014년 2월 18일 14시,화요일,강원도 태백시 화전동,경상사고,0,0,1,0,차대차 - 추돌 - 진행중,안전거리미확보,습기,흐림,단일로 - 기타,승합,남,53세,상해없음,승용,여,34세,경상
2014021800100289,2014년 2월 18일 17시,화요일,강원도 춘천시 남산면,중상사고,0,2,0,0,차량단독 - 전도전복,안전운전불이행,건조,맑음,단일로 - 교량,이륜,남,22세,중상,,,,
2014021800100321,2014년 2월 18일 18시,화요일,강원도 춘천시 동면,경상사고,0,0,1,0,차대차 - 측면직각충돌,중앙선침범,건조,맑음,단일로 - 기타,승용,남,35세,상해없음,이륜,남,22세,경상
2014021800100322,2014년 2월 18일 18시,화요일,강원도 춘천시 삼천동,경상사고,0,0,1,0,차대차 - 측면직각충돌,교차로운행방법위반,건조,맑음,교차로 - 교차로안,화물,남,32세,상해없음,승용,남,59세,상해없음
2014021800100323,2014년 2월 18일 18시,화요일,강원도 원주시 개운동,경상사고,0,0,1,0,차대사람 - 기타,안전운전불이행,건조,맑음,단일로 - 기타,기타불명,기타불명,기타불명,기타불명,보행자,남,15세,경상
2014021800100324,2014년 2월 18일 18시,화요일,강원도 홍천군 내면,경상사고,0,0,2,1,차대차 - 측면직각충돌,중앙선침범,건조,맑음,단일로 - 기타,승용,남,66세,상해없음,승용,남,53세,경상
2014021800100356,2014년 2월 18일 19시,화요일,강원도 강릉시 옥천동,경상사고,0,0,1,0,차대사람 - 기타,안전운전불이행,기타,기타,단일로 - 기타,화물,남,31세,상해없음,보행자,남,50세,경상
2014021800100387,2014년 2월 18일 20시,화요일,강원도 강릉시 주문진읍,경상사고,0,0,1,0,차대사람 - 길가장자리구역통행중,안전운전불이행,습기,흐림,교차로 - 교차로부근,승용,남,45세,상해없음,보행자,남,53세,경상
2014021800100388,2014년 2월 18일 20시,화요일,강원도 인제군 인제읍,중상사고,0,1,0,0,차대차 - 추돌 - 진행중,교차로운행방법위반,건조,맑음,교차로 - 교차로안,승용,남,27세,상해없음,원동기,남,47세,중상
2014021900100084,2014년 2월 19일 07시,수요일,강원도 원주시 문막읍,경상사고,0,0,2,0,차대차 - 측면직각충돌,신호위반,건조,맑음,교차로 - 교차로안,승용,남,68세,경상,승용,남,24세,경상
2014021900100099,2014년 2월 19일 08시,수요일,강원도 고성군 토성면,중상사고,0,1,1,0,차대차 - 정면충돌,중앙선침범,결빙,흐림,단일로 - 기타,승용,남,52세,상해없음,승용,남,60세,경상
2014021900100123,2014년 2월 19일 09시,수요일,강원도 춘천시 동내면,경상사고,0,0,1,0,차대차 - 기타,안전운전불이행,건조,맑음,기타 - 기타,승합,남,21세,상해없음,승용,여,50세,경상
2014021900100144,2014년 2월 19일 10시,수요일,강원도 태백시 화전동,경상사고,0,0,1,0,차대차 - 추돌 - 진행중,안전거리미확보,건조,맑음,교차로 - 교차로부근,특수,남,52세,상해없음,화물,남,57세,경상
2014021900100166,2014년 2월 19일 11시,수요일,강원도 춘천시 근화동,중상사고,0,1,0,0,차대차 - 기타,안전운전불이행,건조,맑음,기타 - 기타,승용,여,49세,상해없음,화물,남,45세,중상
2014021900100189,2014년 2월 19일 12시,수요일,강원도 원주시 명륜동,경상사고,0,0,3,0,차대차 - 측면직각충돌,교차로운행방법위반,건조,맑음,교차로 - 교차로안,승용,여,51세,상해없음,승용,여,43세,경상
2014021900100190,2014년 2월 19일 12시,수요일,강원도 원주시 호저면,경상사고,0,0,2,0,차대차 - 기타,안전거리미확보,건조,맑음,단일로 - 기타,승용,남,59세,상해없음,승용,여,32세,경상
2014021900100191,2014년 2월 19일 12시,수요일,강원도 동해시 천곡동,경상사고,0,0,1,0,차대차 - 기타,기타,건조,맑음,교차로 - 교차로안,화물,남,40세,상해없음,승합,남,43세,상해없음
2014021900100192,2014년 2월 19일 12시,수요일,강원도 동해시 효가동,경상사고,0,0,2,0,차대차 - 추돌 - 진행중,안전운전불이행,습기,맑음,교차로 - 교차로부근,승용,남,43세,상해없음,승용,남,56세,경상
2014021900100237,2014년 2월 19일 14시,수요일,강원도 속초시 중앙동,경상사고,0,0,2,0,차대차 - 추돌 - 주정차중,안전운전불이행,습기,맑음,단일로 - 기타,화물,남,64세,상해없음,승용,남,27세,경상
2014021900100238,2014년 2월 19일 14시,수요일,강원도 양구군 양구읍,사망사고,1,1,0,0,차대차 - 측면직각충돌,과속,건조,흐림,교차로 - 교차로안,화물,남,58세,상해없음,농기계,남,79세,사망
2014021900100239,2014년 2월 19일 14시,수요일,강원도 양구군 양구읍,경상사고,0,0,1,0,차대사람 - 횡단중,안전운전불이행,건조,흐림,교차로 - 교차로안,승용,여,52세,상해없음,보행자,남,2세,경상
2014021900100278,2014년 2월 19일 16시,수요일,강원도 원주시 호저면,경상사고,0,0,2,0,차대차 - 측면직각충돌,안전운전불이행,건조,맑음,단일로 - 기타,승용,여,53세,상해없음,승용,남,29세,경상
2014021900100279,2014년 2월 19일 16시,수요일,강원도 홍천군 내면,중상사고,0,1,3,0,차대차 - 기타,안전운전불이행,건조,맑음,단일로 - 기타,승용,여,42세,상해없음,화물,남,56세,기타불명
2014021900100335,2014년 2월 19일 18시,수요일,강원도 춘천시 후평동,중상사고,0,1,1,0,차대차 - 측면직각충돌,안전운전불이행,건조,맑음,단일로 - 기타,기타불명,기타불명,기타불명,기타불명,승용,남,57세,상해없음
2014021900100336,2014년 2월 19일 18시,수요일,강원도 홍천군 동면,경상사고,0,0,1,0,차대차 - 기타,직진우회전진행방해,건조,맑음,교차로 - 교차로안,승용,여,38세,상해없음,자전거,남,74세,경상
2014021900100337,2014년 2월 19일 18시,수요일,강원도 평창군 봉평면,경상사고,0,0,2,0,차대차 - 추돌 - 진행중,중앙선침범,건조,맑음,단일로 - 기타,승용,남,18세,상해없음,승용,남,24세,경상
2014021900100338,2014년 2월 19일 18시,수요일,강원도 평창군 진부면,경상사고,0,0,3,0,차대차 - 추돌 - 진행중,안전거리미확보,건조,맑음,단일로 - 기타,승용,여,70세,경상,승용,남,45세,상해없음
2014021900100381,2014년 2월 19일 19시,수요일,강원도 원주시 개운동,중상사고,0,1,0,0,차대차 - 측면직각충돌,교차로운행방법위반,건조,맑음,교차로 - 교차로안,화물,남,57세,상해없음,원동기,남,38세,중상
2014021900100440,2014년 2월 19일 21시,수요일,강원도 원주시 단구동,중상사고,0,1,0,0,차대차 - 측면직각충돌,안전운전불이행,건조,맑음,단일로 - 기타,승용,남,23세,상해없음,자전거,남,14세,중상
2014021900100469,2014년 2월 19일 22시,수요일,강원도 춘천시 후평동,경상사고,0,0,3,0,차대차 - 측면직각충돌,중앙선침범,건조,맑음,교차로 - 교차로부근,승용,남,36세,상해없음,승용,여,33세,경상
2014022000100053,2014년 2월 20일 03시,목요일,강원도 원주시 단계동,중상사고,0,3,1,0,차대차 - 측면직각충돌,교차로운행방법위반,건조,맑음,교차로 - 교차로안,승용,남,25세,상해없음,승용,남,26세,중상
2014022000100081,2014년 2월 20일 06시,목요일,강원도 원주시 단계동,중상사고,0,1,0,0,차대차 - 측면직각충돌,신호위반,건조,맑음,교차로 - 교차로안,승용,남,31세,상해없음,승용,여,54세,중상
2014022000100082,2014년 2월 20일 06시,목요일,강원도 삼척시 교동,중상사고,0,2,1,0,차대차 - 측면직각충돌,중앙선침범,적설,맑음,단일로 - 기타,건설기계,남,43세,경상,승용,남,49세,중상
2014022000100103,2014년 2월 20일 07시,목요일,강원도 강릉시 교동,경상사고,0,0,1,0,차대차 - 측면직각충돌,안전운전불이행,습기,맑음,기타 - 기타,승용,남,35세,상해없음,승용,남,41세,경상
2014022000100140,2014년 2월 20일 08시,목요일,강원도 원주시 태장동,경상사고,0,0,1,0,차대차 - 기타,안전운전불이행,건조,맑음,교차로 - 교차로부근,승용,남,29세,상해없음,승용,남,56세,경상
2014022000100141,2014년 2월 20일 08시,목요일,강원도 원주시 단계동,경상사고,0,0,1,1,차대차 - 추돌 - 진행중,교차로운행방법위반,건조,맑음,교차로 - 교차로부근,승용,여,54세,부상신고,승용,남,28세,경상
2014022000100142,2014년 2월 20일 08시,목요일,강원도 속초시 교동,경상사고,0,0,2,0,차대차 - 추돌 - 진행중,안전운전불이행,건조,맑음,단일로 - 기타,승용,남,61세,상해없음,화물,남,49세,경상
2014022000100143,2014년 2월 20일 08시,목요일,강원도 동해시 천곡동,중상사고,0,2,0,0,차대차 - 측면직각충돌,안전운전불이행,결빙,맑음,단일로 - 기타,승용,남,52세,상해없음,승용,남,59세,중상
2014022000100187,2014년 2월 20일 10시,목요일,강원도 원주시 무실동,중상사고,0,2,1,0,차대차 - 측면직각충돌,직진우회전진행방해,건조,맑음,교차로 - 교차로안,승합,남,31세,경상,승용,여,53세,중상
2014022000100188,2014년 2월 20일 10시,목요일,강원도 속초시 장사동,중상사고,0,1,2,0,차대차 - 측면직각충돌,안전운전불이행,결빙,맑음,단일로 - 기타,승용,여,43세,상해없음,승용,남,25세,경상
2014022000100300,2014년 2월 20일 15시,목요일,강원도 춘천시 후평동,중상사고,0,1,1,0,차대차 - 측면직각충돌,안전운전불이행,건조,맑음,교차로 - 교차로안,화물,남,45세,상해없음,화물,남,50세,경상
2014022000100301,2014년 2월 20일 15시,목요일,강원도 원주시 단구동,경상사고,0,0,4,0,차대차 - 측면직각충돌,차로위반,건조,맑음,교차로 - 교차로부근,승용,남,70세,상해없음,승용,남,35세,경상
2014022000100302,2014년 2월 20일 15시,목요일,강원도 홍천군 내면,경상사고,0,0,1,0,차대차 - 기타,안전운전불이행,건조,맑음,교차로 - 교차로부근,승용,남,53세,상해없음,화물,남,39세,경상
2014022000100328,2014년 2월 20일 16시,목요일,강원도 춘천시 후평동,경상사고,0,0,1,0,차대사람 - 기타,안전운전불이행,건조,맑음,단일로 - 기타,승합,남,54세,상해없음,보행자,여,72세,경상
2014022000100389,2014년 2월 20일 18시,목요일,강원도 철원군 갈말읍,중상사고,0,1,0,0,차대차 - 추돌 - 주정차중,안전운전불이행,건조,맑음,교차로 - 교차로부근,화물,남,50세,상해없음,승용,남,47세,상해없음
2014022000100455,2014년 2월 20일 21시,목요일,강원도 원주시 행구동,중상사고,0,1,0,0,차대사람 - 차도통행중,안전운전불이행,건조,맑음,단일로 - 기타,승용,남,24세,상해없음,보행자,남,52세,중상
2014022000100487,2014년 2월 20일 22시,목요일,강원도 태백시 철암동,경상사고,0,0,6,0,차대차 - 추돌 - 주정차중,안전운전불이행,결빙,흐림,단일로 - 기타,승용,남,32세,상해없음,승합,남,52세,경상
2014022100100061,2014년 2월 21일 06시,금요일,강원도 원주시 단계동,경상사고,0,0,2,0,차대차 - 기타,신호위반,건조,맑음,교차로 - 교차로안,승용,남,44세,상해없음,승용,여,49세,경상
2014022100100076,2014년 2월 21일 07시,금요일,강원도 정선군 사북읍,경상사고,0,0,1,0,차대차 - 기타,안전운전불이행,건조,맑음,단일로 - 기타,기타불명,기타불명,기타불명,기타불명,승용,남,62세,경상
2014022100100100,2014년 2월 21일 08시,금요일,강원도 강릉시 대전동,경상사고,0,0,1,0,차대차 - 기타,안전운전불이행,적설,맑음,단일로 - 기타,승용,남,40세,상해없음,승용,여,29세,경상
2014022100100101,2014년 2월 21일 08시,금요일,강원도 원주시 문막읍,중상사고,0,1,0,0,차대차 - 기타,교차로운행방법위반,건조,맑음,교차로 - 교차로부근,승용,여,65세,상해없음,원동기,남,57세,중상
2014022100100118,2014년 2월 21일 09시,금요일,강원도 강릉시 강동면,중상사고,0,10,6,0,차대차 - 측면직각충돌,안전운전불이행,결빙,맑음,단일로 - 기타,승합,남,58세,상해없음,화물,남,37세,경상
2014022100100148,2014년 2월 21일 10시,금요일,강원도 원주시 무실동,경상사고,0,0,1,0,차대차 - 추돌 - 진행중,안전운전불이행,건조,맑음,교차로 - 교차로부근,승합,남,31세,상해없음,승용,남,28세,경상
2014022100100170,2014년 2월 21일 11시,금요일,강원도 춘천시 온의동,경상사고,0,0,2,0,차대차 - 기타,기타,건조,맑음,단일로 - 기타,화물,남,61세,상해없음,승용,남,59세,경상
2014022100100171,2014년 2월 21일 11시,금요일,강원도 삼척시 교동,경상사고,0,0,1,0,차대차 - 측면직각충돌,안전운전불이행,습기,맑음,교차로 - 교차로부근,승용,남,45세,상해없음,건설기계,여,28세,상해없음
2014022100100195,2014년 2월 21일 12시,금요일,강원도 철원군 동송읍,중상사고,0,1,0,0,차대사람 - 횡단중,안전운전불이행,건조,맑음,교차로 - 교차로안,승용,여,28세,상해없음,보행자,여,65세,중상
2014022100100218,2014년 2월 21일 13시,금요일,강원도 삼척시 오분동,경상사고,0,0,1,0,차대차 - 측면직각충돌,안전운전불이행,건조,맑음,단일로 - 기타,건설기계,남,50세,상해없음,승용,남,54세,상해없음
2014022100100266,2014년 2월 21일 15시,금요일,강원도 원주시 일산동,경상사고,0,0,1,0,차대차 - 기타,안전거리미확보,건조,맑음,교차로 - 교차로안,승용,남,52세,상해없음,승합,남,53세,상해없음
2014022100100357,2014년 2월 21일 18시,금요일,강원도 춘천시 퇴계동,경상사고,0,0,1,0,차대차 - 기타,중앙선침범,건조,맑음,단일로 - 기타,승합,남,73세,상해없음,원동기,남,50세,경상
2014022100100404,2014년 2월 21일 19시,금요일,강원도 춘천시 석사동,경상사고,0,0,1,0,차대차 - 기타,안전운전불이행,건조,맑음,기타 - 기타,승용,남,52세,상해없음,승용,여,38세,상해없음
2014022100100405,2014년 2월 21일 19시,금요일,강원도 원주시 무실동,중상사고,0,1,0,0,차대차 - 기타,안전거리미확보,건조,맑음,기타 - 기타,승용,남,58세,상해없음,승용,여,51세,중상
2014022100100439,2014년 2월 21일 20시,금요일,강원도 강릉시 교동,경상사고,0,0,1,0,차대사람 - 횡단중,보행자보호의무위반,건조,흐림,교차로 - 교차로부근,승용,남,41세,상해없음,보행자,여,39세,경상
2014022100100440,2014년 2월 21일 20시,금요일,강원도 속초시 교동,경상사고,0,0,1,0,차대사람 - 보도통행중,안전운전불이행,결빙,흐림,교차로 - 교차로부근,승용,남,32세,상해없음,보행자,남,48세,경상
2014022200100016,2014년 2월 22일 00시,토요일,강원도 동해시 천곡동,경상사고,0,0,1,0,차대차 - 기타,신호위반,건조,맑음,교차로 - 교차로안,화물,남,29세,상해없음,승용,남,42세,경상
2014022200100107,2014년 2월 22일 06시,토요일,강원도 춘천시 동면,중상사고,0,1,0,0,차대차 - 측면직각충돌,교차로운행방법위반,건조,맑음,교차로 - 교차로안,승합,남,41세,상해없음,승용,남,44세,중상
2014022200100108,2014년 2월 22일 06시,토요일,강원도 동해시 천곡동,경상사고,0,0,1,0,차대차 - 기타,신호위반,건조,맑음,교차로 - 교차로안,승용,여,55세,상해없음,승용,남,50세,경상
2014022200100127,2014년 2월 22일 07시,토요일,강원도 강릉시 강동면,사망사고,1,1,0,0,차대차 - 정면충돌,중앙선침범,결빙,맑음,단일로 - 기타,건설기계,남,33세,중상,화물,남,62세,사망
2014022200100128,2014년 2월 22일 07시,토요일,강원도 속초시 조양동,중상사고,0,1,1,0,차대차 - 측면직각충돌,신호위반,건조,맑음,교차로 - 교차로부근,승용,남,56세,상해없음,승용,남,42세,중상
2014022200100163,2014년 2월 22일 09시,토요일,강원도 춘천시 퇴계동,경상사고,0,0,1,0,차대사람 - 횡단중,안전운전불이행,건조,맑음,단일로 - 기타,승용,여,52세,상해없음,보행자,여,23세,경상
2014022200100164,2014년 2월 22일 09시,토요일,강원도 춘천시 석사동,경상사고,0,0,1,0,차대차 - 측면직각충돌,직진우회전진행방해,건조,맑음,교차로 - 교차로안,화물,남,38세,상해없음,자전거,여,63세,경상
2014022200100240,2014년 2월 22일 13시,토요일,강원도 춘천시 교동,경상사고,0,0,1,0,차대차 - 측면직각충돌,교차로운행방법위반,건조,맑음,교차로 - 교차로안,승용,여,51세,상해없음,화물,남,32세,경상
2014022200100241,2014년 2월 22일 13시,토요일,강원도 속초시 중앙동,경상사고,0,0,1,0,차대사람 - 횡단중,신호위반,건조,맑음,단일로 - 횡단보도상,승용,남,42세,상해없음,보행자,여,45세,경상
2014022200100342,2014년 2월 22일 17시,토요일,강원도 춘천시 남산면,경상사고,0,0,2,0,차대차 - 추돌 - 주정차중,안전운전불이행,건조,맑음,단일로 - 교량,승용,남,50세,상해없음,승용,남,28세,경상
2014022200100343,2014년 2월 22일 17시,토요일,강원도 태백시 황지동,경상사고,0,0,2,0,차대차 - 기타,안전운전불이행,습기,흐림,단일로 - 기타,승용,여,36세,상해없음,승용,남,34세,경상
2014022200100372,2014년 2월 22일 18시,토요일,강원도 강릉시 옥계면,경상사고,0,0,1,0,차대차 - 기타,안전운전불이행,건조,맑음,교차로 - 교차로안,화물,남,70세,기타불명,승용,남,50세,경상
2014022200100406,2014년 2월 22일 19시,토요일,강원도 속초시 조양동,중상사고,0,3,1,0,차대차 - 측면직각충돌,신호위반,건조,맑음,교차로 - 교차로안,승용,남,51세,상해없음,승용,여,39세,중상
2014022200100407,2014년 2월 22일 19시,토요일,강원도 동해시 부곡동,경상사고,0,0,1,0,차량단독 - 기타,안전운전불이행,건조,맑음,단일로 - 기타,승용,남,55세,상해없음,,,,
2014022200100439,2014년 2월 22일 20시,토요일,강원도 원주시 단구동,경상사고,0,0,3,0,차대차 - 기타,중앙선침범,건조,맑음,교차로 - 교차로안,승용,남,25세,경상,승용,남,67세,경상
2014022200100467,2014년 2월 22일 21시,토요일,강원도 춘천시 남산면,부상신고사고,0,0,0,1,차대차 - 측면직각충돌,교차로운행방법위반,건조,맑음,교차로 - 교차로안,승용,남,33세,상해없음,승용,남,23세,부상신고
2014022200100529,2014년 2월 22일 23시,토요일,강원도 춘천시 석사동,경상사고,0,0,3,0,차대차 - 추돌 - 진행중,안전운전불이행,건조,맑음,단일로 - 기타,승용,남,39세,상해없음,승용,여,52세,경상
2014022300100009,2014년 2월 23일 00시,일요일,강원도 속초시 조양동,중상사고,0,1,0,0,차대차 - 측면직각충돌,안전거리미확보,습기,맑음,단일로 - 기타,승용,남,23세,상해없음,승용,남,30세,중상
2014022300100043,2014년 2월 23일 02시,일요일,강원도 강릉시 옥천동,경상사고,0,0,1,0,차대사람 - 기타,안전운전불이행,기타,기타,단일로 - 기타,기타불명,기타불명,기타불명,기타불명,보행자,남,38세,경상
2014022300100091,2014년 2월 23일 06시,일요일,강원도 원주시 단계동,경상사고,0,0,1,0,차대차 - 추돌 - 주정차중,안전운전불이행,건조,맑음,교차로 - 교차로부근,승용,남,22세,상해없음,승용,여,46세,경상
2014022300100112,2014년 2월 23일 08시,일요일,강원도 원주시 중앙동,경상사고,0,0,5,0,차대차 - 측면직각충돌,안전운전불이행,건조,맑음,교차로 - 교차로안,화물,남,46세,상해없음,승용,남,56세,경상
2014022300100121,2014년 2월 23일 09시,일요일,강원도 평창군 진부면,경상사고,0,0,2,0,차대차 - 추돌 - 진행중,안전운전불이행,결빙,흐림,단일로 - 교량,화물,남,61세,상해없음,승용,여,53세,경상
2014022300100133,2014년 2월 23일 10시,일요일,강원도 원주시 봉산동,경상사고,0,0,1,0,차대차 - 측면직각충돌,안전운전불이행,건조,맑음,단일로 - 기타,승용,여,53세,상해없음,원동기,남,59세,경상
2014022300100145,2014년 2월 23일 11시,일요일,강원도 강릉시 교동,경상사고,0,0,1,0,차대차 - 측면직각충돌,중앙선침범,적설,맑음,단일로 - 기타,승용,여,33세,상해없음,승용,남,24세,경상
2014022300100146,2014년 2월 23일 11시,일요일,강원도 강릉시 교동,중상사고,0,1,1,0,차대차 - 측면직각충돌,신호위반,습기,맑음,교차로 - 교차로안,승합,남,56세,상해없음,승용,여,54세,중상
2014022300100147,2014년 2월 23일 11시,일요일,강원도 동해시 효가동,경상사고,0,0,1,0,차대차 - 기타,신호위반,습기,맑음,교차로 - 교차로안,승용,남,39세,상해없음,승용,여,53세,경상
2014022300100164,2014년 2월 23일 12시,일요일,강원도 원주시 단구동,경상사고,0,0,4,0,차대차 - 추돌 - 진행중,안전거리미확보,건조,맑음,단일로 - 기타,승용,남,54세,상해없음,승용,여,32세,경상
2014022300100279,2014년 2월 23일 18시,일요일,강원도 원주시 단구동,경상사고,0,0,1,0,차대차 - 기타,안전거리미확보,건조,맑음,단일로 - 기타,승용,남,23세,상해없음,승합,남,56세,상해없음
2014022300100280,2014년 2월 23일 18시,일요일,강원도 태백시 장성동,중상사고,0,1,4,0,차대차 - 추돌 - 진행중,안전운전불이행,건조,맑음,단일로 - 기타,화물,남,68세,상해없음,승용,남,66세,경상
2014022300100306,2014년 2월 23일 19시,일요일,강원도 강릉시 주문진읍,중상사고,0,1,0,0,차대사람 - 기타,안전운전불이행,건조,맑음,교차로 - 교차로안,승용,남,34세,상해없음,보행자,여,49세,중상
2014022300100307,2014년 2월 23일 19시,일요일,강원도 원주시 단구동,경상사고,0,0,1,0,차대차 - 정면충돌,중앙선침범,건조,맑음,교차로 - 교차로부근,승용,남,53세,상해없음,이륜,남,22세,경상
2014022300100327,2014년 2월 23일 20시,일요일,강원도 원주시 개운동,중상사고,0,1,0,0,차대사람 - 기타,안전운전불이행,건조,맑음,단일로 - 기타,기타불명,기타불명,기타불명,기타불명,보행자,남,3세,중상
2014022300100398,2014년 2월 23일 23시,일요일,강원도 원주시 우산동,부상신고사고,0,0,0,1,차대차 - 추돌 - 진행중,안전운전불이행,건조,맑음,교차로 - 교차로부근,기타불명,기타불명,기타불명,기타불명,승용,여,52세,부상신고
2014022300100399,2014년 2월 23일 23시,일요일,강원도 정선군 고한읍,경상사고,0,0,1,0,차대차 - 측면직각충돌,안전운전불이행,건조,맑음,단일로 - 기타,승용,남,38세,상해없음,승용,여,43세,경상
2014022400100036,2014년 2월 24일 03시,월요일,강원도 평창군 진부면,경상사고,0,0,3,1,차량단독 - 공작물충돌,안전운전불이행,건조,맑음,단일로 - 기타,승용,여,22세,상해없음,,,,
2014022400100041,2014년 2월 24일 04시,월요일,강원도 속초시 대포동,경상사고,0,0,3,0,차대차 - 측면직각충돌,신호위반,건조,맑음,교차로 - 교차로안,승용,남,40세,상해없음,승용,여,36세,경상
2014022400100047,2014년 2월 24일 05시,월요일,강원도 원주시 무실동,중상사고,0,1,0,0,차대사람 - 기타,안전운전불이행,건조,맑음,교차로 - 교차로안,승합,남,20세,상해없음,보행자,여,70세,중상
2014022400100082,2014년 2월 24일 07시,월요일,강원도 춘천시 후평동,경상사고,0,0,1,0,차대차 - 측면직각충돌,신호위반,건조,맑음,교차로 - 교차로안,승용,남,56세,상해없음,승용,남,33세,경상
2014022400100130,2014년 2월 24일 09시,월요일,강원도 춘천시 운교동,경상사고,0,0,1,0,차대차 - 측면직각충돌,안전운전불이행,건조,맑음,단일로 - 기타,승용,여,58세,상해없음,원동기,남,73세,경상
2014022400100199,2014년 2월 24일 12시,월요일,강원도 춘천시 퇴계동,중상사고,0,1,0,0,차대차 - 측면직각충돌,안전운전불이행,건조,맑음,기타 - 기타,승용,여,44세,상해없음,화물,남,46세,중상
2014022400100200,2014년 2월 24일 12시,월요일,강원도 원주시 개운동,경상사고,0,0,1,0,차대차 - 기타,기타,건조,맑음,단일로 - 기타,승용,남,60세,상해없음,자전거,남,70세,경상
2014022400100229,2014년 2월 24일 13시,월요일,강원도 춘천시 석사동,경상사고,0,0,1,0,차대차 - 측면직각충돌,신호위반,건조,맑음,교차로 - 교차로안,승용,여,50세,상해없음,승용,남,55세,경상
2014022400100230,2014년 2월 24일 13시,월요일,강원도 원주시 단계동,경상사고,0,0,1,0,차대차 - 기타,교차로운행방법위반,건조,맑음,교차로 - 교차로안,승용,남,32세,상해없음,자전거,남,15세,경상