사고번호,사고일시,요일,시군구,사고내용,사망자수,중상자수,경상자수,부상신고자수,사고유형,법규위반,노면상태,기상상태,도로형태,가해운전자 차종,가해운전자 성별,가해운전자 연령,가해운전자 상해정도,피해운전자 차종,피해운전자 성별,피해운전자 연령,피해운전자 상해정도
2014032100100140,2014년 3월 21일 08시,금요일,강원도 삼척시 당저동,경상사고,0,0,1,0,차대차 - 추돌 - 진행중,안전운전불이행,건조,맑음,단일로 - 기타,화물,남,56세,상해없음,승용,여,41세,경상
2014032100100184,2014년 3월 21일 09시,금요일,강원도 강릉시 유천동,중상사고,0,1,0,0,차대차 - 측면직각충돌,신호위반,건조,맑음,교차로 - 교차로안,승용,여,57세,상해없음,승용,남,57세,중상
2014032100100185,2014년 3월 21일 09시,금요일,강원도 원주시 단구동,경상사고,0,0,1,0,차대차 - 정면충돌,교차로운행방법위반,건조,맑음,교차로 - 교차로안,승용,남,48세,상해없음,승용,남,33세,경상
2014032100100212,2014년 3월 21일 10시,금요일,강원도 원주시 일산동,경상사고,0,0,2,0,차대차 - 기타,안전운전불이행,건조,맑음,기타 - 기타,승용,남,43세,상해없음,승용,여,56세,경상
2014032100100232,2014년 3월 21일 11시,금요일,강원도 강릉시 포남동,부상신고사고,0,0,0,1,차량단독 - 전도전복,안전운전불이행,건조,맑음,단일로 - 교량,원동기,남,82세,부상신고,,,,
2014032100100256,2014년 3월 21일 12시,금요일,강원도 삼척시 도계읍,중상사고,0,1,1,0,차대사람 - 차도통행중,안전운전불이행,건조,맑음,단일로 - 기타,승합,남,40세,상해없음,보행자,남,15세,경상
2014032100100440,2014년 3월 21일 17시,금요일,강원도 정선군 정선읍,경상사고,0,0,1,0,차대차 - 추돌 - 진행중,안전운전불이행,건조,맑음,교차로 - 교차로부근,화물,남,57세,상해없음,승합,여,49세,상해없음
2014032100100468,2014년 3월 21일 18시,금요일,강원도 태백시 황지동,중상사고,0,1,0,0,차대사람 - 횡단중,안전운전불이행,건조,맑음,단일로 - 기타,승용,남,30세,상해없음,보행자,남,60세,중상
2014032100100566,2014년 3월 21일 20시,금요일,강원도 홍천군 홍천읍,경상사고,0,0,1,0,차대차 - 기타,안전운전불이행,건조,맑음,교차로 - 교차로안,승용,남,41세,상해없음,승용,여,30세,경상
2014032100100567,2014년 3월 21일 20시,금요일,강원도 홍천군 홍천읍,경상사고,0,0,1,0,차대차 - 측면직각충돌,차로위반,건조,맑음,단일로 - 기타,승용,남,24세,상해없음,이륜,남,17세,경상
2014032100100597,2014년 3월 21일 21시,금요일,강원도 속초시 교동,경상사고,0,0,1,0,차대사람 - 길가장자리구역통행중,안전운전불이행,건조,맑음,단일로 - 기타,승용,여,36세,상해없음,보행자,남,33세,경상
2014032100100598,2014년 3월 21일 21시,금요일,강원도 삼척시 도계읍,중상사고,0,1,0,0,차대사람 - 차도통행중,안전운전불이행,건조,기타,단일로 - 기타,승용,남,32세,상해없음,보행자,남,46세,중상
2014032100100599,2014년 3월 21일 21시,금요일,강원도 삼척시 원덕읍,경상사고,0,0,3,1,차대차 - 추돌 - 진행중,안전운전불이행,건조,맑음,단일로 - 기타,화물,남,43세,경상,건설기계,남,39세,경상
2014032100100628,2014년 3월 21일 22시,금요일,강원도 양양군 손양면,경상사고,0,0,2,0,차량단독 - 공작물충돌,안전운전불이행,건조,맑음,단일로 - 기타,승용,남,49세,상해없음,,,,
2014032200100099,2014년 3월 22일 05시,토요일,강원도 원주시 단계동,경상사고,0,0,1,0,차대사람 - 길가장자리구역통행중,안전운전불이행,건조,맑음,단일로 - 기타,승용,남,36세,상해없음,보행자,남,31세,경상
2014032200100238,2014년 3월 22일 11시,토요일,강원도 춘천시 동내면,경상사고,0,0,1,0,차대차 - 측면직각충돌,안전거리미확보,건조,맑음,단일로 - 기타,승용,남,79세,상해없음,승용,남,36세,경상
2014032200100239,2014년 3월 22일 11시,토요일,강원도 원주시 부론면,중상사고,0,2,0,0,차대차 - 추돌 - 주정차중,안전운전불이행,건조,맑음,교차로 - 교차로안,승용,남,52세,상해없음,승용,여,56세,중상
2014032200100272,2014년 3월 22일 12시,토요일,강원도 동해시 천곡동,경상사고,0,0,1,0,차대차 - 기타,신호위반,건조,맑음,단일로 - 횡단보도상,승용,남,59세,상해없음,자전거,남,13세,경상
2014032200100303,2014년 3월 22일 13시,토요일,강원도 원주시 행구동,중상사고,0,1,1,0,차량단독 - 공작물충돌,안전운전불이행,건조,맑음,기타 - 기타,승용,여,48세,경상,,,,
2014032200100326,2014년 3월 22일 14시,토요일,강원도 원주시 단계동,경상사고,0,0,1,0,차대차 - 기타,신호위반,건조,맑음,교차로 - 교차로안,승용,남,30세,상해없음,원동기,남,33세,경상
2014032200100327,2014년 3월 22일 14시,토요일,강원도 삼척시 교동,경상사고,0,0,2,0,차대차 - 추돌 - 진행중,안전운전불이행,건조,맑음,단일로 - 기타,승용,여,36세,상해없음,승용,여,28세,경상
2014032200100328,2014년 3월 22일 14시,토요일,강원도 홍천군 서석면,중상사고,0,4,3,0,차대차 - 기타,교차로운행방법위반,건조,맑음,교차로 - 교차로안,승용,남,55세,상해없음,승용,남,62세,중상
2014032200100329,2014년 3월 22일 14시,토요일,강원도 강릉시 옥계면,경상사고,0,0,1,0,차대차 - 기타,안전거리미확보,건조,맑음,단일로 - 기타,승용,여,57세,상해없음,승용,여,42세,경상
2014032200100469,2014년 3월 22일 18시,토요일,강원도 춘천시 후평동,경상사고,0,0,2,0,차대차 - 추돌 - 주정차중,안전운전불이행,건조,맑음,교차로 - 교차로안,승용,남,19세,상해없음,승용,여,52세,경상
2014032200100470,2014년 3월 22일 18시,토요일,강원도 삼척시 남양동,경상사고,0,0,1,0,차대사람 - 기타,안전운전불이행,건조,맑음,단일로 - 기타,승용,남,64세,상해없음,보행자,여,46세,경상
2014032200100471,2014년 3월 22일 18시,토요일,강원도 고성군 토성면,경상사고,0,0,2,0,차량단독 - 전도전복,안전운전불이행,건조,맑음,단일로 - 터널,승용,남,36세,상해없음,,,,
2014032200100502,2014년 3월 22일 19시,토요일,강원도 원주시 일산동,중상사고,0,1,0,0,차대사람 - 횡단중,중앙선침범,건조,맑음,단일로 - 기타,승용,남,52세,상해없음,보행자,여,60세,중상
2014032200100503,2014년 3월 22일 19시,토요일,강원도 영월군 중동면,중상사고,0,1,0,0,차대차 - 기타,안전운전불이행,건조,맑음,단일로 - 기타,화물,남,50세,상해없음,이륜,남,52세,중상
2014032200100504,2014년 3월 22일 19시,토요일,강원도 횡성군 공근면,경상사고,0,0,1,0,차대차 - 정면충돌,중앙선침범,건조,맑음,교차로 - 교차로부근,화물,남,50세,상해없음,승용,여,47세,경상
2014032200100601,2014년 3월 22일 22시,토요일,강원도 삼척시 남양동,경상사고,0,0,1,0,차대차 - 기타,직진우회전진행방해,건조,맑음,교차로 - 교차로안,승용,여,58세,상해없음,승용,남,26세,상해없음
2014032200100602,2014년 3월 22일 22시,토요일,강원도 고성군 토성면,경상사고,0,0,1,0,차대차 - 추돌 - 진행중,안전운전불이행,건조,맑음,단일로 - 터널,승용,남,29세,상해없음,화물,남,59세,경상
2014032200100628,2014년 3월 22일 23시,토요일,강원도 춘천시 동내면,중상사고,0,1,0,0,차대사람 - 기타,안전운전불이행,건조,맑음,단일로 - 기타,승용,남,43세,상해없음,보행자,여,50세,중상
2014032200100629,2014년 3월 22일 23시,토요일,강원도 원주시 개운동,중상사고,0,1,0,0,차대차 - 기타,중앙선침범,건조,맑음,단일로 - 기타,승용,남,58세,상해없음,이륜,남,16세,중상
2014032200100630,2014년 3월 22일 23시,토요일,강원도 동해시 천곡동,경상사고,0,0,2,0,차대차 - 기타,안전운전불이행,건조,맑음,교차로 - 교차로부근,승용,남,76세,상해없음,승용,남,55세,경상
2014032300100016,2014년 3월 23일 00시,일요일,강원도 춘천시 동면,경상사고,0,0,1,0,차대차 - 측면직각충돌,기타,건조,맑음,단일로 - 기타,승용,남,25세,상해없음,자전거,남,42세,경상
2014032300100065,2014년 3월 23일 03시,일요일,강원도 원주시 단구동,중상사고,0,1,1,0,차대차 - 기타,신호위반,건조,맑음,교차로 - 교차로안,승용,남,31세,경상,승용,남,55세,중상
2014032300100066,2014년 3월 23일 03시,일요일,강원도 삼척시 교동,경상사고,0,0,1,0,차대사람 - 기타,안전운전불이행,건조,맑음,기타 - 기타,승용,남,22세,상해없음,보행자,여,43세,경상
2014032300100105,2014년 3월 23일 06시,일요일,강원도 춘천시 동면,경상사고,0,0,1,0,차대차 - 측면직각충돌,신호위반,건조,맑음,교차로 - 교차로안,승용,남,40세,상해없음,승용,여,20세,경상
2014032300100126,2014년 3월 23일 07시,일요일,강원도 원주시 무실동,경상사고,0,0,2,0,차대차 - 측면직각충돌,직진우회전진행방해,건조,맑음,교차로 - 교차로안,화물,남,40세,상해없음,화물,남,27세,상해없음
2014032300100140,2014년 3월 23일 08시,일요일,강원도 속초시 장사동,사망사고,1,0,0,0,차대차 - 측면직각충돌,안전운전불이행,건조,맑음,교차로 - 교차로부근,승용,여,61세,상해없음,자전거,남,69세,사망
2014032300100180,2014년 3월 23일 10시,일요일,강원도 춘천시 남면,경상사고,0,0,1,0,차대차 - 기타,중앙선침범,건조,맑음,단일로 - 기타,기타불명,기타불명,40세,기타불명,승용,남,24세,경상
2014032300100205,2014년 3월 23일 11시,일요일,강원도 강릉시 포남동,경상사고,0,0,1,0,차대차 - 기타,안전운전불이행,건조,맑음,교차로 - 교차로안,승용,남,47세,상해없음,자전거,남,17세,경상
2014032300100301,2014년 3월 23일 15시,일요일,강원도 원주시 태장동,경상사고,0,0,1,0,차대차 - 기타,안전운전불이행,건조,맑음,단일로 - 기타,승용,여,56세,상해없음,승용,남,36세,경상
2014032300100332,2014년 3월 23일 16시,일요일,강원도 춘천시 중앙로1가,경상사고,0,0,1,0,차대차 - 기타,안전운전불이행,건조,맑음,단일로 - 기타,화물,남,57세,상해없음,승합,남,46세,경상
2014032300100333,2014년 3월 23일 16시,일요일,강원도 원주시 명륜동,경상사고,0,0,1,0,차대차 - 측면직각충돌,안전운전불이행,건조,맑음,교차로 - 교차로안,승용,여,38세,상해없음,원동기,남,18세,경상
2014032300100369,2014년 3월 23일 17시,일요일,강원도 홍천군 남면,경상사고,0,0,2,0,차대차 - 기타,안전운전불이행,건조,맑음,교차로 - 교차로부근,이륜,남,41세,경상,승용,여,58세,경상
2014032300100427,2014년 3월 23일 19시,일요일,강원도 속초시 교동,경상사고,0,0,1,0,차대차 - 측면직각충돌,안전운전불이행,건조,맑음,교차로 - 교차로안,승용,남,32세,상해없음,승용,남,68세,경상
2014032300100495,2014년 3월 23일 21시,일요일,강원도 춘천시 퇴계동,경상사고,0,0,1,0,차대사람 - 기타,안전운전불이행,건조,맑음,단일로 - 기타,화물,남,22세,상해없음,보행자,여,74세,경상
2014032300100515,2014년 3월 23일 22시,일요일,강원도 춘천시 퇴계동,부상신고사고,0,0,0,1,차대차 - 측면직각충돌,신호위반,건조,기타,교차로 - 교차로부근,승용,남,42세,상해없음,원동기,남,20세,부상신고
2014032400100019,2014년 3월 24일 01시,월요일,강원도 원주시 일산동,중상사고,0,1,0,0,차대차 - 정면충돌,교차로운행방법위반,건조,맑음,교차로 - 교차로안,승용,남,65세,상해없음,원동기,남,43세,중상
2014032400100065,2014년 3월 24일 06시,월요일,강원도 평창군 대관령면,중상사고,0,1,0,0,차대차 - 기타,안전운전불이행,건조,맑음,단일로 - 기타,승용,기타불명,기타불명,기타불명,승용,남,50세,중상
2014032400100083,2014년 3월 24일 07시,월요일,강원도 원주시 개운동,중상사고,0,1,0,0,차대사람 - 기타,안전운전불이행,건조,맑음,단일로 - 기타,승용,여,56세,상해없음,보행자,남,12세,중상
2014032400100084,2014년 3월 24일 07시,월요일,강원도 원주시 신림면,경상사고,0,0,3,0,차대차 - 기타,안전거리미확보,건조,맑음,단일로 - 기타,승용,남,61세,상해없음,승용,남,39세,경상
2014032400100123,2014년 3월 24일 08시,월요일,강원도 삼척시 도계읍,중상사고,0,1,0,0,차대차 - 기타,안전운전불이행,건조,맑음,교차로 - 교차로안,승용,남,49세,상해없음,원동기,여,61세,중상
2014032400100124,2014년 3월 24일 08시,월요일,강원도 고성군 거진읍,경상사고,0,0,1,0,차대사람 - 횡단중,안전운전불이행,건조,맑음,단일로 - 기타,승용,여,38세,상해없음,보행자,여,44세,경상
2014032400100191,2014년 3월 24일 10시,월요일,강원도 원주시 문막읍,중상사고,0,2,0,0,차대차 - 기타,중앙선침범,건조,맑음,단일로 - 기타,승용,남,62세,상해없음,승용,남,76세,중상
2014032400100192,2014년 3월 24일 10시,월요일,강원도 동해시 천곡동,경상사고,0,0,1,0,차대사람 - 횡단중,안전운전불이행,건조,맑음,교차로 - 교차로안,승용,여,53세,상해없음,보행자,남,70세,경상
2014032400100227,2014년 3월 24일 11시,월요일,강원도 강릉시 죽헌동,경상사고,0,0,1,0,차대차 - 측면직각충돌,안전운전불이행,건조,맑음,교차로 - 교차로안,승용,남,25세,상해없음,승용,남,31세,경상
2014032400100250,2014년 3월 24일 12시,월요일,강원도 원주시 단구동,경상사고,0,0,2,0,차대차 - 측면직각충돌,안전운전불이행,건조,맑음,교차로 - 교차로부근,승용,여,53세,경상,이륜,남,43세,경상
2014032400100251,2014년 3월 24일 12시,월요일,강원도 홍천군 홍천읍,경상사고,0,0,1,0,차대사람 - 길가장자리구역통행중,안전운전불이행,건조,맑음,단일로 - 기타,승용,남,37세,상해없음,보행자,여,84세,경상
2014032400100252,2014년 3월 24일 12시,월요일,강원도 동해시 천곡동,경상사고,0,0,2,0,차대차 - 추돌 - 주정차중,안전거리미확보,건조,맑음,교차로 - 교차로부근,승용,여,33세,상해없음,승용,남,45세,경상
2014032400100270,2014년 3월 24일 13시,월요일,강원도 강릉시 포남동,경상사고,0,0,3,0,차대차 - 측면직각충돌,안전운전불이행,건조,맑음,단일로 - 기타,승용,여,55세,상해없음,승용,남,33세,경상
2014032400100271,2014년 3월 24일 13시,월요일,강원도 원주시 호저면,중상사고,0,1,1,0,차대차 - 측면직각충돌,신호위반,건조,맑음,교차로 - 교차로부근,승용,여,36세,경상,화물,남,27세,중상
2014032400100272,2014년 3월 24일 13시,월요일,강원도 원주시 학성동,중상사고,0,1,0,0,차대사람 - 기타,보행자보호의무위반,건조,맑음,교차로 - 교차로안,승용,여,54세,상해없음,보행자,여,44세,중상
2014032400100297,2014년 3월 24일 14시,월요일,강원도 원주시 단구동,경상사고,0,0,1,0,차대차 - 측면직각충돌,안전운전불이행,건조,맑음,단일로 - 기타,승용,여,71세,상해없음,승용,남,61세,경상
2014032400100332,2014년 3월 24일 15시,월요일,강원도 춘천시 후평동,중상사고,0,1,1,0,차대차 - 추돌 - 진행중,안전거리미확보,건조,맑음,단일로 - 기타,화물,남,20세,상해없음,화물,남,33세,경상
2014032400100366,2014년 3월 24일 16시,월요일,강원도 원주시 단계동,경상사고,0,0,2,0,차대차 - 기타,안전운전불이행,건조,맑음,단일로 - 기타,승용,여,52세,상해없음,승용,남,47세,경상
2014032400100434,2014년 3월 24일 18시,월요일,강원도 춘천시 근화동,경상사고,0,0,2,0,차대차 - 추돌 - 주정차중,안전운전불이행,건조,맑음,교차로 - 교차로부근,승합,남,74세,상해없음,승용,남,46세,경상
2014032400100473,2014년 3월 24일 19시,월요일,강원도 강릉시 남문동,경상사고,0,0,1,0,차대차 - 기타,안전운전불이행,기타,기타,교차로 - 교차로안,승용,남,64세,상해없음,이륜,남,18세,경상
2014032400100474,2014년 3월 24일 19시,월요일,강원도 속초시 교동,중상사고,0,1,0,0,차대차 - 측면직각충돌,안전거리미확보,건조,맑음,단일로 - 기타,승용,남,51세,상해없음,이륜,남,16세,중상
2014032400100505,2014년 3월 24일 20시,월요일,강원도 강릉시 주문진읍,경상사고,0,0,1,0,차대차 - 기타,안전운전불이행,건조,맑음,교차로 - 교차로안,승용,여,39세,상해없음,이륜,남,22세,경상
2014032400100506,2014년 3월 24일 20시,월요일,강원도 원주시 반곡동,경상사고,0,0,2,0,차대차 - 기타,안전운전불이행,건조,맑음,단일로 - 기타,승용,남,54세,상해없음,승용,남,44세,경상
2014032400100539,2014년 3월 24일 21시,월요일,강원도 춘천시 효자동,경상사고,0,0,2,0,차대차 - 측면직각충돌,안전운전불이행,건조,흐림,교차로 - 교차로부근,승합,남,70세,상해없음,이륜,남,17세,경상
2014032400100540,2014년 3월 24일 21시,월요일,강원도 춘천시 효자동,경상사고,0,0,1,0,차대차 - 측면직각충돌,기타,건조,맑음,교차로 - 교차로안,승용,여,39세,상해없음,이륜,남,47세,경상
2014032400100541,2014년 3월 24일 21시,월요일,강원도 강릉시 포남동,경상사고,0,0,2,0,차대차 - 기타,안전운전불이행,기타,기타,단일로 - 기타,승용,남,28세,상해없음,승용,남,50세,경상
2014032400100561,2014년 3월 24일 22시,월요일,강원도 원주시 흥업면,경상사고,0,0,2,0,차대차 - 기타,중앙선침범,건조,맑음,단일로 - 기타,승용,여,24세,상해없음,승용,남,27세,경상
2014032400100562,2014년 3월 24일 22시,월요일,강원도 속초시 교동,경상사고,0,0,1,0,차대차 - 추돌 - 주정차중,안전운전불이행,건조,맑음,교차로 - 교차로부근,승용,남,50세,상해없음,이륜,남,57세,경상
2014032500100049,2014년 3월 25일 04시,화요일,강원도 원주시 태장동,사망사고,1,0,0,0,차대사람 - 기타,안전운전불이행,건조,맑음,교차로 - 교차로안,승용,남,22세,상해없음,보행자,남,73세,사망
2014032500100107,2014년 3월 25일 08시,화요일,강원도 춘천시 퇴계동,부상신고사고,0,0,0,1,차대차 - 측면직각충돌,교차로운행방법위반,건조,맑음,교차로 - 교차로안,승용,여,44세,상해없음,원동기,남,79세,부상신고
2014032500100108,2014년 3월 25일 08시,화요일,강원도 강릉시 대전동,경상사고,0,0,2,0,차대차 - 추돌 - 진행중,안전운전불이행,건조,맑음,단일로 - 기타,화물,여,43세,상해없음,화물,남,55세,경상
2014032500100109,2014년 3월 25일 08시,화요일,강원도 원주시 학성동,중상사고,0,1,0,0,차대사람 - 횡단중,안전운전불이행,건조,흐림,교차로 - 교차로안,화물,남,65세,상해없음,보행자,남,17세,중상
2014032500100110,2014년 3월 25일 08시,화요일,강원도 속초시 교동,경상사고,0,0,1,0,차대차 - 측면직각충돌,교차로운행방법위반,건조,맑음,교차로 - 교차로안,승용,남,31세,상해없음,화물,남,48세,경상
2014032500100111,2014년 3월 25일 08시,화요일,강원도 삼척시 정상동,경상사고,0,0,1,0,차대사람 - 횡단중,안전운전불이행,건조,맑음,단일로 - 기타,승용,여,54세,상해없음,보행자,여,7세,경상
2014032500100212,2014년 3월 25일 12시,화요일,강원도 춘천시 동산면,사망사고,1,1,0,0,차대차 - 정면충돌,중앙선침범,건조,맑음,단일로 - 기타,승용,남,40세,사망,특수,남,59세,중상
2014032500100213,2014년 3월 25일 12시,화요일,강원도 원주시 명륜동,경상사고,0,0,1,0,차대차 - 추돌 - 진행중,안전운전불이행,건조,맑음,교차로 - 교차로부근,승용,여,52세,상해없음,이륜,남,56세,경상
2014032500100234,2014년 3월 25일 13시,화요일,강원도 원주시 무실동,중상사고,0,1,4,0,차대차 - 추돌 - 진행중,차로위반,건조,흐림,교차로 - 교차로안,승용,여,40세,상해없음,승용,남,31세,경상
2014032500100235,2014년 3월 25일 13시,화요일,강원도 속초시 조양동,경상사고,0,0,1,0,차대차 - 추돌 - 진행중,안전운전불이행,건조,맑음,교차로 - 교차로부근,승용,여,25세,상해없음,승용,여,55세,경상
2014032500100236,2014년 3월 25일 13시,화요일,강원도 속초시 교동,중상사고,0,1,0,0,차대사람 - 길가장자리구역통행중,안전운전불이행,건조,맑음,교차로 - 교차로안,승용,여,65세,상해없음,보행자,여,56세,중상
2014032500100237,2014년 3월 25일 13시,화요일,강원도 영월군 영월읍,경상사고,0,0,1,0,차대차 - 기타,신호위반,건조,맑음,교차로 - 교차로안,승용,여,26세,상해없음,화물,남,66세,상해없음
2014032500100266,2014년 3월 25일 14시,화요일,강원도 춘천시 동면,경상사고,0,0,1,0,차대차 - 측면직각충돌,교차로운행방법위반,건조,맑음,교차로 - 교차로안,승용,남,55세,기타불명,승용,남,54세,경상
2014032500100267,2014년 3월 25일 14시,화요일,강원도 강릉시 금학동,경상사고,0,0,1,0,차대사람 - 기타,안전운전불이행,건조,맑음,단일로 - 기타,승용,여,45세,상해없음,보행자,여,67세,경상
2014032500100344,2014년 3월 25일 17시,화요일,강원도 춘천시 효자동,경상사고,0,0,1,0,차대차 - 기타,교차로운행방법위반,건조,맑음,교차로 - 교차로안,승용,남,51세,상해없음,자전거,여,19세,경상
2014032500100345,2014년 3월 25일 17시,화요일,강원도 원주시 학성동,중상사고,0,2,0,0,차대차 - 추돌 - 진행중,안전운전불이행,건조,맑음,단일로 - 기타,승용,남,55세,상해없음,승합,남,59세,중상
2014032500100346,2014년 3월 25일 17시,화요일,강원도 화천군 화천읍,중상사고,0,1,0,0,차대차 - 정면충돌,중앙선침범,건조,맑음,단일로 - 기타,화물,남,49세,상해없음,승용,여,40세,중상
2014032500100485,2014년 3월 25일 20시,화요일,강원도 강릉시 교동,중상사고,0,1,2,0,차대차 - 추돌 - 주정차중,안전운전불이행,건조,맑음,단일로 - 기타,승용,여,70세,상해없음,승용,남,58세,경상
2014032500100486,2014년 3월 25일 20시,화요일,강원도 원주시 문막읍,경상사고,0,0,1,0,차대차 - 추돌 - 진행중,직진우회전진행방해,건조,맑음,교차로 - 교차로안,승용,남,30세,상해없음,승용,남,35세,경상
2014032500100487,2014년 3월 25일 20시,화요일,강원도 속초시 조양동,경상사고,0,0,1,0,차대차 - 측면직각충돌,교차로운행방법위반,건조,맑음,교차로 - 교차로안,화물,남,66세,상해없음,승용,남,68세,경상
2014032500100622,2014년 3월 25일 23시,화요일,강원도 동해시 묵호진동,경상사고,0,0,1,0,차대사람 - 기타,안전운전불이행,건조,맑음,단일로 - 기타,승용,남,55세,상해없음,보행자,여,46세,경상
2014032600100018,2014년 3월 26일 00시,수요일,강원도 강릉시 내곡동,경상사고,0,0,3,0,차대차 - 기타,안전운전불이행,건조,맑음,교차로 - 교차로안,승용,남,24세,상해없음,승용,여,21세,경상
2014032600100019,2014년 3월 26일 00시,수요일,강원도 원주시 가현동,경상사고,0,0,1,0,차대차 - 추돌 - 진행중,안전운전불이행,건조,흐림,단일로 - 기타,승합,남,40세,상해없음,화물,남,47세,경상
2014032600100077,2014년 3월 26일 03시,수요일,강원도 원주시 명륜동,중상사고,0,1,0,0,차대사람 - 횡단중,보행자보호의무위반,건조,맑음,교차로 - 교차로안,승용,남,25세,상해없음,보행자,남,47세,중상
2014032600100111,2014년 3월 26일 06시,수요일,강원도 춘천시 후평동,중상사고,0,1,0,0,차대사람 - 기타,안전운전불이행,건조,맑음,단일로 - 기타,승용,여,68세,상해없음,보행자,남,65세,중상
2014032600100204,2014년 3월 26일 09시,수요일,강원도 동해시 송정동,중상사고,0,1,0,0,차대차 - 기타,안전운전불이행,건조,맑음,단일로 - 기타,이륜,남,74세,중상,건설기계,남,46세,상해없음
2014032600100235,2014년 3월 26일 10시,수요일,강원도 횡성군 횡성읍,중상사고,0,1,0,0,차대차 - 추돌 - 진행중,안전운전불이행,건조,맑음,단일로 - 터널,승용,남,41세,상해없음,농기계,남,65세,중상
2014032600100260,2014년 3월 26일 11시,수요일,강원도 원주시 단구동,경상사고,0,0,1,0,차대차 - 정면충돌,신호위반,건조,맑음,단일로 - 기타,화물,남,66세,상해없음,이륜,남,66세,경상
2014032600100335,2014년 3월 26일 14시,수요일,강원도 원주시 흥업면,경상사고,0,0,1,0,차대차 - 추돌 - 주정차중,안전운전불이행,건조,맑음,교차로 - 교차로안,승용,남,54세,상해없음,승용,남,31세,경상
2014032600100336,2014년 3월 26일 14시,수요일,강원도 홍천군 화촌면,중상사고,0,1,0,0,차대차 - 기타,중앙선침범,건조,맑음,교차로 - 교차로안,승용,남,57세,상해없음,이륜,남,54세,중상
2014032600100420,2014년 3월 26일 17시,수요일,강원도 춘천시 석사동,경상사고,0,0,1,1,차대차 - 측면직각충돌,중앙선침범,건조,맑음,교차로 - 교차로부근,승용,여,75세,상해없음,승용,여,34세,부상신고
2014032600100421,2014년 3월 26일 17시,수요일,강원도 속초시 금호동,경상사고,0,0,1,0,차대차 - 측면직각충돌,안전거리미확보,건조,맑음,단일로 - 기타,승용,남,57세,상해없음,승용,남,37세,경상
2014032600100422,2014년 3월 26일 17시,수요일,강원도 삼척시 교동,경상사고,0,0,1,0,차대차 - 측면직각충돌,안전운전불이행,건조,맑음,교차로 - 교차로부근,승용,남,74세,상해없음,자전거,남,14세,경상
2014032600100558,2014년 3월 26일 20시,수요일,강원도 횡성군 횡성읍,중상사고,0,1,1,0,차대차 - 측면직각충돌,안전운전불이행,건조,맑음,단일로 - 기타,승용,남,45세,상해없음,승용,여,47세,경상
2014032600100621,2014년 3월 26일 22시,수요일,강원도 원주시 단구동,중상사고,0,1,0,0,차대차 - 측면직각충돌,교차로운행방법위반,건조,맑음,교차로 - 교차로안,승용,여,42세,상해없음,이륜,남,16세,중상
2014032600100622,2014년 3월 26일 22시,수요일,강원도 속초시 조양동,경상사고,0,0,2,0,차대차 - 측면직각충돌,안전거리미확보,건조,맑음,교차로 - 교차로부근,화물,남,51세,상해없음,승용,남,43세,경상
2014032600100623,2014년 3월 26일 22시,수요일,강원도 양양군 강현면,경상사고,0,0,1,0,차대차 - 추돌 - 주정차중,안전운전불이행,건조,맑음,단일로 - 기타,승용,여,53세,상해없음,승용,남,52세,기타불명
2014032600100650,2014년 3월 26일 23시,수요일,강원도 속초시 교동,중상사고,0,1,0,0,차대사람 - 기타,안전운전불이행,건조,맑음,단일로 - 기타,승용,남,40세,상해없음,보행자,여,24세,중상
2014032700100059,2014년 3월 27일 04시,목요일,강원도 춘천시 퇴계동,경상사고,0,0,1,0,차대차 - 측면직각충돌,직진우회전진행방해,건조,맑음,교차로 - 교차로안,승합,남,51세,상해없음,승용,여,37세,경상
2014032700100169,2014년 3월 27일 09시,목요일,강원도 강릉시 대전동,중상사고,0,1,3,0,차대차 - 측면직각충돌,안전운전불이행,기타,기타,교차로 - 교차로안,승용,여,59세,중상,승용,여,43세,경상
2014032700100170,2014년 3월 27일 09시,목요일,강원도 원주시 흥업면,경상사고,0,0,1,0,차대차 - 기타,교차로운행방법위반,건조,맑음,교차로 - 교차로안,승합,남,60세,상해없음,승용,남,69세,경상
2014032700100192,2014년 3월 27일 10시,목요일,강원도 원주시 평원동,부상신고사고,0,0,0,1,차대차 - 측면직각충돌,안전거리미확보,건조,맑음,단일로 - 기타,원동기,남,83세,부상신고,화물,남,42세,상해없음
2014032700100219,2014년 3월 27일 11시,목요일,강원도 춘천시 효자동,부상신고사고,0,0,0,1,차대사람 - 기타,안전운전불이행,건조,맑음,단일로 - 기타,승합,남,66세,상해없음,보행자,남,75세,부상신고
2014032700100286,2014년 3월 27일 14시,목요일,강원도 인제군 북면,경상사고,0,0,1,0,차대차 - 측면직각충돌,중앙선침범,건조,맑음,단일로 - 기타,승용,여,31세,상해없음,승용,남,26세,경상
2014032700100315,2014년 3월 27일 15시,목요일,강원도 춘천시 석사동,경상사고,0,0,1,0,차대차 - 기타,교차로운행방법위반,건조,맑음,교차로 - 교차로안,승용,남,61세,상해없음,승용,남,37세,경상
2014032700100316,2014년 3월 27일 15시,목요일,강원도 원주시 단계동,경상사고,0,0,1,0,차대차 - 측면직각충돌,신호위반,건조,맑음,교차로 - 교차로안,건설기계,남,32세,상해없음,승용,여,51세,경상