사고번호,사고일시,요일,시군구,사고내용,사망자수,중상자수,경상자수,부상신고자수,사고유형,법규위반,노면상태,기상상태,도로형태,가해운전자 차종,가해운전자 성별,가해운전자 연령,가해운전자 상해정도,피해운전자 차종,피해운전자 성별,피해운전자 연령,피해운전자 상해정도
2014040200100391,2014년 4월 2일 17시,수요일,강원도 원주시 무실동,경상사고,0,0,1,0,차대차 - 추돌 - 진행중,차로위반,건조,맑음,단일로 - 기타,승합,남,52세,상해없음,승용,남,46세,경상
2014040200100392,2014년 4월 2일 17시,수요일,강원도 원주시 관설동,경상사고,0,0,1,0,차대차 - 추돌 - 주정차중,안전운전불이행,건조,맑음,단일로 - 기타,승용,남,61세,상해없음,승합,남,55세,경상
2014040200100393,2014년 4월 2일 17시,수요일,강원도 동해시 동회동,경상사고,0,0,1,0,차대사람 - 기타,안전운전불이행,건조,맑음,단일로 - 기타,승합,남,43세,상해없음,보행자,여,46세,경상
2014040200100469,2014년 4월 2일 19시,수요일,강원도 춘천시 퇴계동,중상사고,0,1,0,0,차대차 - 측면직각충돌,교차로운행방법위반,건조,맑음,교차로 - 교차로안,승용,남,31세,상해없음,원동기,남,44세,중상
2014040200100470,2014년 4월 2일 19시,수요일,강원도 강릉시 내곡동,경상사고,0,0,1,0,차대사람 - 횡단중,안전운전불이행,건조,맑음,교차로 - 교차로안,화물,남,58세,상해없음,보행자,여,79세,경상
2014040200100471,2014년 4월 2일 19시,수요일,강원도 원주시 우산동,경상사고,0,0,2,0,차대차 - 측면직각충돌,안전운전불이행,건조,맑음,교차로 - 교차로안,승용,남,45세,상해없음,승용,남,54세,경상
2014040200100565,2014년 4월 2일 21시,수요일,강원도 강릉시 포남동,경상사고,0,0,1,0,차대사람 - 기타,안전운전불이행,건조,맑음,교차로 - 교차로부근,기타불명,기타불명,기타불명,기타불명,보행자,남,37세,경상
2014040200100620,2014년 4월 2일 23시,수요일,강원도 원주시 단계동,경상사고,0,0,1,0,차대차 - 추돌 - 진행중,안전거리미확보,건조,기타,단일로 - 기타,이륜,남,22세,경상,승용,남,44세,상해없음
2014040300100011,2014년 4월 3일 00시,목요일,강원도 춘천시 근화동,중상사고,0,1,0,0,차대차 - 측면직각충돌,안전운전불이행,건조,맑음,단일로 - 기타,승용,남,56세,상해없음,승용,남,42세,중상
2014040300100072,2014년 4월 3일 06시,목요일,강원도 원주시 무실동,중상사고,0,1,2,0,차대차 - 측면직각충돌,신호위반,건조,맑음,교차로 - 교차로안,화물,남,63세,상해없음,승용,남,54세,중상
2014040300100092,2014년 4월 3일 07시,목요일,강원도 원주시 중앙동,경상사고,0,0,1,0,차대차 - 추돌 - 진행중,안전거리미확보,건조,맑음,교차로 - 교차로안,승용,남,55세,상해없음,승합,남,57세,상해없음
2014040300100093,2014년 4월 3일 07시,목요일,강원도 영월군 영월읍,중상사고,0,1,0,0,차대차 - 측면직각충돌,교차로운행방법위반,건조,맑음,교차로 - 교차로안,화물,남,59세,상해없음,승용,남,45세,중상
2014040300100122,2014년 4월 3일 08시,목요일,강원도 춘천시 후평동,중상사고,0,1,0,0,차대사람 - 기타,안전운전불이행,건조,맑음,단일로 - 기타,화물,남,54세,상해없음,보행자,여,27세,중상
2014040300100153,2014년 4월 3일 09시,목요일,강원도 춘천시 근화동,중상사고,0,1,2,0,차대차 - 측면직각충돌,신호위반,건조,맑음,교차로 - 교차로안,화물,남,72세,상해없음,승합,여,47세,중상
2014040300100154,2014년 4월 3일 09시,목요일,강원도 강릉시 주문진읍,경상사고,0,0,1,0,차량단독 - 기타,안전운전불이행,건조,맑음,단일로 - 기타,승용,남,53세,상해없음,,,,
2014040300100155,2014년 4월 3일 09시,목요일,강원도 원주시 소초면,경상사고,0,0,4,0,차대차 - 측면직각충돌,신호위반,건조,맑음,교차로 - 교차로안,승용,남,28세,경상,화물,남,54세,경상
2014040300100156,2014년 4월 3일 09시,목요일,강원도 홍천군 홍천읍,중상사고,0,1,0,0,차대차 - 측면직각충돌,안전운전불이행,건조,맑음,교차로 - 교차로안,승용,남,53세,상해없음,원동기,남,73세,중상
2014040300100186,2014년 4월 3일 10시,목요일,강원도 강릉시 포남동,경상사고,0,0,1,0,차대차 - 기타,안전운전불이행,건조,맑음,단일로 - 기타,화물,남,54세,상해없음,승용,여,50세,경상
2014040300100202,2014년 4월 3일 11시,목요일,강원도 동해시 북평동,경상사고,0,0,1,0,차대사람 - 기타,안전운전불이행,건조,맑음,단일로 - 기타,승용,여,62세,상해없음,보행자,남,53세,경상
2014040300100298,2014년 4월 3일 14시,목요일,강원도 춘천시 조양동,경상사고,0,0,1,0,차대차 - 기타,안전운전불이행,건조,맑음,단일로 - 기타,승용,남,59세,상해없음,승합,남,43세,경상
2014040300100299,2014년 4월 3일 14시,목요일,강원도 원주시 원동,경상사고,0,0,1,0,차대사람 - 기타,안전운전불이행,건조,맑음,단일로 - 기타,승용,여,51세,상해없음,보행자,여,7세,경상
2014040300100322,2014년 4월 3일 15시,목요일,강원도 속초시 금호동,경상사고,0,0,1,0,차대차 - 측면직각충돌,신호위반,습기,비,교차로 - 교차로안,화물,여,63세,상해없음,원동기,남,64세,경상
2014040300100343,2014년 4월 3일 16시,목요일,강원도 강릉시 두산동,경상사고,0,0,1,0,차대차 - 기타,안전운전불이행,습기,비,기타 - 기타,화물,남,61세,상해없음,이륜,남,59세,경상
2014040300100409,2014년 4월 3일 18시,목요일,강원도 강릉시 홍제동,경상사고,0,0,1,0,차대사람 - 기타,안전운전불이행,습기,비,단일로 - 기타,화물,남,55세,상해없음,보행자,여,77세,경상
2014040300100410,2014년 4월 3일 18시,목요일,강원도 강릉시 입암동,경상사고,0,0,1,0,차대사람 - 기타,신호위반,습기,비,교차로 - 교차로부근,승용,남,44세,상해없음,보행자,여,11세,경상
2014040300100446,2014년 4월 3일 19시,목요일,강원도 강릉시 박월동,사망사고,1,0,0,0,차대사람 - 횡단중,보행자보호의무위반,습기,비,단일로 - 횡단보도상,화물,남,30세,상해없음,보행자,남,74세,사망
2014040300100521,2014년 4월 3일 21시,목요일,강원도 원주시 무실동,중상사고,0,1,0,0,차대사람 - 기타,안전운전불이행,습기,비,단일로 - 기타,승용,여,55세,상해없음,보행자,남,35세,중상
2014040300100522,2014년 4월 3일 21시,목요일,강원도 속초시 청학동,경상사고,0,0,1,0,차대차 - 측면직각충돌,불법유턴,습기,비,단일로 - 기타,승용,남,51세,상해없음,원동기,여,41세,경상
2014040400100014,2014년 4월 4일 00시,금요일,강원도 강릉시 주문진읍,경상사고,0,0,2,0,차대차 - 측면직각충돌,안전운전불이행,기타,기타,교차로 - 교차로안,승용,여,54세,경상,승용,여,25세,경상
2014040400100037,2014년 4월 4일 01시,금요일,강원도 원주시 학성동,중상사고,0,1,0,0,차량단독 - 공작물충돌,안전운전불이행,습기,비,교차로 - 교차로안,승용,남,58세,중상,,,,
2014040400100070,2014년 4월 4일 03시,금요일,강원도 강릉시 난곡동,경상사고,0,0,2,0,차대차 - 기타,신호위반,건조,맑음,교차로 - 교차로안,승용,여,45세,상해없음,승용,남,58세,경상
2014040400100115,2014년 4월 4일 07시,금요일,강원도 철원군 동송읍,경상사고,0,0,1,0,차대차 - 측면직각충돌,교차로운행방법위반,건조,맑음,교차로 - 교차로안,승용,남,51세,상해없음,원동기,남,68세,경상
2014040400100172,2014년 4월 4일 09시,금요일,강원도 춘천시 사북면,중상사고,0,1,0,0,차대차 - 측면직각충돌,안전운전불이행,건조,맑음,단일로 - 기타,건설기계,남,58세,기타불명,화물,남,37세,중상
2014040400100173,2014년 4월 4일 09시,금요일,강원도 양구군 양구읍,중상사고,0,2,0,0,차대차 - 정면충돌,안전운전불이행,건조,맑음,교차로 - 교차로안,승용,남,58세,상해없음,승합,여,64세,중상
2014040400100212,2014년 4월 4일 10시,금요일,강원도 원주시 평원동,부상신고사고,0,0,0,1,차대사람 - 기타,안전운전불이행,건조,맑음,단일로 - 기타,기타불명,기타불명,기타불명,기타불명,보행자,여,50세,부상신고
2014040400100213,2014년 4월 4일 10시,금요일,강원도 원주시 명륜동,경상사고,0,0,1,0,차대차 - 기타,교차로운행방법위반,건조,맑음,교차로 - 교차로안,승용,여,45세,상해없음,승용,남,65세,경상
2014040400100214,2014년 4월 4일 10시,금요일,강원도 원주시 평원동,부상신고사고,0,0,0,1,차량단독 - 기타,안전운전불이행,건조,맑음,단일로 - 기타,기타불명,기타불명,기타불명,기타불명,,,,
2014040400100215,2014년 4월 4일 10시,금요일,강원도 평창군 봉평면,경상사고,0,0,1,0,차대사람 - 기타,안전운전불이행,건조,맑음,교차로 - 교차로부근,이륜,남,82세,기타불명,보행자,여,77세,경상
2014040400100239,2014년 4월 4일 11시,금요일,강원도 춘천시 퇴계동,경상사고,0,0,1,0,차대차 - 측면직각충돌,신호위반,건조,맑음,교차로 - 교차로안,승용,남,75세,상해없음,승용,여,29세,경상
2014040400100240,2014년 4월 4일 11시,금요일,강원도 삼척시 도계읍,경상사고,0,0,1,0,차대사람 - 차도통행중,안전운전불이행,건조,맑음,교차로 - 교차로안,승용,남,19세,상해없음,보행자,여,86세,경상
2014040400100241,2014년 4월 4일 11시,금요일,강원도 영월군 영월읍,중상사고,0,1,0,0,차대차 - 측면직각충돌,교차로운행방법위반,건조,맑음,교차로 - 교차로안,승용,남,61세,상해없음,원동기,남,78세,중상
2014040400100269,2014년 4월 4일 12시,금요일,강원도 속초시 교동,중상사고,0,1,0,0,차대사람 - 횡단중,안전운전불이행,건조,맑음,교차로 - 교차로안,승합,여,40세,상해없음,보행자,여,84세,중상
2014040400100270,2014년 4월 4일 12시,금요일,강원도 철원군 서면,중상사고,0,1,0,0,차대차 - 측면직각충돌,교차로운행방법위반,건조,맑음,교차로 - 교차로안,승용,여,39세,상해없음,원동기,여,58세,중상
2014040400100323,2014년 4월 4일 14시,금요일,강원도 원주시 문막읍,중상사고,0,1,1,0,차대차 - 기타,차로위반,건조,맑음,단일로 - 기타,승용,여,54세,상해없음,승용,여,53세,경상
2014040400100324,2014년 4월 4일 14시,금요일,강원도 원주시 단구동,중상사고,0,1,0,0,차대사람 - 보도통행중,보행자보호의무위반,건조,맑음,단일로 - 횡단보도상,승용,여,55세,상해없음,보행자,여,73세,중상
2014040400100364,2014년 4월 4일 15시,금요일,강원도 춘천시 송암동,경상사고,0,0,3,0,차대차 - 측면직각충돌,안전운전불이행,건조,맑음,교차로 - 교차로안,승용,남,76세,상해없음,승용,여,38세,경상
2014040400100529,2014년 4월 4일 19시,금요일,강원도 춘천시 신동면,경상사고,0,0,2,0,차대차 - 측면직각충돌,안전운전불이행,건조,맑음,단일로 - 기타,승용,남,52세,상해없음,승용,남,51세,경상
2014040400100565,2014년 4월 4일 20시,금요일,강원도 원주시 평원동,중상사고,0,1,0,0,차대차 - 기타,안전운전불이행,건조,맑음,교차로 - 교차로안,승용,남,65세,상해없음,승용,남,55세,중상
2014040500100036,2014년 4월 5일 01시,토요일,강원도 강릉시 교동,경상사고,0,0,2,0,차대차 - 추돌 - 주정차중,안전운전불이행,건조,맑음,단일로 - 기타,승용,남,29세,상해없음,승용,남,28세,경상
2014040500100123,2014년 4월 5일 07시,토요일,강원도 영월군 영월읍,중상사고,0,1,0,0,차대차 - 추돌 - 진행중,안전운전불이행,건조,맑음,단일로 - 기타,승용,남,35세,상해없음,화물,남,54세,중상
2014040500100186,2014년 4월 5일 10시,토요일,강원도 원주시 학성동,중상사고,0,1,0,0,차대차 - 기타,교차로운행방법위반,건조,맑음,교차로 - 교차로안,화물,남,41세,상해없음,자전거,남,82세,중상
2014040500100281,2014년 4월 5일 13시,토요일,강원도 춘천시 서면,경상사고,0,0,2,0,차대차 - 측면직각충돌,신호위반,건조,맑음,교차로 - 교차로안,승용,남,30세,상해없음,승용,남,46세,상해없음
2014040500100282,2014년 4월 5일 13시,토요일,강원도 강릉시 입암동,경상사고,0,0,1,0,차대차 - 추돌 - 주정차중,안전운전불이행,건조,맑음,교차로 - 교차로부근,승용,남,61세,상해없음,승합,남,46세,경상
2014040500100309,2014년 4월 5일 14시,토요일,강원도 원주시 우산동,중상사고,0,1,2,0,차대차 - 기타,직진우회전진행방해,건조,맑음,교차로 - 교차로안,승용,여,23세,경상,승용,남,56세,중상
2014040500100383,2014년 4월 5일 16시,토요일,강원도 춘천시 중앙로3가,중상사고,0,1,0,0,차대사람 - 기타,안전운전불이행,습기,비,단일로 - 기타,승용,남,54세,상해없음,보행자,여,82세,중상
2014040500100421,2014년 4월 5일 17시,토요일,강원도 원주시 문막읍,중상사고,0,1,0,0,차대차 - 기타,신호위반,건조,흐림,교차로 - 교차로안,화물,남,53세,상해없음,승합,남,25세,중상
2014040500100523,2014년 4월 5일 20시,토요일,강원도 춘천시 우두동,경상사고,0,0,1,0,차대차 - 기타,안전운전불이행,건조,맑음,단일로 - 기타,승용,남,47세,상해없음,화물,남,32세,경상
2014040500100572,2014년 4월 5일 21시,토요일,강원도 삼척시 남양동,중상사고,0,1,0,0,차대차 - 측면직각충돌,중앙선침범,습기,흐림,교차로 - 교차로부근,승용,남,40세,상해없음,자전거,여,63세,중상
2014040500100573,2014년 4월 5일 21시,토요일,강원도 양구군 양구읍,중상사고,0,1,0,0,차대차 - 정면충돌,안전운전불이행,습기,흐림,교차로 - 교차로안,승용,여,29세,상해없음,승용,여,34세,중상
2014040500100574,2014년 4월 5일 21시,토요일,강원도 동해시 평릉동,중상사고,0,1,0,0,차대차 - 추돌 - 진행중,신호위반,습기,흐림,교차로 - 교차로안,승용,여,42세,상해없음,승용,여,42세,중상
2014040500100597,2014년 4월 5일 22시,토요일,강원도 강릉시 입암동,경상사고,0,0,1,0,차대차 - 추돌 - 진행중,안전운전불이행,건조,맑음,교차로 - 교차로부근,승용,여,25세,상해없음,승용,남,35세,경상
2014040600100045,2014년 4월 6일 03시,일요일,강원도 춘천시 후평동,경상사고,0,0,1,0,차대차 - 추돌 - 주정차중,안전운전불이행,건조,맑음,교차로 - 교차로부근,승용,남,47세,상해없음,승용,여,49세,경상
2014040600100063,2014년 4월 6일 06시,일요일,강원도 정선군 남면,사망사고,1,0,0,0,차량단독 - 공작물충돌,안전운전불이행,결빙,눈,단일로 - 기타,화물,남,53세,사망,,,,
2014040600100071,2014년 4월 6일 07시,일요일,강원도 강릉시 성산면,사망사고,1,0,0,0,차량단독 - 공작물충돌,안전운전불이행,결빙,맑음,단일로 - 기타,승용,남,25세,사망,,,,
2014040600100087,2014년 4월 6일 08시,일요일,강원도 춘천시 사농동,경상사고,0,0,1,0,차대차 - 추돌 - 주정차중,안전거리미확보,건조,맑음,교차로 - 교차로부근,승용,여,32세,상해없음,승용,여,57세,경상
2014040600100088,2014년 4월 6일 08시,일요일,강원도 삼척시 원당동,중상사고,0,1,0,0,차대차 - 추돌 - 진행중,안전거리미확보,건조,맑음,교차로 - 교차로부근,승용,남,65세,상해없음,승용,남,68세,중상
2014040600100089,2014년 4월 6일 08시,일요일,강원도 평창군 대관령면,중상사고,0,1,1,0,차대차 - 추돌 - 진행중,안전운전불이행,결빙,기타,단일로 - 기타,승용,남,27세,상해없음,승용,여,26세,중상
2014040600100107,2014년 4월 6일 09시,일요일,강원도 인제군 기린면,중상사고,0,1,0,0,차대사람 - 횡단중,안전운전불이행,건조,맑음,단일로 - 기타,화물,여,50세,상해없음,보행자,남,7세,중상
2014040600100138,2014년 4월 6일 10시,일요일,강원도 고성군 간성읍,경상사고,0,0,1,0,차량단독 - 공작물충돌,안전운전불이행,건조,맑음,단일로 - 기타,승용,남,54세,상해없음,,,,
2014040600100215,2014년 4월 6일 13시,일요일,강원도 춘천시 퇴계동,중상사고,0,1,0,0,차대사람 - 기타,안전운전불이행,건조,맑음,기타 - 기타,승용,남,29세,상해없음,보행자,여,53세,중상
2014040600100216,2014년 4월 6일 13시,일요일,강원도 고성군 간성읍,경상사고,0,0,5,0,차대차 - 추돌 - 진행중,신호위반,건조,맑음,교차로 - 교차로안,승용,여,57세,상해없음,승용,남,66세,경상
2014040600100237,2014년 4월 6일 14시,일요일,강원도 춘천시 삼천동,경상사고,0,0,2,0,차대차 - 기타,안전운전불이행,건조,맑음,교차로 - 교차로안,승용,남,60세,상해없음,승용,남,41세,경상
2014040600100238,2014년 4월 6일 14시,일요일,강원도 화천군 화천읍,경상사고,0,0,1,0,차대차 - 정면충돌,중앙선침범,건조,맑음,기타 - 기타,화물,남,42세,상해없음,승용,남,42세,상해없음
2014040600100266,2014년 4월 6일 15시,일요일,강원도 강릉시 왕산면,중상사고,0,3,0,0,차대차 - 기타,중앙선침범,기타,기타,단일로 - 기타,승용,여,62세,중상,승용,남,48세,중상
2014040600100267,2014년 4월 6일 15시,일요일,강원도 강릉시 노암동,경상사고,0,0,2,0,차대차 - 기타,안전운전불이행,건조,맑음,단일로 - 기타,승용,여,44세,상해없음,승용,남,65세,경상
2014040600100268,2014년 4월 6일 15시,일요일,강원도 원주시 신림면,중상사고,0,3,1,0,차대차 - 측면직각충돌,교차로운행방법위반,건조,맑음,교차로 - 교차로안,승합,남,43세,상해없음,승용,남,53세,중상
2014040600100269,2014년 4월 6일 15시,일요일,강원도 동해시 송정동,중상사고,0,1,0,0,차대차 - 기타,교차로운행방법위반,건조,맑음,교차로 - 교차로안,승용,여,57세,상해없음,승용,남,60세,상해없음
2014040600100309,2014년 4월 6일 16시,일요일,강원도 강릉시 교동,경상사고,0,0,2,0,차대차 - 기타,안전운전불이행,기타,기타,단일로 - 기타,승용,남,76세,상해없음,승용,남,70세,경상
2014040600100310,2014년 4월 6일 16시,일요일,강원도 동해시 망상동,경상사고,0,0,3,0,차대차 - 측면직각충돌,안전운전불이행,건조,맑음,교차로 - 교차로안,승용,남,39세,상해없음,승용,남,37세,경상
2014040600100341,2014년 4월 6일 17시,일요일,강원도 춘천시 석사동,경상사고,0,0,1,0,차대차 - 추돌 - 진행중,안전거리미확보,건조,맑음,단일로 - 기타,승용,남,59세,상해없음,승용,여,61세,경상
2014040600100342,2014년 4월 6일 17시,일요일,강원도 강릉시 죽헌동,경상사고,0,0,1,0,차대차 - 추돌 - 주정차중,안전운전불이행,기타,기타,단일로 - 기타,승용,여,51세,상해없음,승용,남,53세,경상
2014040600100343,2014년 4월 6일 17시,일요일,강원도 홍천군 화촌면,중상사고,0,1,0,0,차대차 - 추돌 - 진행중,안전운전불이행,건조,맑음,단일로 - 기타,이륜,남,32세,중상,승용,여,31세,상해없음
2014040600100400,2014년 4월 6일 19시,일요일,강원도 춘천시 동내면,경상사고,0,0,1,0,차대차 - 측면직각충돌,안전거리미확보,건조,맑음,단일로 - 기타,승용,남,42세,기타불명,화물,남,54세,경상
2014040600100401,2014년 4월 6일 19시,일요일,강원도 정선군 정선읍,경상사고,0,0,3,0,차대차 - 추돌 - 주정차중,안전운전불이행,건조,맑음,단일로 - 기타,승용,여,39세,상해없음,승용,남,43세,경상
2014040600100432,2014년 4월 6일 20시,일요일,강원도 춘천시 효자동,경상사고,0,0,1,0,차대차 - 측면직각충돌,신호위반,건조,맑음,교차로 - 교차로안,원동기,남,22세,상해없음,승용,남,56세,경상
2014040600100433,2014년 4월 6일 20시,일요일,강원도 춘천시 퇴계동,중상사고,0,1,0,0,차대사람 - 기타,보행자보호의무위반,건조,맑음,교차로 - 교차로부근,승용,여,41세,상해없음,보행자,남,25세,중상
2014040600100460,2014년 4월 6일 21시,일요일,강원도 춘천시 우두동,경상사고,0,0,5,0,차량단독 - 공작물충돌,안전운전불이행,건조,맑음,교차로 - 교차로안,승합,남,43세,상해없음,,,,
2014040600100490,2014년 4월 6일 22시,일요일,강원도 동해시 용정동,중상사고,0,1,0,0,차대차 - 측면직각충돌,안전거리미확보,건조,맑음,단일로 - 기타,이륜,남,21세,상해없음,승용,남,32세,상해없음
2014040600100509,2014년 4월 6일 23시,일요일,강원도 원주시 단계동,중상사고,0,1,0,0,차대차 - 측면직각충돌,안전운전불이행,건조,기타,교차로 - 교차로안,승용,남,31세,상해없음,이륜,남,18세,중상
2014040700100110,2014년 4월 7일 08시,월요일,강원도 춘천시 소양로1가,경상사고,0,0,1,0,차대차 - 측면직각충돌,안전운전불이행,건조,맑음,교차로 - 교차로안,승용,남,66세,상해없음,승용,남,37세,경상
2014040700100111,2014년 4월 7일 08시,월요일,강원도 평창군 대화면,경상사고,0,0,1,0,차대차 - 측면직각충돌,중앙선침범,건조,맑음,단일로 - 기타,원동기,여,74세,상해없음,승용,여,29세,경상
2014040700100146,2014년 4월 7일 09시,월요일,강원도 강릉시 임당동,중상사고,0,1,2,0,차대차 - 측면직각충돌,안전운전불이행,건조,맑음,교차로 - 교차로안,승용,여,55세,중상,승용,남,69세,경상
2014040700100214,2014년 4월 7일 12시,월요일,강원도 원주시 행구동,경상사고,0,0,1,0,차대차 - 기타,안전운전불이행,건조,맑음,교차로 - 교차로부근,기타불명,기타불명,기타불명,기타불명,자전거,남,18세,경상
2014040700100215,2014년 4월 7일 12시,월요일,강원도 철원군 서면,경상사고,0,0,1,0,차대차 - 측면직각충돌,교차로운행방법위반,건조,맑음,교차로 - 교차로안,화물,남,58세,상해없음,승용,남,54세,경상
2014040700100243,2014년 4월 7일 13시,월요일,강원도 원주시 태장동,경상사고,0,0,1,0,차대사람 - 기타,안전운전불이행,건조,맑음,단일로 - 기타,승용,여,73세,상해없음,보행자,여,30세,경상
2014040700100244,2014년 4월 7일 13시,월요일,강원도 횡성군 청일면,중상사고,0,1,1,0,차대차 - 정면충돌,중앙선침범,건조,맑음,단일로 - 기타,승용,여,65세,상해없음,승용,남,29세,중상
2014040700100316,2014년 4월 7일 15시,월요일,강원도 춘천시 퇴계동,중상사고,0,1,0,0,차대차 - 측면직각충돌,안전운전불이행,건조,맑음,단일로 - 기타,기타불명,기타불명,60세,기타불명,이륜,남,72세,중상
2014040700100317,2014년 4월 7일 15시,월요일,강원도 원주시 중앙동,경상사고,0,0,1,0,차대차 - 측면직각충돌,안전운전불이행,건조,맑음,단일로 - 기타,기타불명,기타불명,기타불명,기타불명,승용,남,34세,경상
2014040700100348,2014년 4월 7일 16시,월요일,강원도 고성군 거진읍,경상사고,0,0,4,0,차대차 - 측면직각충돌,안전운전불이행,건조,맑음,단일로 - 기타,승용,남,62세,상해없음,승용,남,28세,경상
2014040700100384,2014년 4월 7일 17시,월요일,강원도 원주시 개운동,경상사고,0,0,1,0,차대차 - 기타,안전운전불이행,건조,맑음,교차로 - 교차로안,승용,여,45세,상해없음,자전거,남,12세,경상
2014040700100385,2014년 4월 7일 17시,월요일,강원도 삼척시 교동,중상사고,0,1,0,0,차대사람 - 횡단중,보행자보호의무위반,건조,맑음,교차로 - 교차로부근,승용,여,34세,상해없음,보행자,남,75세,중상
2014040700100386,2014년 4월 7일 17시,월요일,강원도 평창군 평창읍,중상사고,0,1,0,0,차대차 - 측면직각충돌,신호위반,건조,맑음,교차로 - 교차로안,승용,여,48세,상해없음,이륜,남,70세,중상
2014040700100387,2014년 4월 7일 17시,월요일,강원도 횡성군 안흥면,중상사고,0,1,1,0,차대차 - 측면직각충돌,중앙선침범,건조,맑음,교차로 - 교차로안,농기계,남,68세,상해없음,승용,여,67세,경상
2014040700100423,2014년 4월 7일 18시,월요일,강원도 원주시 원동,경상사고,0,0,1,0,차대차 - 측면직각충돌,교차로운행방법위반,건조,맑음,교차로 - 교차로안,화물,남,65세,상해없음,이륜,남,22세,경상
2014040700100466,2014년 4월 7일 19시,월요일,강원도 강릉시 교동,중상사고,0,1,0,0,차대차 - 측면직각충돌,중앙선침범,건조,맑음,단일로 - 기타,원동기,남,75세,중상,승용,남,38세,상해없음
2014040700100524,2014년 4월 7일 21시,월요일,강원도 원주시 단계동,경상사고,0,0,1,0,차대차 - 기타,차로위반,건조,기타,단일로 - 기타,승용,남,32세,상해없음,승용,남,52세,경상
2014040700100561,2014년 4월 7일 22시,월요일,강원도 홍천군 내면,중상사고,0,1,0,0,차대사람 - 기타,안전운전불이행,건조,맑음,단일로 - 기타,승용,여,47세,상해없음,보행자,여,16세,중상
2014040800100124,2014년 4월 8일 08시,화요일,강원도 춘천시 근화동,경상사고,0,0,1,0,차대사람 - 기타,안전운전불이행,건조,맑음,교차로 - 교차로안,기타불명,기타불명,기타불명,기타불명,보행자,남,14세,경상
2014040800100163,2014년 4월 8일 09시,화요일,강원도 속초시 교동,중상사고,0,2,2,0,차대차 - 측면직각충돌,신호위반,건조,맑음,교차로 - 교차로안,승합,남,48세,상해없음,승용,남,52세,중상
2014040800100164,2014년 4월 8일 09시,화요일,강원도 고성군 토성면,경상사고,0,0,1,0,차대차 - 측면직각충돌,교차로운행방법위반,건조,맑음,교차로 - 교차로안,승용,여,59세,상해없음,승합,남,51세,경상
2014040800100188,2014년 4월 8일 10시,화요일,강원도 강릉시 옥천동,중상사고,0,1,0,0,차대차 - 추돌 - 진행중,안전운전불이행,건조,맑음,단일로 - 기타,화물,남,66세,상해없음,화물,남,42세,상해없음
2014040800100215,2014년 4월 8일 11시,화요일,강원도 춘천시 퇴계동,경상사고,0,0,1,0,차대차 - 기타,안전운전불이행,건조,맑음,단일로 - 기타,승용,남,44세,상해없음,승용,여,55세,경상
2014040800100241,2014년 4월 8일 12시,화요일,강원도 원주시 단구동,경상사고,0,0,1,0,차대차 - 기타,차로위반,건조,맑음,교차로 - 교차로부근,승용,여,35세,상해없음,승용,남,29세,경상
2014040800100266,2014년 4월 8일 13시,화요일,강원도 강릉시 옥천동,경상사고,0,0,2,0,차대차 - 추돌 - 진행중,안전운전불이행,건조,맑음,교차로 - 교차로부근,화물,남,66세,상해없음,승용,여,54세,경상
2014040800100296,2014년 4월 8일 14시,화요일,강원도 강릉시 안현동,경상사고,0,0,1,0,차대차 - 기타,안전운전불이행,건조,맑음,교차로 - 교차로부근,건설기계,남,49세,상해없음,이륜,남,43세,경상
2014040800100297,2014년 4월 8일 14시,화요일,강원도 원주시 판부면,부상신고사고,0,0,0,1,차대차 - 추돌 - 진행중,안전운전불이행,건조,맑음,단일로 - 기타,기타불명,기타불명,기타불명,기타불명,자전거,남,72세,부상신고
2014040800100338,2014년 4월 8일 15시,화요일,강원도 춘천시 퇴계동,경상사고,0,0,1,0,차대차 - 기타,신호위반,건조,맑음,교차로 - 교차로안,화물,남,47세,상해없음,승용,남,58세,경상
2014040800100339,2014년 4월 8일 15시,화요일,강원도 고성군 토성면,경상사고,0,0,1,0,차대차 - 측면직각충돌,교차로운행방법위반,건조,맑음,교차로 - 교차로안,건설기계,남,40세,상해없음,화물,여,48세,경상
2014040800100340,2014년 4월 8일 15시,화요일,강원도 동해시 동회동,중상사고,0,1,0,0,차대차 - 기타,안전운전불이행,건조,맑음,단일로 - 기타,승용,여,52세,상해없음,승합,여,33세,중상
2014040800100382,2014년 4월 8일 16시,화요일,강원도 춘천시 효자동,경상사고,0,0,1,0,차대사람 - 기타,안전운전불이행,건조,맑음,단일로 - 기타,원동기,남,20세,상해없음,보행자,여,80세,경상
2014040800100383,2014년 4월 8일 16시,화요일,강원도 원주시 단계동,경상사고,0,0,1,2,차대차 - 추돌 - 주정차중,안전거리미확보,건조,맑음,교차로 - 교차로부근,승용,남,66세,상해없음,승용,여,30세,경상
2014040800100426,2014년 4월 8일 17시,화요일,강원도 춘천시 신북읍,경상사고,0,0,2,0,차대차 - 측면직각충돌,안전운전불이행,건조,맑음,단일로 - 기타,승용,남,39세,상해없음,농기계,남,73세,경상
2014040800100427,2014년 4월 8일 17시,화요일,강원도 춘천시 남산면,경상사고,0,0,1,0,차대차 - 측면직각충돌,안전운전불이행,건조,맑음,단일로 - 기타,승용,남,69세,상해없음,승합,남,44세,경상