사고번호,사고일시,요일,시군구,사고내용,사망자수,중상자수,경상자수,부상신고자수,사고유형,법규위반,노면상태,기상상태,도로형태,가해운전자 차종,가해운전자 성별,가해운전자 연령,가해운전자 상해정도,피해운전자 차종,피해운전자 성별,피해운전자 연령,피해운전자 상해정도
2014040800100428,2014년 4월 8일 17시,화요일,강원도 속초시 도문동,경상사고,0,0,1,0,차대차 - 추돌 - 진행중,안전운전불이행,건조,맑음,단일로 - 기타,승용,남,51세,상해없음,승용,여,50세,경상
2014040800100463,2014년 4월 8일 18시,화요일,강원도 춘천시 석사동,경상사고,0,0,1,0,차대차 - 측면직각충돌,안전운전불이행,건조,맑음,단일로 - 기타,승용,여,34세,상해없음,승용,남,47세,경상
2014040800100464,2014년 4월 8일 18시,화요일,강원도 춘천시 효자동,경상사고,0,0,1,0,차대차 - 측면직각충돌,안전운전불이행,건조,맑음,교차로 - 교차로부근,자전거,남,26세,상해없음,자전거,여,51세,경상
2014040800100465,2014년 4월 8일 18시,화요일,강원도 동해시 묵호진동,경상사고,0,0,1,0,차대차 - 측면직각충돌,안전운전불이행,건조,맑음,단일로 - 기타,승용,남,39세,상해없음,승용,여,27세,경상
2014040800100500,2014년 4월 8일 19시,화요일,강원도 동해시 망상동,중상사고,0,1,0,0,차량단독 - 공작물충돌,안전운전불이행,건조,맑음,단일로 - 기타,승용,남,22세,상해없음,,,,
2014040800100540,2014년 4월 8일 20시,화요일,강원도 원주시 단계동,경상사고,0,0,1,0,차대차 - 기타,안전운전불이행,습기,맑음,단일로 - 기타,자전거,남,48세,경상,승용,여,41세,상해없음
2014040800100603,2014년 4월 8일 22시,화요일,강원도 춘천시 조양동,경상사고,0,0,3,0,차대차 - 측면직각충돌,안전운전불이행,건조,맑음,교차로 - 교차로안,이륜,남,25세,상해없음,승용,남,19세,경상
2014040800100636,2014년 4월 8일 23시,화요일,강원도 춘천시 석사동,중상사고,0,1,2,0,차대차 - 정면충돌,안전운전불이행,건조,맑음,기타 - 기타,승용,남,29세,상해없음,승용,여,27세,중상
2014040900100013,2014년 4월 9일 00시,수요일,강원도 평창군 평창읍,중상사고,0,1,0,0,차대차 - 기타,안전운전불이행,건조,맑음,단일로 - 기타,이륜,남,42세,중상,건설기계,남,40세,기타불명
2014040900100074,2014년 4월 9일 06시,수요일,강원도 춘천시 퇴계동,경상사고,0,0,2,0,차대차 - 측면직각충돌,안전운전불이행,건조,맑음,교차로 - 교차로안,승용,남,45세,상해없음,화물,남,53세,경상
2014040900100095,2014년 4월 9일 07시,수요일,강원도 춘천시 석사동,경상사고,0,0,1,0,차대차 - 측면직각충돌,안전운전불이행,건조,맑음,교차로 - 교차로안,화물,남,54세,상해없음,승용,여,30세,경상
2014040900100120,2014년 4월 9일 08시,수요일,강원도 강릉시 노암동,경상사고,0,0,1,0,차대차 - 기타,안전운전불이행,건조,맑음,교차로 - 교차로부근,승용,여,45세,상해없음,승용,여,30세,경상
2014040900100121,2014년 4월 9일 08시,수요일,강원도 태백시 황지동,중상사고,0,1,3,0,차대차 - 기타,교차로운행방법위반,건조,맑음,교차로 - 교차로안,승용,남,40세,상해없음,승용,여,36세,중상
2014040900100122,2014년 4월 9일 08시,수요일,강원도 정선군 정선읍,중상사고,0,1,1,0,차대사람 - 보도통행중,중앙선침범,건조,맑음,단일로 - 기타,승용,남,72세,상해없음,보행자,여,49세,중상
2014040900100123,2014년 4월 9일 08시,수요일,강원도 동해시 북평동,경상사고,0,0,2,0,차대차 - 기타,안전운전불이행,건조,맑음,교차로 - 교차로부근,승용,여,45세,상해없음,승용,남,60세,경상
2014040900100159,2014년 4월 9일 09시,수요일,강원도 강릉시 옥계면,경상사고,0,0,1,0,차대차 - 측면직각충돌,안전운전불이행,건조,맑음,교차로 - 교차로부근,승합,남,73세,상해없음,화물,남,47세,경상
2014040900100160,2014년 4월 9일 09시,수요일,강원도 원주시 단계동,중상사고,0,1,0,0,차대사람 - 보도통행중,기타,건조,맑음,단일로 - 기타,화물,남,45세,상해없음,보행자,여,67세,중상
2014040900100194,2014년 4월 9일 10시,수요일,강원도 춘천시 근화동,경상사고,0,0,1,0,차대차 - 기타,안전운전불이행,건조,맑음,교차로 - 교차로안,승용,남,32세,상해없음,승용,남,39세,상해없음
2014040900100195,2014년 4월 9일 10시,수요일,강원도 원주시 문막읍,경상사고,0,0,1,0,차대차 - 측면직각충돌,안전거리미확보,건조,맑음,단일로 - 기타,승용,남,77세,경상,건설기계,남,42세,상해없음
2014040900100259,2014년 4월 9일 13시,수요일,강원도 춘천시 온의동,중상사고,0,1,1,0,차대차 - 추돌 - 진행중,안전운전불이행,건조,맑음,단일로 - 기타,건설기계,남,26세,상해없음,승용,남,49세,경상
2014040900100260,2014년 4월 9일 13시,수요일,강원도 속초시 조양동,중상사고,0,1,0,0,차대사람 - 차도통행중,안전운전불이행,건조,맑음,단일로 - 기타,승용,여,47세,상해없음,보행자,남,7세,중상
2014040900100261,2014년 4월 9일 13시,수요일,강원도 삼척시 오분동,중상사고,0,3,0,0,차량단독 - 전도전복,안전운전불이행,건조,맑음,단일로 - 기타,승용,여,54세,중상,,,,
2014040900100287,2014년 4월 9일 14시,수요일,강원도 횡성군 청일면,경상사고,0,0,1,0,차대차 - 기타,중앙선침범,건조,맑음,단일로 - 기타,화물,남,57세,상해없음,승용,여,45세,경상
2014040900100316,2014년 4월 9일 15시,수요일,강원도 태백시 장성동,경상사고,0,0,1,0,차대차 - 기타,교차로운행방법위반,건조,맑음,교차로 - 교차로안,승용,남,57세,상해없음,승용,여,34세,경상
2014040900100317,2014년 4월 9일 15시,수요일,강원도 평창군 용평면,경상사고,0,0,1,0,차량단독 - 공작물충돌,안전운전불이행,건조,맑음,단일로 - 기타,승용,남,43세,상해없음,,,,
2014040900100357,2014년 4월 9일 16시,수요일,강원도 춘천시 퇴계동,경상사고,0,0,1,1,차대차 - 측면직각충돌,중앙선침범,건조,맑음,단일로 - 기타,승용,여,42세,상해없음,승용,여,35세,부상신고
2014040900100438,2014년 4월 9일 18시,수요일,강원도 원주시 우산동,부상신고사고,0,0,0,1,차대차 - 측면직각충돌,안전운전불이행,건조,맑음,교차로 - 교차로부근,자전거,남,75세,부상신고,승용,남,33세,상해없음
2014040900100439,2014년 4월 9일 18시,수요일,강원도 횡성군 횡성읍,경상사고,0,0,1,0,차대차 - 측면직각충돌,안전운전불이행,건조,맑음,교차로 - 교차로안,화물,남,54세,상해없음,승용,여,32세,경상
2014040900100482,2014년 4월 9일 19시,수요일,강원도 춘천시 근화동,경상사고,0,0,1,0,차대차 - 기타,기타,건조,맑음,단일로 - 기타,화물,남,50세,상해없음,자전거,남,18세,경상
2014040900100584,2014년 4월 9일 22시,수요일,강원도 강릉시 포남동,경상사고,0,0,1,0,차대차 - 기타,안전운전불이행,건조,맑음,단일로 - 기타,승용,남,54세,상해없음,원동기,남,18세,경상
2014041000100025,2014년 4월 10일 01시,목요일,강원도 홍천군 홍천읍,경상사고,0,0,1,0,차대차 - 추돌 - 주정차중,안전운전불이행,건조,맑음,단일로 - 기타,승용,남,61세,상해없음,승용,남,55세,기타불명
2014041000100049,2014년 4월 10일 04시,목요일,강원도 원주시 무실동,경상사고,0,0,1,0,차대차 - 측면직각충돌,신호위반,건조,맑음,교차로 - 교차로안,승용,남,32세,상해없음,화물,남,29세,경상
2014041000100067,2014년 4월 10일 06시,목요일,강원도 양구군 양구읍,중상사고,0,1,0,0,차대사람 - 기타,안전운전불이행,건조,맑음,단일로 - 기타,화물,남,44세,상해없음,보행자,여,83세,중상
2014041000100116,2014년 4월 10일 08시,목요일,강원도 고성군 간성읍,중상사고,0,2,1,0,차대차 - 추돌 - 진행중,신호위반,건조,맑음,교차로 - 교차로안,승용,남,58세,상해없음,승용,남,53세,중상
2014041000100117,2014년 4월 10일 08시,목요일,강원도 양구군 남면,경상사고,0,0,1,0,차대차 - 기타,안전운전불이행,건조,맑음,교차로 - 교차로안,승용,여,46세,상해없음,승용,남,27세,경상
2014041000100156,2014년 4월 10일 09시,목요일,강원도 양양군 강현면,경상사고,0,0,1,0,차대차 - 측면직각충돌,신호위반,건조,맑음,교차로 - 교차로안,승용,여,58세,상해없음,승용,남,52세,경상
2014041000100182,2014년 4월 10일 10시,목요일,강원도 춘천시 동산면,중상사고,0,1,0,0,차대차 - 추돌 - 진행중,안전운전불이행,건조,맑음,기타 - 기타,승용,남,68세,상해없음,화물,남,45세,중상
2014041000100206,2014년 4월 10일 11시,목요일,강원도 춘천시 퇴계동,중상사고,0,1,0,0,차대차 - 측면직각충돌,기타,건조,맑음,단일로 - 기타,승용,여,69세,상해없음,원동기,남,50세,중상
2014041000100207,2014년 4월 10일 11시,목요일,강원도 강릉시 명주동,중상사고,0,1,0,0,차대차 - 기타,안전거리미확보,건조,맑음,단일로 - 기타,승용,여,34세,상해없음,이륜,남,59세,중상
2014041000100208,2014년 4월 10일 11시,목요일,강원도 영월군 영월읍,중상사고,0,2,0,0,차대차 - 측면직각충돌,교차로운행방법위반,건조,맑음,교차로 - 교차로안,승용,남,60세,상해없음,이륜,남,75세,중상
2014041000100209,2014년 4월 10일 11시,목요일,강원도 동해시 발한동,경상사고,0,0,1,0,차대차 - 기타,안전거리미확보,건조,맑음,단일로 - 기타,원동기,남,76세,경상,승용,여,62세,상해없음
2014041000100233,2014년 4월 10일 12시,목요일,강원도 원주시 무실동,경상사고,0,0,1,0,차대차 - 추돌 - 진행중,안전운전불이행,건조,맑음,교차로 - 교차로안,승용,여,59세,상해없음,승용,남,32세,경상
2014041000100234,2014년 4월 10일 12시,목요일,강원도 원주시 단계동,경상사고,0,0,1,0,차대차 - 측면직각충돌,직진우회전진행방해,건조,맑음,교차로 - 교차로안,화물,남,69세,상해없음,승용,남,60세,경상
2014041000100279,2014년 4월 10일 14시,목요일,강원도 원주시 신림면,중상사고,0,1,0,0,차대차 - 기타,기타,건조,흐림,교차로 - 교차로안,화물,남,45세,상해없음,건설기계,남,60세,중상
2014041000100306,2014년 4월 10일 15시,목요일,강원도 강릉시 저동,경상사고,0,0,1,0,차대사람 - 기타,안전운전불이행,건조,맑음,교차로 - 교차로부근,승용,남,30세,상해없음,보행자,여,58세,경상
2014041000100307,2014년 4월 10일 15시,목요일,강원도 속초시 노학동,경상사고,0,0,1,0,차대차 - 추돌 - 주정차중,안전운전불이행,건조,맑음,단일로 - 기타,승용,여,25세,상해없음,승용,남,69세,상해없음
2014041000100368,2014년 4월 10일 17시,목요일,강원도 강릉시 죽헌동,중상사고,0,1,3,0,차대차 - 기타,안전운전불이행,건조,맑음,교차로 - 교차로부근,승용,여,52세,상해없음,승용,여,40세,경상
2014041000100403,2014년 4월 10일 18시,목요일,강원도 원주시 단구동,경상사고,0,0,1,0,차대차 - 측면직각충돌,안전운전불이행,건조,흐림,교차로 - 교차로안,승용,남,55세,상해없음,승용,여,43세,경상
2014041000100404,2014년 4월 10일 18시,목요일,강원도 홍천군 서석면,경상사고,0,0,2,0,차량단독 - 기타,안전운전불이행,건조,맑음,단일로 - 기타,화물,남,59세,상해없음,,,,
2014041000100405,2014년 4월 10일 18시,목요일,강원도 철원군 동송읍,중상사고,0,1,2,0,차대차 - 측면직각충돌,과속,건조,맑음,단일로 - 기타,화물,남,54세,상해없음,승용,여,47세,경상
2014041000100406,2014년 4월 10일 18시,목요일,강원도 양구군 양구읍,경상사고,0,0,1,0,차대차 - 기타,안전운전불이행,건조,맑음,교차로 - 교차로안,농기계,남,66세,상해없음,승용,남,26세,경상
2014041000100407,2014년 4월 10일 18시,목요일,강원도 원주시 소초면,중상사고,0,2,0,0,차대차 - 추돌 - 진행중,안전운전불이행,건조,맑음,단일로 - 기타,화물,남,69세,중상,화물,남,34세,중상
2014041000100513,2014년 4월 10일 21시,목요일,강원도 강릉시 주문진읍,경상사고,0,0,1,0,차대차 - 측면직각충돌,신호위반,건조,맑음,교차로 - 교차로안,승용,남,57세,상해없음,승용,남,45세,경상
2014041100100010,2014년 4월 11일 00시,금요일,강원도 원주시 문막읍,경상사고,0,0,1,0,차대차 - 추돌 - 진행중,중앙선침범,건조,맑음,교차로 - 교차로부근,승용,남,23세,상해없음,승용,여,31세,경상
2014041100100056,2014년 4월 11일 05시,금요일,강원도 춘천시 후평동,경상사고,0,0,1,0,차대차 - 추돌 - 주정차중,안전운전불이행,건조,맑음,교차로 - 교차로부근,승용,남,54세,상해없음,화물,남,42세,경상
2014041100100085,2014년 4월 11일 07시,금요일,강원도 춘천시 퇴계동,경상사고,0,0,1,0,차대차 - 측면직각충돌,안전운전불이행,건조,맑음,단일로 - 기타,화물,남,49세,상해없음,승용,남,32세,경상
2014041100100108,2014년 4월 11일 08시,금요일,강원도 원주시 개운동,경상사고,0,0,3,0,차대차 - 측면직각충돌,신호위반,건조,맑음,교차로 - 교차로안,승용,여,50세,상해없음,승용,남,62세,경상
2014041100100143,2014년 4월 11일 09시,금요일,강원도 춘천시 퇴계동,중상사고,0,1,4,1,차대차 - 측면직각충돌,기타,건조,흐림,단일로 - 기타,승용,여,31세,상해없음,승합,남,52세,상해없음
2014041100100144,2014년 4월 11일 09시,금요일,강원도 춘천시 후평동,경상사고,0,0,1,0,차대사람 - 기타,안전운전불이행,건조,맑음,교차로 - 교차로안,승용,남,47세,상해없음,보행자,남,27세,경상
2014041100100145,2014년 4월 11일 09시,금요일,강원도 동해시 천곡동,경상사고,0,0,1,0,차대차 - 추돌 - 진행중,안전운전불이행,건조,맑음,교차로 - 교차로부근,승용,남,50세,상해없음,승용,남,57세,경상
2014041100100163,2014년 4월 11일 10시,금요일,강원도 원주시 단계동,경상사고,0,0,2,0,차대차 - 측면직각충돌,신호위반,건조,맑음,교차로 - 교차로안,승용,여,30세,상해없음,승용,남,59세,경상
2014041100100164,2014년 4월 11일 10시,금요일,강원도 철원군 갈말읍,경상사고,0,0,1,0,차대차 - 측면직각충돌,교차로운행방법위반,건조,맑음,교차로 - 교차로안,승용,여,30세,상해없음,승용,여,64세,경상
2014041100100215,2014년 4월 11일 12시,금요일,강원도 춘천시 서면,경상사고,0,0,2,0,차대차 - 측면직각충돌,기타,건조,맑음,단일로 - 기타,승용,남,45세,상해없음,승용,남,48세,경상
2014041100100216,2014년 4월 11일 12시,금요일,강원도 원주시 무실동,중상사고,0,1,0,0,차대차 - 기타,안전거리미확보,건조,맑음,교차로 - 교차로부근,승용,여,55세,상해없음,승용,남,62세,중상
2014041100100217,2014년 4월 11일 12시,금요일,강원도 속초시 교동,경상사고,0,0,1,0,차대차 - 기타,안전운전불이행,건조,맑음,교차로 - 교차로부근,승용,여,47세,상해없음,원동기,남,16세,경상
2014041100100279,2014년 4월 11일 14시,금요일,강원도 춘천시 약사동,경상사고,0,0,1,0,차대차 - 측면직각충돌,안전운전불이행,건조,맑음,단일로 - 횡단보도상,승용,남,54세,상해없음,자전거,여,46세,경상
2014041100100280,2014년 4월 11일 14시,금요일,강원도 양구군 양구읍,중상사고,0,1,0,0,차대차 - 측면직각충돌,안전운전불이행,건조,맑음,교차로 - 교차로안,승용,남,61세,상해없음,이륜,남,24세,중상
2014041100100418,2014년 4월 11일 18시,금요일,강원도 속초시 중앙동,중상사고,0,1,0,0,차대사람 - 기타,보행자보호의무위반,건조,맑음,단일로 - 횡단보도상,승용,남,45세,상해없음,보행자,남,56세,중상
2014041100100419,2014년 4월 11일 18시,금요일,강원도 삼척시 정상동,경상사고,0,0,1,0,차대차 - 측면직각충돌,안전운전불이행,건조,맑음,교차로 - 교차로부근,원동기,남,20세,경상,승용,남,53세,상해없음
2014041100100475,2014년 4월 11일 19시,금요일,강원도 원주시 단계동,경상사고,0,0,2,0,차대차 - 추돌 - 진행중,안전거리미확보,건조,맑음,교차로 - 교차로부근,기타불명,기타불명,기타불명,기타불명,승용,남,55세,경상
2014041100100476,2014년 4월 11일 19시,금요일,강원도 속초시 교동,중상사고,0,1,3,0,차대차 - 추돌 - 진행중,안전운전불이행,건조,맑음,교차로 - 교차로부근,화물,남,54세,상해없음,승용,여,59세,경상
2014041100100477,2014년 4월 11일 19시,금요일,강원도 양구군 남면,사망사고,1,0,0,0,차대사람 - 횡단중,중앙선침범,건조,맑음,교차로 - 교차로안,승용,남,50세,상해없음,보행자,여,67세,사망
2014041100100517,2014년 4월 11일 20시,금요일,강원도 춘천시 낙원동,사망사고,1,0,0,0,차량단독 - 기타,기타,건조,맑음,교차로 - 교차로안,승합,남,45세,상해없음,,,,
2014041100100554,2014년 4월 11일 21시,금요일,강원도 춘천시 운교동,경상사고,0,0,3,0,차대차 - 추돌 - 진행중,안전운전불이행,건조,맑음,단일로 - 기타,승용,여,52세,상해없음,승용,남,27세,경상
2014041100100555,2014년 4월 11일 21시,금요일,강원도 춘천시 석사동,경상사고,0,0,1,0,차량단독 - 기타,안전운전불이행,건조,맑음,단일로 - 기타,승합,남,41세,상해없음,,,,
2014041100100556,2014년 4월 11일 21시,금요일,강원도 홍천군 서면,중상사고,0,2,0,0,차량단독 - 공작물충돌,안전운전불이행,건조,맑음,기타 - 기타,화물,남,53세,상해없음,,,,
2014041100100557,2014년 4월 11일 21시,금요일,강원도 인제군 북면,중상사고,0,1,1,1,차대차 - 측면직각충돌,신호위반,건조,맑음,교차로 - 교차로안,승용,남,37세,부상신고,승용,남,52세,중상
2014041100100595,2014년 4월 11일 22시,금요일,강원도 삼척시 당저동,경상사고,0,0,1,0,차대차 - 기타,안전운전불이행,건조,맑음,단일로 - 기타,승용,여,57세,상해없음,승용,남,25세,경상
2014041100100635,2014년 4월 11일 23시,금요일,강원도 원주시 무실동,경상사고,0,0,1,0,차대차 - 기타,차로위반,건조,맑음,교차로 - 교차로안,승용,남,55세,상해없음,승용,남,23세,경상
2014041200100016,2014년 4월 12일 00시,토요일,강원도 춘천시 석사동,경상사고,0,0,2,1,차대차 - 추돌 - 진행중,안전운전불이행,건조,맑음,교차로 - 교차로안,승용,남,19세,상해없음,승용,여,39세,경상
2014041200100017,2014년 4월 12일 00시,토요일,강원도 원주시 단계동,경상사고,0,0,2,0,차대차 - 추돌 - 주정차중,안전운전불이행,건조,맑음,단일로 - 기타,승용,남,30세,상해없음,승용,남,31세,경상
2014041200100018,2014년 4월 12일 00시,토요일,강원도 속초시 교동,경상사고,0,0,4,0,차대차 - 측면직각충돌,안전운전불이행,건조,맑음,교차로 - 교차로부근,승용,남,49세,상해없음,승용,남,32세,경상
2014041200100097,2014년 4월 12일 04시,토요일,강원도 춘천시 동면,부상신고사고,0,0,0,1,차대차 - 추돌 - 주정차중,안전운전불이행,건조,맑음,단일로 - 기타,승용,남,23세,상해없음,화물,남,51세,기타불명
2014041200100232,2014년 4월 12일 11시,토요일,강원도 춘천시 후평동,경상사고,0,0,2,0,차대차 - 기타,신호위반,건조,맑음,교차로 - 교차로안,승용,남,72세,상해없음,승용,남,58세,경상
2014041200100265,2014년 4월 12일 12시,토요일,강원도 춘천시 우두동,경상사고,0,0,1,0,차대차 - 측면직각충돌,안전운전불이행,건조,맑음,단일로 - 기타,승합,남,56세,상해없음,자전거,남,66세,경상
2014041200100293,2014년 4월 12일 13시,토요일,강원도 원주시 우산동,경상사고,0,0,1,0,차대차 - 측면직각충돌,안전운전불이행,건조,맑음,교차로 - 교차로부근,승용,남,41세,상해없음,자전거,남,70세,경상
2014041200100294,2014년 4월 12일 13시,토요일,강원도 원주시 문막읍,경상사고,0,0,2,0,차대차 - 측면직각충돌,교차로운행방법위반,건조,맑음,교차로 - 교차로안,화물,남,40세,상해없음,승용,여,43세,경상
2014041200100295,2014년 4월 12일 13시,토요일,강원도 삼척시 남양동,경상사고,0,0,1,0,차대사람 - 길가장자리구역통행중,안전운전불이행,건조,흐림,단일로 - 기타,화물,남,38세,상해없음,보행자,여,55세,경상
2014041200100325,2014년 4월 12일 14시,토요일,강원도 원주시 문막읍,부상신고사고,0,0,0,1,차대차 - 측면직각충돌,교차로운행방법위반,건조,맑음,교차로 - 교차로안,승용,남,60세,부상신고,승용,남,30세,상해없음
2014041200100394,2014년 4월 12일 16시,토요일,강원도 강릉시 주문진읍,중상사고,0,1,0,0,차대사람 - 보도통행중,보행자보호의무위반,건조,맑음,단일로 - 횡단보도상,원동기,남,17세,상해없음,보행자,여,67세,중상
2014041200100395,2014년 4월 12일 16시,토요일,강원도 강릉시 포남동,경상사고,0,0,1,0,차대차 - 측면직각충돌,안전운전불이행,건조,맑음,교차로 - 교차로안,원동기,남,48세,경상,승용,남,60세,상해없음
2014041200100396,2014년 4월 12일 16시,토요일,강원도 양구군 해안면,중상사고,0,1,0,0,차대사람 - 기타,안전운전불이행,건조,맑음,단일로 - 기타,승용,여,53세,상해없음,보행자,여,71세,중상
2014041200100420,2014년 4월 12일 17시,토요일,강원도 강릉시 주문진읍,경상사고,0,0,4,0,차대차 - 측면직각충돌,안전운전불이행,건조,맑음,교차로 - 교차로안,승용,남,28세,상해없음,승용,여,35세,경상
2014041200100421,2014년 4월 12일 17시,토요일,강원도 철원군 서면,경상사고,0,0,1,0,차대사람 - 기타,안전운전불이행,건조,맑음,교차로 - 교차로부근,승용,남,26세,상해없음,보행자,여,18세,경상
2014041200100454,2014년 4월 12일 18시,토요일,강원도 원주시 관설동,경상사고,0,0,1,0,차대사람 - 기타,안전운전불이행,건조,맑음,단일로 - 기타,건설기계,남,53세,상해없음,보행자,남,37세,경상
2014041200100455,2014년 4월 12일 18시,토요일,강원도 원주시 우산동,경상사고,0,0,1,0,차량단독 - 기타,안전운전불이행,건조,기타,단일로 - 기타,승합,남,57세,상해없음,,,,
2014041200100456,2014년 4월 12일 18시,토요일,강원도 동해시 효가동,중상사고,0,1,0,0,차대차 - 기타,교차로운행방법위반,건조,맑음,교차로 - 교차로안,승용,여,48세,상해없음,자전거,남,51세,중상
2014041200100493,2014년 4월 12일 19시,토요일,강원도 춘천시 퇴계동,경상사고,0,0,1,0,차대사람 - 기타,안전운전불이행,건조,맑음,단일로 - 기타,승용,남,42세,상해없음,보행자,남,30세,경상
2014041200100520,2014년 4월 12일 20시,토요일,강원도 원주시 문막읍,경상사고,0,0,1,0,차대사람 - 횡단중,기타,건조,맑음,단일로 - 기타,승용,여,50세,상해없음,보행자,남,5세,경상
2014041200100576,2014년 4월 12일 22시,토요일,강원도 원주시 호저면,경상사고,0,0,1,0,차대차 - 측면직각충돌,신호위반,건조,맑음,교차로 - 교차로안,승용,남,33세,상해없음,승용,남,26세,경상
2014041300100010,2014년 4월 13일 00시,일요일,강원도 원주시 단계동,경상사고,0,0,3,0,차대차 - 측면직각충돌,신호위반,건조,맑음,교차로 - 교차로안,승용,여,50세,상해없음,승용,여,30세,경상
2014041300100025,2014년 4월 13일 01시,일요일,강원도 춘천시 후평동,중상사고,0,1,0,0,차량단독 - 전도전복,안전운전불이행,건조,기타,기타 - 기타,이륜,남,45세,중상,,,,
2014041300100079,2014년 4월 13일 05시,일요일,강원도 인제군 인제읍,경상사고,0,0,1,0,차량단독 - 공작물충돌,안전운전불이행,건조,맑음,단일로 - 교량,승용,남,34세,상해없음,,,,
2014041300100094,2014년 4월 13일 06시,일요일,강원도 춘천시 퇴계동,중상사고,0,2,0,0,차대차 - 측면직각충돌,직진우회전진행방해,건조,맑음,교차로 - 교차로안,승용,남,66세,상해없음,승용,남,72세,중상
2014041300100107,2014년 4월 13일 07시,일요일,강원도 동해시 발한동,경상사고,0,0,1,0,차대차 - 기타,안전운전불이행,건조,맑음,교차로 - 교차로안,승용,남,59세,경상,승용,남,57세,상해없음
2014041300100127,2014년 4월 13일 08시,일요일,강원도 춘천시 교동,경상사고,0,0,1,0,차대차 - 기타,교차로운행방법위반,건조,맑음,교차로 - 교차로안,승용,남,65세,상해없음,승용,여,36세,경상
2014041300100128,2014년 4월 13일 08시,일요일,강원도 춘천시 동면,경상사고,0,0,1,0,차대차 - 측면직각충돌,안전운전불이행,건조,맑음,교차로 - 교차로안,승용,여,57세,상해없음,승용,남,47세,경상
2014041300100129,2014년 4월 13일 08시,일요일,강원도 춘천시 사북면,경상사고,0,0,2,0,차대차 - 측면직각충돌,안전운전불이행,건조,맑음,단일로 - 기타,승용,남,52세,상해없음,승용,남,49세,경상
2014041300100147,2014년 4월 13일 09시,일요일,강원도 원주시 관설동,중상사고,0,1,0,0,차대차 - 기타,직진우회전진행방해,건조,맑음,교차로 - 교차로부근,원동기,남,69세,중상,승용,남,28세,상해없음
2014041300100148,2014년 4월 13일 09시,일요일,강원도 삼척시 정상동,중상사고,0,2,0,0,차대차 - 추돌 - 주정차중,안전운전불이행,건조,맑음,단일로 - 기타,원동기,남,74세,중상,승용,남,62세,기타불명
2014041300100171,2014년 4월 13일 10시,일요일,강원도 동해시 묵호진동,경상사고,0,0,1,0,차대사람 - 기타,안전운전불이행,건조,맑음,단일로 - 기타,승용,남,29세,상해없음,보행자,남,60세,경상
2014041300100190,2014년 4월 13일 11시,일요일,강원도 양양군 손양면,중상사고,0,1,0,0,차대차 - 측면직각충돌,안전거리미확보,건조,맑음,단일로 - 기타,승용,남,45세,상해없음,이륜,남,37세,중상
2014041300100217,2014년 4월 13일 12시,일요일,강원도 춘천시 중앙로2가,경상사고,0,0,1,0,차대사람 - 횡단중,보행자보호의무위반,건조,맑음,단일로 - 기타,이륜,남,46세,상해없음,보행자,여,64세,경상
2014041300100218,2014년 4월 13일 12시,일요일,강원도 원주시 단계동,경상사고,0,0,4,0,차대차 - 추돌 - 진행중,안전운전불이행,건조,맑음,교차로 - 교차로부근,승용,여,31세,상해없음,승용,남,38세,경상
2014041300100219,2014년 4월 13일 12시,일요일,강원도 원주시 학성동,경상사고,0,0,1,0,차대차 - 측면직각충돌,안전운전불이행,건조,맑음,교차로 - 교차로안,승용,남,50세,상해없음,자전거,여,56세,경상
2014041300100220,2014년 4월 13일 12시,일요일,강원도 동해시 천곡동,경상사고,0,0,3,0,차대차 - 기타,안전운전불이행,건조,맑음,교차로 - 교차로안,승용,여,34세,상해없음,승용,남,66세,경상
2014041300100275,2014년 4월 13일 14시,일요일,강원도 원주시 신림면,경상사고,0,0,2,0,차대차 - 기타,안전거리미확보,건조,맑음,단일로 - 기타,승용,남,55세,상해없음,승용,남,36세,상해없음
2014041300100316,2014년 4월 13일 15시,일요일,강원도 원주시 단구동,경상사고,0,0,1,0,차대차 - 기타,신호위반,건조,맑음,교차로 - 교차로안,승용,남,44세,상해없음,승용,남,53세,경상
2014041300100317,2014년 4월 13일 15시,일요일,강원도 홍천군 화촌면,사망사고,1,0,0,0,차량단독 - 전도전복,안전운전불이행,건조,맑음,단일로 - 기타,이륜,남,32세,사망,,,,
2014041300100364,2014년 4월 13일 16시,일요일,강원도 춘천시 석사동,경상사고,0,0,1,0,차대차 - 측면직각충돌,안전운전불이행,건조,맑음,교차로 - 교차로부근,승용,남,61세,상해없음,이륜,남,52세,경상
2014041300100365,2014년 4월 13일 16시,일요일,강원도 춘천시 동내면,경상사고,0,0,2,0,차대차 - 측면직각충돌,안전운전불이행,건조,맑음,단일로 - 기타,승용,남,38세,상해없음,화물,남,55세,경상
2014041300100366,2014년 4월 13일 16시,일요일,강원도 강릉시 연곡면,중상사고,0,1,0,0,차대사람 - 기타,안전운전불이행,건조,맑음,기타 - 기타,승용,남,39세,상해없음,보행자,여,64세,중상
2014041300100367,2014년 4월 13일 16시,일요일,강원도 원주시 우산동,경상사고,0,0,1,0,차대차 - 기타,안전거리미확보,건조,맑음,교차로 - 교차로부근,승용,남,25세,상해없음,승용,여,33세,경상
2014041300100423,2014년 4월 13일 18시,일요일,강원도 삼척시 신기면,중상사고,0,1,2,0,차대차 - 정면충돌,중앙선침범,건조,맑음,단일로 - 기타,승용,남,70세,경상,승용,여,43세,중상