사고번호,사고일시,요일,시군구,사고내용,사망자수,중상자수,경상자수,부상신고자수,사고유형,법규위반,노면상태,기상상태,도로형태,가해운전자 차종,가해운전자 성별,가해운전자 연령,가해운전자 상해정도,피해운전자 차종,피해운전자 성별,피해운전자 연령,피해운전자 상해정도
2014041300100424,2014년 4월 13일 18시,일요일,강원도 삼척시 당저동,경상사고,0,0,1,0,차대차 - 추돌 - 주정차중,안전운전불이행,건조,맑음,교차로 - 교차로부근,승용,남,39세,상해없음,승용,남,42세,경상
2014041300100459,2014년 4월 13일 19시,일요일,강원도 고성군 토성면,사망사고,1,0,0,0,차대차 - 측면직각충돌,교차로운행방법위반,건조,맑음,교차로 - 교차로안,승합,남,54세,상해없음,원동기,남,68세,사망
2014041300100487,2014년 4월 13일 20시,일요일,강원도 강릉시 연곡면,중상사고,0,1,0,0,차량단독 - 공작물충돌,안전운전불이행,건조,맑음,교차로 - 교차로부근,승용,남,31세,상해없음,,,,
2014041300100488,2014년 4월 13일 20시,일요일,강원도 속초시 장사동,경상사고,0,0,2,0,차대차 - 측면직각충돌,안전운전불이행,건조,맑음,교차로 - 교차로안,승용,여,42세,상해없음,승용,남,48세,경상
2014041300100544,2014년 4월 13일 22시,일요일,강원도 양양군 강현면,중상사고,0,1,1,0,차대차 - 추돌 - 주정차중,안전운전불이행,건조,맑음,교차로 - 교차로부근,승용,남,51세,상해없음,승용,남,51세,경상
2014041300100564,2014년 4월 13일 23시,일요일,강원도 강릉시 강동면,경상사고,0,0,2,0,차대차 - 기타,안전운전불이행,기타,기타,단일로 - 기타,화물,남,52세,상해없음,승용,남,45세,경상
2014041400100024,2014년 4월 14일 02시,월요일,강원도 속초시 교동,중상사고,0,3,1,0,차대차 - 추돌 - 주정차중,안전운전불이행,건조,맑음,단일로 - 기타,승용,남,26세,상해없음,승용,남,57세,경상
2014041400100081,2014년 4월 14일 07시,월요일,강원도 원주시 봉산동,경상사고,0,0,1,0,차량단독 - 기타,안전운전불이행,건조,맑음,단일로 - 기타,승합,남,54세,기타불명,,,,
2014041400100182,2014년 4월 14일 10시,월요일,강원도 삼척시 등봉동,경상사고,0,0,1,0,차대사람 - 기타,안전운전불이행,건조,맑음,단일로 - 기타,화물,남,55세,상해없음,보행자,여,74세,경상
2014041400100215,2014년 4월 14일 11시,월요일,강원도 춘천시 동내면,경상사고,0,0,1,0,차대차 - 기타,안전운전불이행,건조,맑음,단일로 - 기타,화물,남,43세,상해없음,승합,남,48세,상해없음
2014041400100216,2014년 4월 14일 11시,월요일,강원도 속초시 교동,경상사고,0,0,1,0,차대차 - 측면직각충돌,안전운전불이행,건조,맑음,교차로 - 교차로부근,화물,남,76세,상해없음,승용,남,34세,경상
2014041400100282,2014년 4월 14일 13시,월요일,강원도 원주시 단구동,경상사고,0,0,2,0,차대차 - 추돌 - 진행중,안전운전불이행,건조,맑음,교차로 - 교차로부근,승용,여,42세,상해없음,승용,남,41세,경상
2014041400100354,2014년 4월 14일 15시,월요일,강원도 춘천시 후평동,경상사고,0,0,1,0,차대차 - 기타,안전운전불이행,건조,맑음,교차로 - 교차로안,승용,여,48세,상해없음,원동기,남,22세,경상
2014041400100355,2014년 4월 14일 15시,월요일,강원도 속초시 교동,경상사고,0,0,1,0,차대차 - 측면직각충돌,안전운전불이행,건조,맑음,단일로 - 기타,승용,여,45세,상해없음,승용,여,53세,경상
2014041400100390,2014년 4월 14일 16시,월요일,강원도 화천군 사내면,중상사고,0,1,0,0,차대차 - 추돌 - 진행중,중앙선침범,건조,맑음,기타 - 기타,화물,남,48세,상해없음,화물,남,35세,중상
2014041400100427,2014년 4월 14일 17시,월요일,강원도 원주시 단구동,경상사고,0,0,1,0,차대차 - 측면직각충돌,차로위반,건조,맑음,교차로 - 교차로부근,승용,여,33세,상해없음,승용,남,59세,경상
2014041400100428,2014년 4월 14일 17시,월요일,강원도 양구군 양구읍,중상사고,0,1,0,0,차대차 - 측면직각충돌,안전운전불이행,건조,맑음,교차로 - 교차로안,승용,여,56세,상해없음,자전거,남,75세,중상
2014041400100467,2014년 4월 14일 18시,월요일,강원도 춘천시 우두동,중상사고,0,1,1,0,차대차 - 측면직각충돌,안전운전불이행,건조,맑음,단일로 - 기타,승용,남,41세,경상,승용,여,46세,중상
2014041400100468,2014년 4월 14일 18시,월요일,강원도 강릉시 교동,중상사고,0,1,0,0,차대차 - 기타,안전운전불이행,건조,맑음,단일로 - 기타,화물,남,56세,상해없음,승용,여,35세,중상
2014041400100469,2014년 4월 14일 18시,월요일,강원도 원주시 단구동,중상사고,0,2,0,0,차대차 - 측면직각충돌,신호위반,건조,맑음,교차로 - 교차로안,승용,남,52세,상해없음,승용,여,39세,중상
2014041400100470,2014년 4월 14일 18시,월요일,강원도 정선군 고한읍,사망사고,1,0,0,0,차량단독 - 공작물충돌,안전운전불이행,건조,맑음,단일로 - 기타,이륜,남,63세,사망,,,,
2014041400100517,2014년 4월 14일 19시,월요일,강원도 강릉시 입암동,경상사고,0,0,2,0,차대차 - 기타,안전운전불이행,건조,맑음,단일로 - 기타,승용,여,49세,상해없음,승용,여,62세,경상
2014041400100518,2014년 4월 14일 19시,월요일,강원도 원주시 학성동,경상사고,0,0,2,0,차대차 - 추돌 - 진행중,안전운전불이행,건조,맑음,단일로 - 기타,기타불명,기타불명,기타불명,기타불명,승용,남,71세,경상
2014041400100550,2014년 4월 14일 20시,월요일,강원도 원주시 우산동,중상사고,0,1,0,0,차대차 - 측면직각충돌,안전운전불이행,건조,기타,교차로 - 교차로안,승용,여,51세,상해없음,이륜,남,60세,중상
2014041400100572,2014년 4월 14일 21시,월요일,강원도 강릉시 포남동,중상사고,0,1,1,0,차대차 - 기타,안전운전불이행,건조,맑음,단일로 - 기타,원동기,남,19세,중상,승용,여,50세,경상
2014041500100013,2014년 4월 15일 00시,화요일,강원도 원주시 단계동,중상사고,0,2,0,2,차대차 - 추돌 - 진행중,중앙선침범,건조,맑음,교차로 - 교차로부근,승용,여,51세,상해없음,승용,남,29세,중상
2014041500100029,2014년 4월 15일 01시,화요일,강원도 원주시 우산동,경상사고,0,0,1,0,차대사람 - 횡단중,안전운전불이행,건조,맑음,단일로 - 기타,이륜,남,18세,상해없음,보행자,남,23세,경상
2014041500100090,2014년 4월 15일 07시,화요일,강원도 삼척시 교동,중상사고,0,1,0,0,차대사람 - 횡단중,보행자보호의무위반,건조,맑음,교차로 - 교차로안,승용,남,47세,상해없음,보행자,남,36세,중상
2014041500100144,2014년 4월 15일 08시,화요일,강원도 원주시 관설동,경상사고,0,0,1,0,차대차 - 기타,안전운전불이행,건조,맑음,단일로 - 기타,승용,여,48세,상해없음,승용,여,51세,경상
2014041500100145,2014년 4월 15일 08시,화요일,강원도 원주시 소초면,경상사고,0,0,2,0,차대차 - 기타,안전운전불이행,건조,맑음,교차로 - 교차로안,승용,여,40세,상해없음,승용,여,45세,경상
2014041500100146,2014년 4월 15일 08시,화요일,강원도 원주시 우산동,중상사고,0,1,3,0,차대차 - 측면직각충돌,직진우회전진행방해,건조,맑음,교차로 - 교차로안,승용,여,39세,경상,승용,남,54세,경상
2014041500100147,2014년 4월 15일 08시,화요일,강원도 태백시 황지동,경상사고,0,0,1,0,차대차 - 측면직각충돌,안전운전불이행,건조,맑음,단일로 - 기타,승용,남,44세,상해없음,승용,여,53세,경상
2014041500100184,2014년 4월 15일 09시,화요일,강원도 춘천시 동면,경상사고,0,0,1,0,차대차 - 측면직각충돌,기타,건조,맑음,단일로 - 기타,이륜,남,26세,상해없음,승용,여,41세,경상
2014041500100185,2014년 4월 15일 09시,화요일,강원도 강릉시 노암동,중상사고,0,1,0,0,차대사람 - 차도통행중,기타,건조,맑음,교차로 - 교차로부근,승용,남,65세,상해없음,보행자,여,48세,중상
2014041500100238,2014년 4월 15일 11시,화요일,강원도 원주시 개운동,경상사고,0,0,2,0,차대차 - 정면충돌,신호위반,건조,맑음,교차로 - 교차로안,승합,남,40세,상해없음,승용,남,56세,경상
2014041500100239,2014년 4월 15일 11시,화요일,강원도 고성군 토성면,경상사고,0,0,1,0,차대차 - 추돌 - 주정차중,안전운전불이행,건조,맑음,단일로 - 기타,화물,남,46세,상해없음,화물,남,48세,경상
2014041500100350,2014년 4월 15일 15시,화요일,강원도 원주시 단구동,경상사고,0,0,1,0,차대차 - 정면충돌,중앙선침범,건조,맑음,단일로 - 기타,승용,여,62세,상해없음,승용,여,47세,경상
2014041500100371,2014년 4월 15일 16시,화요일,강원도 삼척시 도계읍,경상사고,0,0,1,0,차대차 - 정면충돌,안전운전불이행,건조,맑음,교차로 - 교차로안,승용,남,61세,상해없음,승용,남,62세,경상
2014041500100372,2014년 4월 15일 16시,화요일,강원도 동해시 효가동,경상사고,0,0,1,0,차대차 - 기타,안전운전불이행,건조,맑음,교차로 - 교차로안,승용,여,39세,상해없음,자전거,남,13세,경상
2014041500100404,2014년 4월 15일 17시,화요일,강원도 강릉시 포남동,경상사고,0,0,1,0,차대차 - 측면직각충돌,안전운전불이행,건조,맑음,교차로 - 교차로안,승합,남,61세,상해없음,원동기,남,18세,경상
2014041500100405,2014년 4월 15일 17시,화요일,강원도 강릉시 성남동,중상사고,0,1,0,0,차대차 - 측면직각충돌,안전운전불이행,건조,맑음,기타 - 기타,승용,여,68세,상해없음,자전거,남,90세,중상
2014041500100438,2014년 4월 15일 18시,화요일,강원도 춘천시 온의동,경상사고,0,0,1,0,차대차 - 추돌 - 진행중,안전거리미확보,건조,맑음,교차로 - 교차로부근,승합,남,51세,상해없음,승용,남,39세,경상
2014041500100477,2014년 4월 15일 19시,화요일,강원도 춘천시 후평동,부상신고사고,0,0,0,1,차대차 - 기타,기타,건조,맑음,교차로 - 교차로안,기타불명,기타불명,기타불명,기타불명,승용,남,34세,상해없음
2014041500100478,2014년 4월 15일 19시,화요일,강원도 원주시 태장동,중상사고,0,1,0,0,차대사람 - 기타,안전운전불이행,건조,맑음,단일로 - 기타,건설기계,남,44세,상해없음,보행자,남,32세,중상
2014041500100498,2014년 4월 15일 20시,화요일,강원도 원주시 명륜동,중상사고,0,1,0,0,차대사람 - 기타,안전운전불이행,건조,맑음,교차로 - 교차로안,승용,남,45세,상해없음,보행자,여,14세,중상
2014041500100566,2014년 4월 15일 22시,화요일,강원도 원주시 문막읍,중상사고,0,1,1,0,차대차 - 측면직각충돌,안전거리미확보,건조,맑음,교차로 - 교차로안,이륜,남,17세,중상,승용,남,34세,경상
2014041500100588,2014년 4월 15일 23시,화요일,강원도 춘천시 온의동,부상신고사고,0,0,0,1,차대사람 - 기타,안전운전불이행,건조,맑음,단일로 - 기타,기타불명,기타불명,20세,기타불명,보행자,남,53세,부상신고
2014041600100008,2014년 4월 16일 00시,수요일,강원도 속초시 교동,경상사고,0,0,2,0,차대차 - 측면직각충돌,안전운전불이행,건조,맑음,교차로 - 교차로안,승용,남,64세,상해없음,승용,남,39세,경상
2014041600100029,2014년 4월 16일 02시,수요일,강원도 원주시 명륜동,중상사고,0,1,0,0,차대차 - 추돌 - 주정차중,안전운전불이행,건조,맑음,단일로 - 기타,승용,남,25세,중상,화물,남,46세,상해없음
2014041600100042,2014년 4월 16일 04시,수요일,강원도 원주시 무실동,경상사고,0,0,4,0,차대차 - 측면직각충돌,신호위반,건조,맑음,교차로 - 교차로안,승용,남,50세,경상,승용,여,24세,경상
2014041600100086,2014년 4월 16일 07시,수요일,강원도 삼척시 도계읍,중상사고,0,1,0,0,차량단독 - 전도전복,안전운전불이행,건조,맑음,단일로 - 기타,화물,남,61세,중상,,,,
2014041600100116,2014년 4월 16일 08시,수요일,강원도 삼척시 남양동,중상사고,0,1,0,0,차대사람 - 길가장자리구역통행중,안전운전불이행,건조,맑음,교차로 - 교차로안,승용,남,53세,상해없음,보행자,여,50세,중상
2014041600100180,2014년 4월 16일 10시,수요일,강원도 원주시 우산동,경상사고,0,0,1,0,차대차 - 기타,안전운전불이행,건조,맑음,교차로 - 교차로안,승용,여,55세,상해없음,승용,남,62세,경상
2014041600100229,2014년 4월 16일 12시,수요일,강원도 춘천시 후평동,중상사고,0,1,0,0,차대사람 - 기타,신호위반,건조,맑음,단일로 - 횡단보도상,승용,여,34세,상해없음,보행자,여,60세,중상
2014041600100230,2014년 4월 16일 12시,수요일,강원도 태백시 화전동,경상사고,0,0,1,0,차대차 - 추돌 - 주정차중,안전거리미확보,건조,맑음,단일로 - 기타,화물,남,65세,상해없음,승용,남,43세,상해없음
2014041600100231,2014년 4월 16일 12시,수요일,강원도 횡성군 횡성읍,경상사고,0,0,1,0,차대차 - 측면직각충돌,안전운전불이행,건조,맑음,단일로 - 기타,승합,남,62세,상해없음,승용,여,40세,경상
2014041600100255,2014년 4월 16일 13시,수요일,강원도 춘천시 효자동,중상사고,0,1,1,0,차대차 - 기타,신호위반,건조,맑음,교차로 - 교차로안,이륜,남,73세,중상,승용,남,67세,경상
2014041600100312,2014년 4월 16일 15시,수요일,강원도 원주시 개운동,경상사고,0,0,1,0,차대차 - 기타,불법유턴,건조,맑음,교차로 - 교차로안,화물,남,61세,상해없음,승용,여,40세,경상
2014041600100313,2014년 4월 16일 15시,수요일,강원도 원주시 단구동,부상신고사고,0,0,0,1,차량단독 - 기타,안전운전불이행,건조,맑음,단일로 - 기타,원동기,남,47세,부상신고,,,,
2014041600100314,2014년 4월 16일 15시,수요일,강원도 태백시 황지동,경상사고,0,0,1,0,차대차 - 측면직각충돌,교차로운행방법위반,건조,맑음,교차로 - 교차로안,승용,남,42세,상해없음,승용,여,54세,경상
2014041600100349,2014년 4월 16일 16시,수요일,강원도 원주시 명륜동,경상사고,0,0,1,0,차대차 - 기타,신호위반,건조,맑음,교차로 - 교차로부근,이륜,남,26세,상해없음,승용,여,32세,경상
2014041600100383,2014년 4월 16일 17시,수요일,강원도 원주시 부론면,경상사고,0,0,1,0,차대차 - 추돌 - 진행중,안전운전불이행,건조,맑음,단일로 - 기타,승용,남,25세,기타불명,승용,남,45세,경상
2014041600100428,2014년 4월 16일 18시,수요일,강원도 춘천시 효자동,부상신고사고,0,0,0,1,차대차 - 기타,안전운전불이행,건조,맑음,기타 - 기타,승용,남,62세,상해없음,승용,여,39세,상해없음
2014041600100429,2014년 4월 16일 18시,수요일,강원도 춘천시 동면,경상사고,0,0,1,0,차대차 - 측면직각충돌,교차로운행방법위반,건조,맑음,교차로 - 교차로안,승용,여,61세,상해없음,승용,남,58세,경상
2014041600100430,2014년 4월 16일 18시,수요일,강원도 원주시 단계동,중상사고,0,1,0,0,차대차 - 측면직각충돌,안전거리미확보,건조,맑음,교차로 - 교차로부근,승용,남,30세,상해없음,원동기,남,33세,중상
2014041600100466,2014년 4월 16일 19시,수요일,강원도 횡성군 서원면,중상사고,0,1,0,0,차대차 - 기타,안전운전불이행,건조,맑음,단일로 - 기타,승용,남,26세,상해없음,승용,남,21세,중상
2014041600100498,2014년 4월 16일 20시,수요일,강원도 강릉시 지변동,경상사고,0,0,1,0,차대사람 - 횡단중,보행자보호의무위반,건조,맑음,단일로 - 기타,원동기,남,24세,상해없음,보행자,여,22세,경상
2014041600100499,2014년 4월 16일 20시,수요일,강원도 원주시 문막읍,경상사고,0,0,1,0,차대차 - 기타,안전운전불이행,건조,맑음,교차로 - 교차로안,승용,남,59세,상해없음,화물,남,58세,경상
2014041600100500,2014년 4월 16일 20시,수요일,강원도 홍천군 내촌면,경상사고,0,0,2,0,차대차 - 기타,안전운전불이행,건조,맑음,단일로 - 기타,화물,남,29세,상해없음,화물,남,27세,경상
2014041600100542,2014년 4월 16일 21시,수요일,강원도 원주시 명륜동,경상사고,0,0,1,0,차대사람 - 횡단중,보행자보호의무위반,건조,맑음,교차로 - 교차로안,승용,남,36세,상해없음,보행자,남,52세,경상
2014041700100011,2014년 4월 17일 00시,목요일,강원도 강릉시 포남동,경상사고,0,0,1,0,차대차 - 측면직각충돌,신호위반,건조,맑음,교차로 - 교차로안,승용,남,44세,상해없음,승용,여,51세,경상
2014041700100088,2014년 4월 17일 07시,목요일,강원도 춘천시 온의동,경상사고,0,0,1,0,차대차 - 측면직각충돌,중앙선침범,건조,맑음,단일로 - 기타,승용,남,49세,상해없음,승용,여,25세,경상
2014041700100115,2014년 4월 17일 08시,목요일,강원도 춘천시 동내면,경상사고,0,0,2,0,차대차 - 측면직각충돌,신호위반,건조,맑음,교차로 - 교차로안,화물,남,59세,상해없음,승용,여,28세,경상
2014041700100116,2014년 4월 17일 08시,목요일,강원도 원주시 무실동,중상사고,0,1,1,0,차대차 - 기타,중앙선침범,건조,맑음,단일로 - 기타,승용,남,49세,중상,화물,남,53세,경상
2014041700100117,2014년 4월 17일 08시,목요일,강원도 원주시 반곡동,경상사고,0,0,1,0,차대차 - 기타,신호위반,건조,맑음,교차로 - 교차로안,승용,여,42세,상해없음,승용,여,28세,경상
2014041700100118,2014년 4월 17일 08시,목요일,강원도 태백시 문곡동,경상사고,0,0,2,0,차대차 - 추돌 - 주정차중,안전거리미확보,건조,맑음,교차로 - 교차로부근,승용,여,53세,상해없음,승용,남,44세,경상
2014041700100184,2014년 4월 17일 10시,목요일,강원도 강릉시 주문진읍,경상사고,0,0,1,0,차대차 - 기타,안전운전불이행,건조,맑음,단일로 - 기타,승용,여,57세,상해없음,자전거,여,60세,경상
2014041700100242,2014년 4월 17일 12시,목요일,강원도 삼척시 당저동,경상사고,0,0,1,0,차대차 - 측면직각충돌,안전운전불이행,건조,맑음,단일로 - 기타,승용,여,50세,상해없음,자전거,여,52세,경상
2014041700100262,2014년 4월 17일 13시,목요일,강원도 정선군 여량면,경상사고,0,0,1,0,차대차 - 추돌 - 진행중,직진우회전진행방해,건조,맑음,교차로 - 교차로안,승용,여,70세,상해없음,화물,남,68세,상해없음
2014041700100294,2014년 4월 17일 14시,목요일,강원도 삼척시 남양동,경상사고,0,0,1,0,차대사람 - 횡단중,보행자보호의무위반,건조,맑음,단일로 - 횡단보도상,화물,남,57세,기타불명,보행자,여,38세,경상
2014041700100322,2014년 4월 17일 15시,목요일,강원도 원주시 지정면,중상사고,0,1,2,0,차대차 - 정면충돌,중앙선침범,건조,맑음,교차로 - 교차로부근,승용,여,36세,중상,화물,남,49세,경상
2014041700100323,2014년 4월 17일 15시,목요일,강원도 속초시 영랑동,중상사고,0,1,0,0,차대사람 - 보도통행중,보행자보호의무위반,건조,맑음,단일로 - 횡단보도상,승용,남,36세,상해없음,보행자,여,74세,중상
2014041700100324,2014년 4월 17일 15시,목요일,강원도 화천군 간동면,경상사고,0,0,1,0,차대차 - 측면직각충돌,직진우회전진행방해,건조,맑음,교차로 - 교차로안,승용,남,46세,상해없음,승용,여,54세,경상
2014041700100358,2014년 4월 17일 16시,목요일,강원도 강릉시 주문진읍,경상사고,0,0,1,0,차대차 - 측면직각충돌,안전운전불이행,건조,맑음,단일로 - 기타,자전거,남,64세,경상,승용,남,43세,상해없음
2014041700100436,2014년 4월 17일 18시,목요일,강원도 영월군 주천면,중상사고,0,1,1,0,차대차 - 측면직각충돌,중앙선침범,건조,맑음,단일로 - 기타,승용,여,23세,경상,승용,남,55세,중상
2014041700100505,2014년 4월 17일 19시,목요일,강원도 강릉시 홍제동,중상사고,0,1,0,0,차대차 - 측면직각충돌,안전운전불이행,건조,맑음,교차로 - 교차로안,화물,남,62세,상해없음,승용,여,54세,중상
2014041700100506,2014년 4월 17일 19시,목요일,강원도 원주시 단구동,경상사고,0,0,1,0,차대차 - 기타,신호위반,건조,흐림,교차로 - 교차로안,승용,남,58세,상해없음,승용,여,39세,경상
2014041700100507,2014년 4월 17일 19시,목요일,강원도 속초시 중앙동,경상사고,0,0,1,0,차대사람 - 길가장자리구역통행중,안전운전불이행,건조,맑음,교차로 - 교차로안,승용,여,44세,상해없음,보행자,남,63세,경상
2014041700100570,2014년 4월 17일 20시,목요일,강원도 춘천시 근화동,중상사고,0,1,0,0,차량단독 - 공작물충돌,안전운전불이행,건조,맑음,단일로 - 기타,승용,여,72세,상해없음,,,,
2014041700100571,2014년 4월 17일 20시,목요일,강원도 원주시 흥업면,경상사고,0,0,1,0,차대차 - 추돌 - 주정차중,안전운전불이행,습기,비,교차로 - 교차로부근,승용,남,28세,상해없음,승용,남,55세,경상
2014041700100633,2014년 4월 17일 21시,목요일,강원도 춘천시 후평동,경상사고,0,0,2,0,차대차 - 측면직각충돌,안전운전불이행,습기,비,단일로 - 기타,승용,남,39세,상해없음,승용,남,31세,경상
2014041700100634,2014년 4월 17일 21시,목요일,강원도 춘천시 후평동,경상사고,0,0,1,0,차대차 - 기타,기타,건조,맑음,단일로 - 기타,승용,여,45세,상해없음,이륜,남,29세,경상
2014041700100635,2014년 4월 17일 21시,목요일,강원도 춘천시 퇴계동,경상사고,0,0,1,0,차대차 - 추돌 - 진행중,안전운전불이행,습기,비,교차로 - 교차로부근,승용,남,33세,상해없음,화물,남,49세,경상
2014041700100636,2014년 4월 17일 21시,목요일,강원도 원주시 명륜동,중상사고,0,1,4,0,차대사람 - 보도통행중,신호위반,습기,비,교차로 - 교차로안,승합,남,53세,상해없음,보행자,남,17세,중상
2014041700100637,2014년 4월 17일 21시,목요일,강원도 원주시 우산동,중상사고,0,2,1,0,차대차 - 기타,직진우회전진행방해,습기,비,교차로 - 교차로안,화물,남,58세,상해없음,승용,남,26세,중상
2014041700100638,2014년 4월 17일 21시,목요일,강원도 속초시 교동,경상사고,0,0,1,0,차대사람 - 기타,안전운전불이행,건조,맑음,단일로 - 기타,승용,여,35세,상해없음,보행자,여,13세,경상
2014041700100639,2014년 4월 17일 21시,목요일,강원도 속초시 조양동,경상사고,0,0,2,0,차대차 - 측면직각충돌,안전운전불이행,건조,맑음,단일로 - 기타,승용,남,35세,상해없음,승용,여,51세,경상
2014041700100640,2014년 4월 17일 21시,목요일,강원도 태백시 황지동,경상사고,0,0,1,0,차대사람 - 보도통행중,보행자보호의무위반,습기,비,단일로 - 횡단보도상,승용,여,48세,상해없음,보행자,여,38세,경상
2014041700100641,2014년 4월 17일 21시,목요일,강원도 태백시 황지동,경상사고,0,0,1,0,차대사람 - 보도통행중,보행자보호의무위반,습기,비,단일로 - 기타,승용,남,27세,상해없음,보행자,여,60세,경상
2014041700100642,2014년 4월 17일 21시,목요일,강원도 동해시 천곡동,경상사고,0,0,2,0,차대사람 - 횡단중,신호위반,습기,비,단일로 - 횡단보도부근,승용,남,69세,상해없음,보행자,남,19세,경상
2014041700100699,2014년 4월 17일 22시,목요일,강원도 춘천시 동내면,경상사고,0,0,2,0,차대차 - 측면직각충돌,안전운전불이행,건조,맑음,교차로 - 교차로안,승용,남,42세,상해없음,승용,여,53세,경상
2014041700100700,2014년 4월 17일 22시,목요일,강원도 양구군 남면,경상사고,0,0,1,0,차대사람 - 횡단중,안전운전불이행,습기,비,단일로 - 기타,승용,남,27세,상해없음,보행자,여,78세,경상
2014041700100749,2014년 4월 17일 23시,목요일,강원도 태백시 황지동,중상사고,0,1,0,0,차대사람 - 횡단중,보행자보호의무위반,습기,비,교차로 - 교차로안,승용,남,47세,상해없음,보행자,남,47세,중상
2014041800100028,2014년 4월 18일 01시,금요일,강원도 원주시 단구동,중상사고,0,1,1,0,차대차 - 측면직각충돌,직진우회전진행방해,습기,비,교차로 - 교차로안,승용,남,36세,상해없음,승용,남,41세,경상
2014041800100136,2014년 4월 18일 08시,금요일,강원도 강릉시 교동,경상사고,0,0,1,0,차대차 - 추돌 - 진행중,안전운전불이행,건조,맑음,단일로 - 기타,승용,남,30세,상해없음,자전거,남,69세,경상
2014041800100137,2014년 4월 18일 08시,금요일,강원도 홍천군 홍천읍,경상사고,0,0,1,0,차대차 - 기타,신호위반,건조,맑음,교차로 - 교차로안,화물,남,29세,상해없음,승용,여,41세,경상
2014041800100166,2014년 4월 18일 09시,금요일,강원도 춘천시 석사동,부상신고사고,0,0,0,1,차량단독 - 기타,안전운전불이행,건조,맑음,단일로 - 기타,승합,남,56세,상해없음,,,,
2014041800100216,2014년 4월 18일 11시,금요일,강원도 춘천시 사북면,경상사고,0,0,1,0,차대사람 - 기타,기타,건조,맑음,기타 - 기타,승용,남,62세,상해없음,보행자,여,55세,경상
2014041800100217,2014년 4월 18일 11시,금요일,강원도 원주시 가현동,경상사고,0,0,1,0,차대차 - 추돌 - 진행중,차로위반,건조,맑음,단일로 - 기타,승용,남,60세,상해없음,화물,남,36세,경상
2014041800100244,2014년 4월 18일 12시,금요일,강원도 춘천시 석사동,경상사고,0,0,1,0,차대차 - 기타,안전운전불이행,건조,맑음,단일로 - 기타,화물,남,50세,상해없음,원동기,남,38세,경상
2014041800100275,2014년 4월 18일 13시,금요일,강원도 강릉시 교동,경상사고,0,0,1,0,차대차 - 측면직각충돌,안전운전불이행,건조,맑음,단일로 - 기타,승용,남,86세,상해없음,승용,여,57세,경상
2014041800100276,2014년 4월 18일 13시,금요일,강원도 속초시 동명동,중상사고,0,1,0,0,차대사람 - 길가장자리구역통행중,안전운전불이행,건조,맑음,단일로 - 기타,승용,남,74세,상해없음,보행자,남,83세,중상
2014041800100277,2014년 4월 18일 13시,금요일,강원도 횡성군 우천면,경상사고,0,0,1,0,차량단독 - 전도전복,안전운전불이행,건조,맑음,단일로 - 기타,화물,남,49세,상해없음,,,,
2014041800100348,2014년 4월 18일 15시,금요일,강원도 원주시 우산동,경상사고,0,0,1,0,차대차 - 측면직각충돌,교차로운행방법위반,건조,맑음,교차로 - 교차로안,승용,남,36세,상해없음,승용,남,72세,경상
2014041800100404,2014년 4월 18일 17시,금요일,강원도 양양군 서면,경상사고,0,0,1,0,차대차 - 측면직각충돌,교차로운행방법위반,건조,맑음,교차로 - 교차로안,승용,남,54세,상해없음,화물,남,61세,경상
2014041800100436,2014년 4월 18일 18시,금요일,강원도 삼척시 도계읍,경상사고,0,0,2,0,차대차 - 추돌 - 진행중,안전운전불이행,건조,흐림,단일로 - 기타,승용,여,49세,경상,승용,남,48세,경상
2014041800100477,2014년 4월 18일 19시,금요일,강원도 원주시 단구동,경상사고,0,0,1,0,차대차 - 기타,신호위반,건조,맑음,교차로 - 교차로안,이륜,남,48세,상해없음,승용,남,34세,경상
2014041800100503,2014년 4월 18일 20시,금요일,강원도 평창군 봉평면,중상사고,0,1,0,0,차대사람 - 기타,안전운전불이행,습기,맑음,단일로 - 기타,승용,남,46세,상해없음,보행자,남,24세,중상
2014041800100531,2014년 4월 18일 21시,금요일,강원도 춘천시 후평동,중상사고,0,1,0,0,차대사람 - 기타,기타,건조,맑음,교차로 - 교차로부근,승용,남,49세,상해없음,보행자,남,54세,중상
2014041800100590,2014년 4월 18일 23시,금요일,강원도 춘천시 석사동,경상사고,0,0,1,0,차대차 - 측면직각충돌,교차로운행방법위반,건조,맑음,교차로 - 교차로안,승용,남,29세,상해없음,원동기,남,19세,경상
2014041800100591,2014년 4월 18일 23시,금요일,강원도 강릉시 포남동,경상사고,0,0,1,0,차대차 - 기타,안전운전불이행,기타,기타,단일로 - 기타,화물,남,64세,상해없음,승용,남,40세,경상
2014041900100043,2014년 4월 19일 02시,토요일,강원도 춘천시 후평동,중상사고,0,1,0,1,차대차 - 기타,안전운전불이행,건조,맑음,단일로 - 기타,승용,남,20세,상해없음,승용,여,48세,상해없음
2014041900100120,2014년 4월 19일 08시,토요일,강원도 원주시 명륜동,경상사고,0,0,1,0,차대차 - 기타,안전운전불이행,건조,맑음,단일로 - 기타,승용,남,44세,경상,승용,남,43세,상해없음