사고번호,사고일시,요일,시군구,사고내용,사망자수,중상자수,경상자수,부상신고자수,사고유형,법규위반,노면상태,기상상태,도로형태,가해운전자 차종,가해운전자 성별,가해운전자 연령,가해운전자 상해정도,피해운전자 차종,피해운전자 성별,피해운전자 연령,피해운전자 상해정도
2014041900100316,2014년 4월 19일 15시,토요일,강원도 횡성군 횡성읍,중상사고,0,1,0,0,차대차 - 기타,안전운전불이행,건조,맑음,단일로 - 기타,화물,남,48세,상해없음,승용,남,62세,중상
2014041900100347,2014년 4월 19일 16시,토요일,강원도 춘천시 동내면,경상사고,0,0,1,0,차대차 - 측면직각충돌,안전운전불이행,건조,맑음,단일로 - 기타,승용,남,34세,상해없음,이륜,남,24세,경상
2014041900100382,2014년 4월 19일 17시,토요일,강원도 춘천시 남산면,중상사고,0,2,0,0,차량단독 - 기타,안전운전불이행,건조,맑음,단일로 - 기타,이륜,남,22세,중상,,,,
2014041900100383,2014년 4월 19일 17시,토요일,강원도 춘천시 석사동,경상사고,0,0,1,0,차대차 - 기타,안전운전불이행,건조,맑음,교차로 - 교차로부근,승용,여,42세,상해없음,승용,여,50세,경상
2014041900100384,2014년 4월 19일 17시,토요일,강원도 원주시 명륜동,중상사고,0,1,1,0,차대차 - 측면직각충돌,신호위반,건조,맑음,교차로 - 교차로안,이륜,남,55세,중상,승용,남,49세,상해없음
2014041900100407,2014년 4월 19일 18시,토요일,강원도 원주시 반곡동,경상사고,0,0,1,0,차대차 - 측면직각충돌,안전거리미확보,건조,맑음,교차로 - 교차로부근,승합,남,40세,상해없음,승용,남,51세,경상
2014041900100443,2014년 4월 19일 19시,토요일,강원도 양양군 서면,경상사고,0,0,4,0,차대차 - 측면직각충돌,중앙선침범,건조,맑음,단일로 - 기타,승용,남,59세,상해없음,승용,남,45세,경상
2014041900100480,2014년 4월 19일 20시,토요일,강원도 원주시 무실동,경상사고,0,0,3,0,차대차 - 정면충돌,중앙선침범,건조,맑음,교차로 - 교차로안,승용,남,39세,상해없음,승용,여,27세,경상
2014041900100518,2014년 4월 19일 21시,토요일,강원도 춘천시 퇴계동,부상신고사고,0,0,0,1,차대차 - 추돌 - 진행중,안전운전불이행,건조,맑음,교차로 - 교차로부근,승용,남,46세,상해없음,승용,여,38세,부상신고
2014041900100539,2014년 4월 19일 22시,토요일,강원도 춘천시 동면,중상사고,0,1,0,0,차대차 - 측면직각충돌,신호위반,건조,맑음,교차로 - 교차로안,승용,남,30세,상해없음,승용,여,34세,중상
2014041900100540,2014년 4월 19일 22시,토요일,강원도 원주시 우산동,중상사고,0,1,0,0,차대차 - 기타,중앙선침범,건조,맑음,단일로 - 기타,이륜,여,38세,중상,승용,여,42세,상해없음
2014041900100572,2014년 4월 19일 23시,토요일,강원도 춘천시 석사동,경상사고,0,0,1,0,차량단독 - 기타,안전운전불이행,건조,맑음,교차로 - 교차로부근,승용,남,67세,상해없음,,,,
2014041900100573,2014년 4월 19일 23시,토요일,강원도 양구군 양구읍,부상신고사고,0,0,0,1,차량단독 - 기타,안전운전불이행,건조,맑음,단일로 - 횡단보도부근,원동기,남,17세,상해없음,,,,
2014042000100027,2014년 4월 20일 01시,일요일,강원도 강릉시 성남동,경상사고,0,0,2,0,차대차 - 측면직각충돌,안전운전불이행,건조,맑음,교차로 - 교차로안,승용,남,33세,상해없음,승용,남,53세,경상
2014042000100074,2014년 4월 20일 04시,일요일,강원도 강릉시 교동,경상사고,0,0,3,0,차대차 - 측면직각충돌,신호위반,건조,맑음,교차로 - 교차로안,승용,남,28세,상해없음,승용,여,38세,경상
2014042000100096,2014년 4월 20일 06시,일요일,강원도 양구군 남면,부상신고사고,0,0,0,1,차량단독 - 공작물충돌,안전운전불이행,건조,맑음,단일로 - 기타,승용,남,26세,부상신고,,,,
2014042000100108,2014년 4월 20일 07시,일요일,강원도 춘천시 퇴계동,경상사고,0,0,2,0,차대차 - 기타,안전운전불이행,건조,맑음,교차로 - 교차로안,승용,남,41세,상해없음,승합,남,40세,상해없음
2014042000100179,2014년 4월 20일 11시,일요일,강원도 춘천시 퇴계동,경상사고,0,0,1,0,차대차 - 측면직각충돌,안전운전불이행,건조,맑음,교차로 - 교차로부근,승용,여,43세,상해없음,승용,여,37세,경상
2014042000100180,2014년 4월 20일 11시,일요일,강원도 강릉시 입암동,경상사고,0,0,2,0,차대차 - 측면직각충돌,중앙선침범,건조,맑음,단일로 - 기타,승용,남,29세,상해없음,원동기,남,15세,경상
2014042000100228,2014년 4월 20일 13시,일요일,강원도 원주시 소초면,경상사고,0,0,3,0,차대차 - 기타,안전운전불이행,건조,맑음,교차로 - 교차로부근,승용,남,44세,상해없음,승용,여,39세,경상
2014042000100278,2014년 4월 20일 15시,일요일,강원도 화천군 사내면,경상사고,0,0,3,0,차대차 - 추돌 - 진행중,안전운전불이행,건조,맑음,기타 - 기타,승용,남,32세,상해없음,화물,남,49세,경상
2014042000100312,2014년 4월 20일 16시,일요일,강원도 춘천시 남산면,중상사고,0,1,0,0,차량단독 - 도로외이탈 - 기타,안전운전불이행,건조,맑음,기타 - 기타,이륜,여,28세,중상,,,,
2014042000100313,2014년 4월 20일 16시,일요일,강원도 양양군 강현면,중상사고,0,1,1,0,차대차 - 측면직각충돌,안전운전불이행,건조,맑음,교차로 - 교차로안,승용,남,48세,상해없음,승용,남,58세,중상
2014042000100379,2014년 4월 20일 18시,일요일,강원도 춘천시 석사동,경상사고,0,0,3,0,차대차 - 측면직각충돌,안전운전불이행,건조,맑음,교차로 - 교차로안,승용,남,62세,상해없음,승용,남,44세,경상
2014042000100417,2014년 4월 20일 19시,일요일,강원도 강릉시 교동,중상사고,0,1,0,0,차대차 - 측면직각충돌,안전운전불이행,건조,맑음,단일로 - 기타,승용,남,65세,상해없음,원동기,남,19세,중상
2014042000100418,2014년 4월 20일 19시,일요일,강원도 홍천군 남면,경상사고,0,0,2,0,차대차 - 정면충돌,중앙선침범,건조,맑음,단일로 - 기타,화물,남,28세,상해없음,승용,여,54세,경상
2014042000100419,2014년 4월 20일 19시,일요일,강원도 화천군 화천읍,경상사고,0,0,1,0,차대차 - 추돌 - 진행중,기타,건조,맑음,기타 - 기타,승용,남,64세,상해없음,자전거,여,6세,경상
2014042000100420,2014년 4월 20일 19시,일요일,강원도 철원군 서면,중상사고,0,1,0,0,차대차 - 측면직각충돌,교차로운행방법위반,건조,맑음,교차로 - 교차로안,승용,남,52세,상해없음,이륜,남,19세,중상
2014042000100467,2014년 4월 20일 21시,일요일,강원도 원주시 단구동,경상사고,0,0,1,0,차대사람 - 기타,안전운전불이행,건조,맑음,단일로 - 기타,승용,남,48세,상해없음,보행자,남,35세,경상
2014042000100489,2014년 4월 20일 22시,일요일,강원도 삼척시 도계읍,경상사고,0,0,4,0,차대차 - 추돌 - 진행중,안전운전불이행,건조,맑음,단일로 - 기타,승용,남,30세,상해없음,승용,남,30세,경상
2014042100100004,2014년 4월 21일 00시,월요일,강원도 동해시 발한동,중상사고,0,4,0,0,차대차 - 기타,안전운전불이행,건조,맑음,단일로 - 기타,승용,남,24세,중상,화물,남,23세,중상
2014042100100014,2014년 4월 21일 01시,월요일,강원도 춘천시 동내면,사망사고,1,0,0,0,차량단독 - 전도전복,안전운전불이행,건조,맑음,단일로 - 기타,승용,여,21세,사망,,,,
2014042100100047,2014년 4월 21일 06시,월요일,강원도 고성군 간성읍,중상사고,0,1,0,0,차대사람 - 횡단중,안전운전불이행,건조,맑음,단일로 - 기타,원동기,남,72세,기타불명,보행자,여,85세,중상
2014042100100069,2014년 4월 21일 07시,월요일,강원도 원주시 우산동,경상사고,0,0,1,0,차대차 - 측면직각충돌,안전운전불이행,건조,맑음,교차로 - 교차로안,화물,남,54세,상해없음,화물,남,64세,경상
2014042100100102,2014년 4월 21일 08시,월요일,강원도 원주시 개운동,경상사고,0,0,1,0,차대사람 - 기타,안전운전불이행,건조,맑음,단일로 - 기타,승용,남,30세,상해없음,보행자,여,79세,경상
2014042100100103,2014년 4월 21일 08시,월요일,강원도 속초시 중앙동,중상사고,0,1,0,0,차대사람 - 보도통행중,안전운전불이행,건조,맑음,교차로 - 교차로안,승용,남,32세,상해없음,보행자,남,79세,중상
2014042100100141,2014년 4월 21일 09시,월요일,강원도 춘천시 효자동,경상사고,0,0,1,0,차대차 - 기타,안전운전불이행,건조,맑음,단일로 - 기타,승용,여,38세,상해없음,승용,여,38세,경상
2014042100100142,2014년 4월 21일 09시,월요일,강원도 원주시 단구동,경상사고,0,0,2,0,차대차 - 측면직각충돌,신호위반,건조,맑음,교차로 - 교차로안,승용,여,33세,상해없음,승용,여,55세,경상
2014042100100143,2014년 4월 21일 09시,월요일,강원도 영월군 영월읍,중상사고,0,1,0,0,차대차 - 기타,기타,건조,맑음,교차로 - 교차로안,화물,남,38세,상해없음,이륜,남,60세,중상
2014042100100201,2014년 4월 21일 11시,월요일,강원도 동해시 천곡동,중상사고,0,1,0,0,차대사람 - 횡단중,안전운전불이행,건조,맑음,단일로 - 기타,승용,여,70세,상해없음,보행자,여,66세,중상
2014042100100227,2014년 4월 21일 12시,월요일,강원도 태백시 장성동,경상사고,0,0,1,0,차대차 - 추돌 - 주정차중,안전거리미확보,건조,맑음,교차로 - 교차로부근,승용,남,52세,상해없음,승용,남,71세,상해없음
2014042100100254,2014년 4월 21일 13시,월요일,강원도 원주시 흥업면,중상사고,0,1,0,0,차대차 - 기타,교차로운행방법위반,건조,맑음,교차로 - 교차로부근,승용,남,21세,상해없음,원동기,여,51세,중상
2014042100100255,2014년 4월 21일 13시,월요일,강원도 삼척시 사직동,중상사고,0,1,0,0,차대차 - 기타,안전거리미확보,건조,맑음,단일로 - 기타,특수,기타불명,기타불명,기타불명,원동기,남,78세,중상
2014042100100256,2014년 4월 21일 13시,월요일,강원도 동해시 송정동,경상사고,0,0,1,0,차대차 - 기타,중앙선침범,건조,맑음,교차로 - 교차로부근,승용,남,52세,상해없음,승용,여,45세,경상
2014042100100283,2014년 4월 21일 14시,월요일,강원도 속초시 조양동,경상사고,0,0,1,0,차대사람 - 길가장자리구역통행중,안전운전불이행,건조,맑음,단일로 - 기타,승용,남,67세,상해없음,보행자,여,82세,경상
2014042100100284,2014년 4월 21일 14시,월요일,강원도 양구군 남면,중상사고,0,1,0,0,차대차 - 측면직각충돌,안전운전불이행,건조,맑음,단일로 - 기타,화물,남,35세,상해없음,원동기,남,74세,중상
2014042100100379,2014년 4월 21일 17시,월요일,강원도 춘천시 동면,경상사고,0,0,1,0,차대차 - 측면직각충돌,중앙선침범,건조,맑음,단일로 - 기타,화물,남,57세,상해없음,승용,남,51세,경상
2014042100100380,2014년 4월 21일 17시,월요일,강원도 춘천시 효자동,경상사고,0,0,1,0,차대차 - 측면직각충돌,안전운전불이행,건조,맑음,단일로 - 기타,승용,남,59세,상해없음,승용,여,37세,경상
2014042100100414,2014년 4월 21일 18시,월요일,강원도 원주시 단구동,경상사고,0,0,1,0,차대차 - 기타,안전거리미확보,건조,맑음,교차로 - 교차로부근,원동기,남,60세,상해없음,승용,남,55세,경상
2014042100100433,2014년 4월 21일 19시,월요일,강원도 춘천시 근화동,중상사고,0,1,0,0,차대차 - 측면직각충돌,안전운전불이행,건조,맑음,교차로 - 교차로안,승용,남,30세,상해없음,승용,남,24세,중상
2014042100100467,2014년 4월 21일 20시,월요일,강원도 홍천군 북방면,경상사고,0,0,1,0,차대차 - 기타,안전운전불이행,건조,맑음,교차로 - 교차로안,화물,남,61세,상해없음,승용,남,55세,경상
2014042100100501,2014년 4월 21일 21시,월요일,강원도 춘천시 서면,경상사고,0,0,1,0,차대차 - 추돌 - 진행중,안전운전불이행,건조,맑음,단일로 - 기타,승용,여,38세,상해없음,이륜,남,60세,경상
2014042100100502,2014년 4월 21일 21시,월요일,강원도 강릉시 사천면,경상사고,0,0,4,0,차대차 - 측면직각충돌,안전운전불이행,건조,맑음,교차로 - 교차로안,승용,남,56세,상해없음,승용,여,56세,경상
2014042100100524,2014년 4월 21일 22시,월요일,강원도 철원군 서면,중상사고,0,1,0,0,차대사람 - 횡단중,안전운전불이행,건조,맑음,교차로 - 교차로안,승용,남,33세,상해없음,보행자,남,48세,중상
2014042200100019,2014년 4월 22일 01시,화요일,강원도 동해시 발한동,중상사고,0,1,0,0,차대차 - 기타,안전운전불이행,건조,맑음,단일로 - 기타,화물,남,42세,상해없음,승용,여,55세,상해없음
2014042200100042,2014년 4월 22일 04시,화요일,강원도 원주시 흥업면,경상사고,0,0,1,0,차대차 - 추돌 - 진행중,안전거리미확보,건조,맑음,단일로 - 기타,승용,남,40세,상해없음,승용,남,40세,경상
2014042200100068,2014년 4월 22일 06시,화요일,강원도 춘천시 삼천동,중상사고,0,1,0,0,차대차 - 측면직각충돌,신호위반,건조,맑음,교차로 - 교차로안,승용,남,53세,상해없음,승용,남,67세,중상
2014042200100089,2014년 4월 22일 07시,화요일,강원도 춘천시 온의동,경상사고,0,0,1,0,차대차 - 기타,안전운전불이행,건조,맑음,교차로 - 교차로안,승용,여,38세,상해없음,승용,남,44세,경상
2014042200100126,2014년 4월 22일 08시,화요일,강원도 춘천시 후평동,경상사고,0,0,2,1,차대차 - 기타,기타,건조,맑음,단일로 - 기타,승합,남,41세,상해없음,승용,여,47세,경상
2014042200100127,2014년 4월 22일 08시,화요일,강원도 원주시 태장동,경상사고,0,0,1,0,차대차 - 추돌 - 진행중,안전거리미확보,건조,맑음,교차로 - 교차로부근,승용,여,47세,상해없음,이륜,남,37세,경상
2014042200100128,2014년 4월 22일 08시,화요일,강원도 동해시 천곡동,중상사고,0,2,0,0,차대차 - 측면직각충돌,직진우회전진행방해,건조,맑음,교차로 - 교차로안,승용,여,43세,상해없음,승용,여,40세,중상
2014042200100170,2014년 4월 22일 09시,화요일,강원도 춘천시 후평동,경상사고,0,0,1,0,차대차 - 기타,안전운전불이행,건조,맑음,기타 - 기타,기타불명,기타불명,40세,기타불명,승용,남,61세,상해없음
2014042200100199,2014년 4월 22일 10시,화요일,강원도 평창군 대화면,중상사고,0,2,0,0,차대차 - 기타,안전운전불이행,건조,맑음,단일로 - 기타,화물,남,70세,상해없음,농기계,남,72세,중상
2014042200100229,2014년 4월 22일 11시,화요일,강원도 원주시 명륜동,중상사고,0,1,0,0,차대사람 - 기타,기타,건조,맑음,단일로 - 기타,승용,남,62세,상해없음,보행자,여,68세,중상
2014042200100230,2014년 4월 22일 11시,화요일,강원도 속초시 조양동,경상사고,0,0,4,0,차대차 - 추돌 - 진행중,안전운전불이행,건조,맑음,단일로 - 기타,건설기계,남,29세,상해없음,승용,남,49세,경상
2014042200100267,2014년 4월 22일 13시,화요일,강원도 철원군 철원읍,경상사고,0,0,1,0,차대차 - 측면직각충돌,중앙선침범,건조,맑음,단일로 - 기타,화물,남,43세,상해없음,승합,남,42세,경상
2014042200100268,2014년 4월 22일 13시,화요일,강원도 홍천군 홍천읍,중상사고,0,1,0,0,차대차 - 추돌 - 주정차중,안전거리미확보,건조,맑음,기타 - 기타,화물,남,38세,상해없음,승용,남,84세,중상
2014042200100323,2014년 4월 22일 15시,화요일,강원도 춘천시 사북면,중상사고,0,1,0,0,차대차 - 기타,안전운전불이행,건조,맑음,단일로 - 기타,농기계,남,74세,상해없음,승용,남,54세,중상
2014042200100351,2014년 4월 22일 16시,화요일,강원도 강릉시 주문진읍,경상사고,0,0,1,0,차대사람 - 기타,안전운전불이행,건조,맑음,단일로 - 기타,승합,남,54세,상해없음,보행자,여,13세,경상
2014042200100352,2014년 4월 22일 16시,화요일,강원도 원주시 평원동,경상사고,0,0,3,0,차대차 - 기타,안전운전불이행,건조,맑음,교차로 - 교차로안,승용,남,64세,상해없음,승용,남,51세,경상
2014042200100377,2014년 4월 22일 17시,화요일,강원도 강릉시 주문진읍,경상사고,0,0,1,0,차대차 - 측면직각충돌,안전운전불이행,건조,맑음,단일로 - 기타,화물,남,53세,상해없음,승용,여,43세,경상
2014042200100378,2014년 4월 22일 17시,화요일,강원도 원주시 신림면,중상사고,0,1,0,0,차대차 - 추돌 - 진행중,안전거리미확보,건조,맑음,단일로 - 기타,화물,남,59세,상해없음,승용,여,48세,중상
2014042200100379,2014년 4월 22일 17시,화요일,강원도 평창군 봉평면,중상사고,0,1,0,0,차대차 - 측면직각충돌,안전운전불이행,건조,맑음,교차로 - 교차로부근,승용,여,51세,상해없음,이륜,남,60세,중상
2014042200100424,2014년 4월 22일 18시,화요일,강원도 강릉시 교동,경상사고,0,0,1,0,차대차 - 측면직각충돌,안전운전불이행,건조,맑음,교차로 - 교차로안,승용,남,40세,상해없음,원동기,남,17세,경상
2014042200100503,2014년 4월 22일 20시,화요일,강원도 속초시 교동,경상사고,0,0,1,0,차대차 - 측면직각충돌,안전운전불이행,건조,맑음,단일로 - 기타,승용,남,63세,상해없음,자전거,남,68세,경상
2014042200100528,2014년 4월 22일 21시,화요일,강원도 속초시 교동,중상사고,0,1,5,0,차대차 - 측면직각충돌,안전운전불이행,건조,맑음,단일로 - 기타,승용,남,52세,상해없음,승용,여,24세,경상
2014042200100565,2014년 4월 22일 22시,화요일,강원도 춘천시 남산면,중상사고,0,1,0,0,차대차 - 기타,안전운전불이행,건조,맑음,교차로 - 교차로부근,승용,남,18세,상해없음,원동기,남,17세,중상
2014042200100596,2014년 4월 22일 23시,화요일,강원도 춘천시 효자동,경상사고,0,0,1,0,차대차 - 추돌 - 주정차중,안전운전불이행,건조,맑음,단일로 - 기타,승용,남,33세,상해없음,승용,남,51세,경상
2014042300100041,2014년 4월 23일 02시,수요일,강원도 삼척시 교동,중상사고,0,1,1,0,차대차 - 측면직각충돌,안전운전불이행,건조,맑음,단일로 - 기타,승용,남,36세,경상,화물,남,50세,중상
2014042300100070,2014년 4월 23일 05시,수요일,강원도 춘천시 동면,사망사고,1,0,0,0,차대차 - 측면직각충돌,교차로운행방법위반,건조,맑음,교차로 - 교차로안,승용,남,30세,기타불명,화물,남,56세,사망
2014042300100071,2014년 4월 23일 05시,수요일,강원도 정선군 고한읍,중상사고,0,1,0,0,차량단독 - 공작물충돌,안전운전불이행,건조,맑음,단일로 - 기타,화물,남,55세,상해없음,,,,
2014042300100078,2014년 4월 23일 06시,수요일,강원도 춘천시 퇴계동,중상사고,0,1,0,0,차대차 - 기타,안전운전불이행,건조,맑음,교차로 - 교차로안,승용,남,37세,상해없음,자전거,남,64세,중상
2014042300100132,2014년 4월 23일 08시,수요일,강원도 원주시 단구동,경상사고,0,0,1,0,차대차 - 추돌 - 진행중,안전운전불이행,건조,맑음,단일로 - 기타,기타불명,기타불명,기타불명,기타불명,자전거,남,13세,경상
2014042300100133,2014년 4월 23일 08시,수요일,강원도 원주시 단계동,경상사고,0,0,2,0,차대차 - 기타,차로위반,건조,맑음,단일로 - 기타,승용,여,32세,상해없음,승용,여,39세,경상
2014042300100134,2014년 4월 23일 08시,수요일,강원도 양양군 양양읍,경상사고,0,0,1,0,차대차 - 측면직각충돌,안전운전불이행,건조,맑음,단일로 - 기타,이륜,남,70세,상해없음,이륜,남,78세,경상
2014042300100188,2014년 4월 23일 10시,수요일,강원도 고성군 토성면,경상사고,0,0,3,0,차대차 - 추돌 - 주정차중,안전운전불이행,건조,맑음,단일로 - 기타,승용,여,51세,상해없음,승용,여,48세,경상
2014042300100211,2014년 4월 23일 11시,수요일,강원도 삼척시 남양동,경상사고,0,0,3,0,차대차 - 추돌 - 진행중,안전운전불이행,건조,맑음,단일로 - 기타,승용,남,36세,상해없음,승용,남,53세,경상
2014042300100212,2014년 4월 23일 11시,수요일,강원도 동해시 발한동,경상사고,0,0,1,0,차대차 - 추돌 - 주정차중,안전운전불이행,건조,맑음,단일로 - 기타,화물,남,41세,상해없음,승용,남,65세,경상
2014042300100242,2014년 4월 23일 12시,수요일,강원도 원주시 명륜동,경상사고,0,0,1,0,차대차 - 측면직각충돌,중앙선침범,건조,맑음,단일로 - 기타,승용,남,45세,상해없음,이륜,남,26세,경상
2014042300100243,2014년 4월 23일 12시,수요일,강원도 원주시 태장동,부상신고사고,0,0,0,1,차대차 - 측면직각충돌,안전운전불이행,건조,맑음,교차로 - 교차로부근,원동기,남,40세,부상신고,승용,남,46세,상해없음
2014042300100312,2014년 4월 23일 15시,수요일,강원도 강릉시 내곡동,중상사고,0,1,0,0,차대사람 - 횡단중,보행자보호의무위반,건조,맑음,단일로 - 횡단보도상,승용,여,24세,상해없음,보행자,여,8세,중상
2014042300100313,2014년 4월 23일 15시,수요일,강원도 강릉시 교동,경상사고,0,0,1,0,차대차 - 측면직각충돌,안전운전불이행,건조,맑음,교차로 - 교차로안,승용,남,58세,상해없음,승용,여,21세,경상
2014042300100340,2014년 4월 23일 16시,수요일,강원도 강릉시 교동,경상사고,0,0,4,0,차대차 - 추돌 - 진행중,기타,건조,맑음,단일로 - 기타,승용,여,65세,상해없음,화물,남,37세,경상
2014042300100341,2014년 4월 23일 16시,수요일,강원도 화천군 하남면,부상신고사고,0,0,0,1,차대차 - 기타,안전운전불이행,건조,흐림,단일로 - 기타,자전거,남,14세,부상신고,승용,여,46세,기타불명
2014042300100342,2014년 4월 23일 16시,수요일,강원도 태백시 황지동,경상사고,0,0,1,0,차대차 - 기타,안전운전불이행,건조,맑음,교차로 - 교차로부근,승용,남,54세,상해없음,승용,여,41세,경상
2014042300100377,2014년 4월 23일 17시,수요일,강원도 철원군 철원읍,중상사고,0,1,0,0,차대사람 - 횡단중,안전운전불이행,건조,맑음,단일로 - 횡단보도부근,승용,남,32세,상해없음,보행자,여,77세,중상
2014042300100501,2014년 4월 23일 21시,수요일,강원도 강릉시 교동,경상사고,0,0,2,0,차대차 - 추돌 - 진행중,안전운전불이행,기타,기타,교차로 - 교차로안,기타불명,기타불명,기타불명,기타불명,승용,여,54세,경상
2014042300100529,2014년 4월 23일 22시,수요일,강원도 양양군 양양읍,경상사고,0,0,1,0,차대차 - 측면직각충돌,안전운전불이행,건조,맑음,교차로 - 교차로부근,승용,남,21세,상해없음,원동기,남,16세,경상
2014042300100530,2014년 4월 23일 22시,수요일,강원도 동해시 천곡동,중상사고,0,1,0,0,차대사람 - 길가장자리구역통행중,안전운전불이행,건조,맑음,단일로 - 기타,승용,여,35세,상해없음,보행자,남,15세,중상
2014042300100558,2014년 4월 23일 23시,수요일,강원도 강릉시 교동,중상사고,0,1,1,0,차대사람 - 기타,안전운전불이행,기타,기타,교차로 - 교차로안,승용,남,35세,상해없음,보행자,남,24세,경상
2014042300100559,2014년 4월 23일 23시,수요일,강원도 원주시 개운동,경상사고,0,0,1,0,차대차 - 기타,안전거리미확보,건조,맑음,단일로 - 기타,승용,남,39세,상해없음,승용,남,52세,경상
2014042400100030,2014년 4월 24일 02시,목요일,강원도 춘천시 효자동,경상사고,0,0,1,0,차대차 - 측면직각충돌,안전운전불이행,건조,맑음,단일로 - 기타,승용,남,35세,상해없음,자전거,남,52세,경상
2014042400100077,2014년 4월 24일 07시,목요일,강원도 강릉시 옥계면,경상사고,0,0,2,0,차대차 - 측면직각충돌,신호위반,건조,맑음,교차로 - 교차로안,화물,남,49세,상해없음,승용,남,43세,경상
2014042400100116,2014년 4월 24일 08시,목요일,강원도 춘천시 후평동,중상사고,0,1,0,0,차대차 - 측면직각충돌,신호위반,건조,맑음,교차로 - 교차로안,자전거,남,18세,중상,승용,여,54세,상해없음
2014042400100141,2014년 4월 24일 09시,목요일,강원도 춘천시 동내면,경상사고,0,0,2,0,차대차 - 측면직각충돌,신호위반,건조,맑음,교차로 - 교차로안,화물,여,45세,상해없음,승합,여,32세,경상
2014042400100210,2014년 4월 24일 11시,목요일,강원도 춘천시 효자동,경상사고,0,0,1,0,차대사람 - 기타,안전운전불이행,건조,맑음,단일로 - 기타,화물,남,54세,상해없음,보행자,남,47세,경상
2014042400100211,2014년 4월 24일 11시,목요일,강원도 동해시 망상동,중상사고,0,1,0,0,차대차 - 측면직각충돌,안전운전불이행,건조,맑음,교차로 - 교차로부근,화물,남,60세,상해없음,이륜,남,78세,중상
2014042400100239,2014년 4월 24일 12시,목요일,강원도 홍천군 동면,경상사고,0,0,3,0,차대차 - 측면직각충돌,직진우회전진행방해,건조,맑음,교차로 - 교차로안,화물,남,67세,상해없음,승용,여,48세,경상
2014042400100262,2014년 4월 24일 13시,목요일,강원도 춘천시 동내면,경상사고,0,0,1,0,차대차 - 기타,안전운전불이행,건조,맑음,단일로 - 기타,화물,남,55세,상해없음,승용,여,34세,경상
2014042400100282,2014년 4월 24일 14시,목요일,강원도 춘천시 신동면,중상사고,0,1,1,1,차대차 - 측면직각충돌,중앙선침범,건조,맑음,교차로 - 교차로부근,기타불명,남,20세,상해없음,승용,남,40세,경상
2014042400100283,2014년 4월 24일 14시,목요일,강원도 원주시 봉산동,부상신고사고,0,0,0,1,차대차 - 기타,안전운전불이행,건조,맑음,단일로 - 기타,승용,남,62세,상해없음,승용,여,33세,부상신고
2014042400100359,2014년 4월 24일 16시,목요일,강원도 춘천시 근화동,경상사고,0,0,1,0,차대차 - 측면직각충돌,신호위반,건조,맑음,교차로 - 교차로부근,원동기,남,54세,상해없음,자전거,남,14세,경상
2014042400100360,2014년 4월 24일 16시,목요일,강원도 춘천시 근화동,중상사고,0,1,0,0,차대차 - 추돌 - 주정차중,교차로운행방법위반,건조,맑음,교차로 - 교차로부근,승용,남,42세,상해없음,승용,남,59세,중상
2014042400100361,2014년 4월 24일 16시,목요일,강원도 영월군 주천면,경상사고,0,0,1,0,차대차 - 정면충돌,중앙선침범,건조,맑음,단일로 - 기타,화물,남,78세,상해없음,승용,여,70세,경상
2014042400100393,2014년 4월 24일 17시,목요일,강원도 춘천시 동내면,중상사고,0,1,0,0,차대차 - 기타,안전운전불이행,건조,맑음,교차로 - 교차로안,화물,남,28세,상해없음,자전거,남,72세,중상
2014042400100394,2014년 4월 24일 17시,목요일,강원도 강릉시 옥천동,중상사고,0,1,0,0,차대사람 - 기타,안전운전불이행,건조,맑음,단일로 - 기타,기타불명,기타불명,기타불명,기타불명,보행자,남,48세,중상
2014042400100447,2014년 4월 24일 18시,목요일,강원도 강릉시 교동,경상사고,0,0,2,0,차대차 - 기타,안전운전불이행,건조,맑음,교차로 - 교차로부근,승합,남,54세,상해없음,승용,여,39세,경상
2014042400100484,2014년 4월 24일 19시,목요일,강원도 강릉시 교동,경상사고,0,0,1,0,차대차 - 기타,안전운전불이행,건조,맑음,단일로 - 기타,기타불명,기타불명,기타불명,기타불명,자전거,남,15세,경상
2014042400100485,2014년 4월 24일 19시,목요일,강원도 강릉시 교동,경상사고,0,0,1,0,차대차 - 기타,안전운전불이행,건조,맑음,단일로 - 기타,자전거,남,27세,경상,승용,남,49세,상해없음
2014042400100517,2014년 4월 24일 20시,목요일,강원도 강릉시 옥천동,경상사고,0,0,3,0,차대차 - 추돌 - 주정차중,안전운전불이행,건조,맑음,단일로 - 기타,승용,남,58세,상해없음,승용,여,44세,경상
2014042400100585,2014년 4월 24일 22시,목요일,강원도 강릉시 내곡동,중상사고,0,1,1,0,차대차 - 추돌 - 진행중,안전운전불이행,건조,맑음,단일로 - 기타,승용,남,66세,상해없음,승용,남,32세,중상
2014042400100586,2014년 4월 24일 22시,목요일,강원도 강릉시 포남동,경상사고,0,0,2,0,차대차 - 기타,안전운전불이행,건조,맑음,단일로 - 기타,승용,남,57세,상해없음,승용,남,37세,경상
2014042400100587,2014년 4월 24일 22시,목요일,강원도 원주시 우산동,중상사고,0,1,1,0,차대차 - 추돌 - 진행중,안전거리미확보,건조,맑음,교차로 - 교차로부근,승용,남,55세,상해없음,승용,남,29세,경상