사고번호,사고일시,요일,시군구,사고내용,사망자수,중상자수,경상자수,부상신고자수,사고유형,법규위반,노면상태,기상상태,도로형태,가해운전자 차종,가해운전자 성별,가해운전자 연령,가해운전자 상해정도,피해운전자 차종,피해운전자 성별,피해운전자 연령,피해운전자 상해정도
2014042400100588,2014년 4월 24일 22시,목요일,강원도 원주시 개운동,중상사고,0,1,2,0,차대차 - 추돌 - 진행중,안전운전불이행,건조,맑음,교차로 - 교차로부근,승용,남,37세,상해없음,승용,남,34세,중상
2014042400100614,2014년 4월 24일 23시,목요일,강원도 원주시 단구동,중상사고,0,1,0,0,차대사람 - 기타,안전운전불이행,건조,맑음,단일로 - 기타,승용,남,51세,상해없음,보행자,남,49세,중상
2014042500100122,2014년 4월 25일 08시,금요일,강원도 강릉시 송정동,경상사고,0,0,1,0,차대차 - 측면직각충돌,신호위반,건조,맑음,교차로 - 교차로안,승용,여,69세,상해없음,승용,여,29세,경상
2014042500100123,2014년 4월 25일 08시,금요일,강원도 원주시 무실동,경상사고,0,0,1,0,차대차 - 기타,교차로운행방법위반,건조,맑음,교차로 - 교차로안,화물,남,54세,상해없음,승용,여,44세,경상
2014042500100124,2014년 4월 25일 08시,금요일,강원도 화천군 화천읍,경상사고,0,0,1,0,차대차 - 측면직각충돌,직진우회전진행방해,건조,맑음,교차로 - 교차로안,승용,여,30세,상해없음,화물,남,28세,경상
2014042500100210,2014년 4월 25일 11시,금요일,강원도 강릉시 입암동,경상사고,0,0,1,0,차대차 - 추돌 - 진행중,안전거리미확보,건조,맑음,교차로 - 교차로부근,승용,남,65세,상해없음,승용,여,48세,경상
2014042500100211,2014년 4월 25일 11시,금요일,강원도 원주시 일산동,경상사고,0,0,1,0,차대차 - 기타,안전거리미확보,건조,맑음,교차로 - 교차로부근,원동기,남,83세,경상,승용,남,59세,상해없음
2014042500100212,2014년 4월 25일 11시,금요일,강원도 원주시 태장동,중상사고,0,1,0,0,차대차 - 기타,신호위반,건조,맑음,교차로 - 교차로안,원동기,여,64세,중상,승용,남,43세,상해없음
2014042500100213,2014년 4월 25일 11시,금요일,강원도 원주시 단계동,중상사고,0,1,0,0,차대차 - 측면직각충돌,신호위반,건조,맑음,교차로 - 교차로안,원동기,남,17세,상해없음,승합,남,45세,상해없음
2014042500100214,2014년 4월 25일 11시,금요일,강원도 삼척시 교동,경상사고,0,0,1,0,차대차 - 측면직각충돌,안전운전불이행,건조,맑음,교차로 - 교차로안,화물,남,69세,상해없음,승용,여,42세,경상
2014042500100238,2014년 4월 25일 12시,금요일,강원도 철원군 근남면,중상사고,0,2,2,0,차대차 - 측면직각충돌,교차로운행방법위반,건조,맑음,교차로 - 교차로안,승용,남,52세,중상,승용,여,52세,경상
2014042500100293,2014년 4월 25일 14시,금요일,강원도 춘천시 칠전동,중상사고,0,2,0,0,차량단독 - 공작물충돌,안전운전불이행,건조,맑음,단일로 - 기타,승용,남,17세,상해없음,,,,
2014042500100294,2014년 4월 25일 14시,금요일,강원도 태백시 통동,경상사고,0,0,1,0,차대사람 - 횡단중,보행자보호의무위반,건조,맑음,교차로 - 교차로부근,승용,여,64세,기타불명,보행자,남,69세,경상
2014042500100295,2014년 4월 25일 14시,금요일,강원도 횡성군 우천면,경상사고,0,0,1,0,차대차 - 정면충돌,중앙선침범,건조,맑음,단일로 - 기타,화물,남,49세,경상,농기계,남,60세,상해없음
2014042500100369,2014년 4월 25일 16시,금요일,강원도 철원군 철원읍,중상사고,0,1,0,0,차대사람 - 횡단중,안전운전불이행,건조,맑음,단일로 - 기타,승합,남,20세,상해없음,보행자,남,11세,중상
2014042500100370,2014년 4월 25일 16시,금요일,강원도 동해시 북평동,경상사고,0,0,3,0,차대차 - 추돌 - 진행중,불법유턴,건조,맑음,교차로 - 교차로안,승용,남,74세,상해없음,승용,남,36세,경상
2014042500100414,2014년 4월 25일 17시,금요일,강원도 춘천시 동면,중상사고,0,1,0,0,차대차 - 기타,안전운전불이행,건조,맑음,단일로 - 기타,승용,남,66세,상해없음,이륜,남,57세,중상
2014042500100415,2014년 4월 25일 17시,금요일,강원도 원주시 일산동,경상사고,0,0,1,0,차대차 - 기타,안전운전불이행,건조,맑음,교차로 - 교차로안,원동기,남,41세,경상,승용,여,42세,상해없음
2014042500100416,2014년 4월 25일 17시,금요일,강원도 동해시 천곡동,중상사고,0,1,0,0,차대사람 - 횡단중,보행자보호의무위반,건조,맑음,단일로 - 횡단보도상,승용,여,40세,상해없음,보행자,여,15세,중상
2014042500100462,2014년 4월 25일 18시,금요일,강원도 원주시 태장동,중상사고,0,1,0,0,차대차 - 측면직각충돌,교차로운행방법위반,건조,맑음,교차로 - 교차로안,승용,남,43세,상해없음,원동기,남,16세,중상
2014042500100463,2014년 4월 25일 18시,금요일,강원도 평창군 대관령면,경상사고,0,0,1,0,차대차 - 기타,안전운전불이행,건조,맑음,기타 - 기타,승용,남,33세,상해없음,승용,남,36세,경상
2014042500100503,2014년 4월 25일 19시,금요일,강원도 원주시 명륜동,중상사고,0,1,3,0,차대차 - 기타,안전운전불이행,건조,맑음,교차로 - 교차로부근,승합,남,47세,상해없음,승용,여,55세,경상
2014042500100542,2014년 4월 25일 20시,금요일,강원도 춘천시 남산면,경상사고,0,0,1,0,차대차 - 추돌 - 진행중,안전운전불이행,건조,맑음,단일로 - 기타,승용,여,41세,상해없음,이륜,남,20세,경상
2014042500100543,2014년 4월 25일 20시,금요일,강원도 강릉시 주문진읍,경상사고,0,0,1,0,차대차 - 측면직각충돌,중앙선침범,건조,맑음,교차로 - 교차로부근,승용,여,31세,상해없음,승용,남,39세,경상
2014042500100544,2014년 4월 25일 20시,금요일,강원도 원주시 명륜동,중상사고,0,1,0,0,차대사람 - 횡단중,안전운전불이행,건조,맑음,교차로 - 교차로부근,승용,남,60세,상해없음,보행자,남,71세,중상
2014042500100545,2014년 4월 25일 20시,금요일,강원도 속초시 청호동,중상사고,0,1,3,0,차대차 - 정면충돌,교차로운행방법위반,건조,맑음,교차로 - 교차로안,승용,남,34세,상해없음,승용,남,25세,경상
2014042500100580,2014년 4월 25일 21시,금요일,강원도 원주시 단구동,경상사고,0,0,1,0,차대사람 - 기타,보행자보호의무위반,건조,맑음,교차로 - 교차로안,승용,남,33세,기타불명,보행자,남,49세,경상
2014042500100581,2014년 4월 25일 21시,금요일,강원도 원주시 단구동,경상사고,0,0,1,0,차대차 - 추돌 - 진행중,안전운전불이행,건조,맑음,교차로 - 교차로부근,승용,여,45세,상해없음,승용,남,40세,경상
2014042500100582,2014년 4월 25일 21시,금요일,강원도 횡성군 우천면,중상사고,0,2,0,0,차대차 - 추돌 - 진행중,안전운전불이행,건조,맑음,기타 - 기타,승용,남,50세,중상,승용,여,43세,중상
2014042500100618,2014년 4월 25일 22시,금요일,강원도 원주시 일산동,경상사고,0,0,3,0,차대차 - 기타,안전거리미확보,건조,맑음,교차로 - 교차로안,승용,남,24세,상해없음,승용,여,26세,경상
2014042500100648,2014년 4월 25일 23시,금요일,강원도 원주시 무실동,경상사고,0,0,1,0,차대차 - 기타,직진우회전진행방해,건조,맑음,교차로 - 교차로안,승용,여,44세,상해없음,자전거,남,19세,경상
2014042600100013,2014년 4월 26일 00시,토요일,강원도 춘천시 동면,경상사고,0,0,1,0,차대차 - 측면직각충돌,안전운전불이행,건조,흐림,교차로 - 교차로안,승용,남,21세,상해없음,승용,남,55세,경상
2014042600100096,2014년 4월 26일 05시,토요일,강원도 원주시 흥업면,경상사고,0,0,1,0,차대차 - 추돌 - 주정차중,안전운전불이행,건조,흐림,교차로 - 교차로부근,화물,남,57세,상해없음,승용,남,27세,경상
2014042600100157,2014년 4월 26일 09시,토요일,강원도 원주시 단구동,경상사고,0,0,1,0,차대차 - 측면직각충돌,안전운전불이행,건조,맑음,교차로 - 교차로안,승용,남,44세,상해없음,자전거,남,12세,경상
2014042600100183,2014년 4월 26일 10시,토요일,강원도 동해시 천곡동,중상사고,0,1,2,0,차대차 - 기타,중앙선침범,건조,맑음,단일로 - 기타,화물,남,58세,상해없음,승용,여,50세,경상
2014042600100210,2014년 4월 26일 11시,토요일,강원도 동해시 천곡동,중상사고,0,1,0,0,차대차 - 측면직각충돌,신호위반,건조,맑음,단일로 - 기타,승용,여,54세,상해없음,자전거,남,66세,중상
2014042600100237,2014년 4월 26일 12시,토요일,강원도 강릉시 연곡면,중상사고,0,1,0,0,차대차 - 측면직각충돌,안전운전불이행,기타,기타,단일로 - 기타,승용,남,30세,상해없음,자전거,여,49세,중상
2014042600100238,2014년 4월 26일 12시,토요일,강원도 원주시 평원동,경상사고,0,0,1,0,차대사람 - 횡단중,보행자보호의무위반,건조,맑음,교차로 - 교차로부근,승용,남,59세,상해없음,보행자,여,61세,경상
2014042600100272,2014년 4월 26일 13시,토요일,강원도 속초시 동명동,사망사고,1,0,0,0,차대차 - 추돌 - 주정차중,안전운전불이행,건조,맑음,단일로 - 기타,이륜,남,55세,사망,승용,남,56세,기타불명
2014042600100309,2014년 4월 26일 14시,토요일,강원도 속초시 대포동,경상사고,0,0,1,0,차대차 - 측면직각충돌,신호위반,건조,맑음,교차로 - 교차로안,승용,여,52세,상해없음,승용,여,42세,경상
2014042600100310,2014년 4월 26일 14시,토요일,강원도 고성군 토성면,경상사고,0,0,2,0,차대차 - 기타,안전운전불이행,건조,맑음,단일로 - 터널,승용,여,32세,상해없음,승용,남,30세,경상
2014042600100344,2014년 4월 26일 15시,토요일,강원도 태백시 통동,경상사고,0,0,2,0,차대차 - 기타,중앙선침범,건조,맑음,단일로 - 기타,화물,남,66세,상해없음,승용,여,49세,경상
2014042600100379,2014년 4월 26일 16시,토요일,강원도 춘천시 후평동,중상사고,0,1,0,0,차대차 - 기타,신호위반,건조,맑음,교차로 - 교차로안,승용,남,56세,상해없음,원동기,남,47세,중상
2014042600100380,2014년 4월 26일 16시,토요일,강원도 강릉시 포남동,경상사고,0,0,1,0,차대차 - 측면직각충돌,안전운전불이행,기타,기타,교차로 - 교차로부근,승용,여,46세,상해없음,원동기,남,17세,경상
2014042600100381,2014년 4월 26일 16시,토요일,강원도 속초시 교동,중상사고,0,1,2,0,차대차 - 측면직각충돌,안전운전불이행,건조,맑음,단일로 - 기타,승용,여,46세,상해없음,승용,남,33세,경상
2014042600100382,2014년 4월 26일 16시,토요일,강원도 강릉시 사천면,경상사고,0,0,2,0,차대차 - 추돌 - 진행중,안전운전불이행,건조,맑음,단일로 - 기타,승용,남,44세,상해없음,승용,남,31세,경상
2014042600100425,2014년 4월 26일 17시,토요일,강원도 원주시 태장동,경상사고,0,0,1,0,차대차 - 추돌 - 진행중,안전거리미확보,건조,맑음,단일로 - 기타,승용,여,45세,경상,승용,남,49세,상해없음
2014042600100426,2014년 4월 26일 17시,토요일,강원도 원주시 우산동,경상사고,0,0,1,0,차대차 - 추돌 - 진행중,안전거리미확보,건조,맑음,단일로 - 기타,승용,남,56세,상해없음,자전거,남,27세,경상
2014042600100427,2014년 4월 26일 17시,토요일,강원도 속초시 교동,경상사고,0,0,1,0,차대차 - 측면직각충돌,교차로운행방법위반,건조,맑음,교차로 - 교차로안,승용,여,44세,상해없음,자전거,남,9세,경상
2014042600100428,2014년 4월 26일 17시,토요일,강원도 삼척시 남양동,경상사고,0,0,1,0,차대차 - 측면직각충돌,안전운전불이행,건조,맑음,교차로 - 교차로부근,자전거,남,76세,경상,원동기,남,66세,상해없음
2014042600100429,2014년 4월 26일 17시,토요일,강원도 철원군 서면,중상사고,0,1,0,0,차대차 - 측면직각충돌,안전운전불이행,건조,맑음,단일로 - 기타,승합,남,53세,상해없음,자전거,여,65세,중상
2014042600100467,2014년 4월 26일 18시,토요일,강원도 강릉시 홍제동,경상사고,0,0,1,0,차대차 - 기타,안전운전불이행,기타,기타,단일로 - 기타,기타불명,기타불명,기타불명,기타불명,자전거,남,76세,경상
2014042600100468,2014년 4월 26일 18시,토요일,강원도 원주시 단계동,중상사고,0,1,0,0,차대차 - 측면직각충돌,신호위반,건조,맑음,교차로 - 교차로안,승용,남,44세,상해없음,이륜,남,39세,중상
2014042600100505,2014년 4월 26일 19시,토요일,강원도 춘천시 운교동,중상사고,0,1,0,0,차대사람 - 기타,안전운전불이행,건조,맑음,단일로 - 기타,승합,남,47세,상해없음,보행자,여,71세,중상
2014042600100506,2014년 4월 26일 19시,토요일,강원도 춘천시 후평동,경상사고,0,0,1,0,차대차 - 기타,신호위반,건조,맑음,교차로 - 교차로안,특수,남,36세,상해없음,승용,남,30세,경상
2014042600100507,2014년 4월 26일 19시,토요일,강원도 정선군 사북읍,중상사고,0,1,1,0,차대차 - 측면직각충돌,중앙선침범,건조,흐림,단일로 - 기타,승용,남,46세,상해없음,승용,여,31세,중상
2014042600100569,2014년 4월 26일 21시,토요일,강원도 원주시 단구동,경상사고,0,0,1,0,차대차 - 기타,차로위반,건조,맑음,교차로 - 교차로안,승용,여,47세,상해없음,이륜,남,25세,경상
2014042600100570,2014년 4월 26일 21시,토요일,강원도 원주시 소초면,경상사고,0,0,2,0,차대차 - 추돌 - 진행중,안전운전불이행,건조,맑음,교차로 - 교차로부근,승용,남,36세,상해없음,승용,남,30세,경상
2014042600100571,2014년 4월 26일 21시,토요일,강원도 동해시 평릉동,중상사고,0,1,0,0,차대차 - 기타,안전거리미확보,건조,맑음,교차로 - 교차로부근,승용,남,48세,상해없음,이륜,남,23세,중상
2014042600100600,2014년 4월 26일 22시,토요일,강원도 강릉시 홍제동,경상사고,0,0,1,0,차대사람 - 기타,안전운전불이행,건조,맑음,단일로 - 기타,승용,남,68세,기타불명,보행자,남,21세,경상
2014042600100601,2014년 4월 26일 22시,토요일,강원도 원주시 단계동,경상사고,0,0,2,0,차대차 - 추돌 - 진행중,안전거리미확보,건조,맑음,단일로 - 기타,승용,남,52세,상해없음,승용,남,54세,경상
2014042600100623,2014년 4월 26일 23시,토요일,강원도 인제군 북면,경상사고,0,0,2,0,차대차 - 측면직각충돌,과속,건조,맑음,교차로 - 교차로안,승용,남,53세,경상,승용,남,57세,경상
2014042700100011,2014년 4월 27일 00시,일요일,강원도 원주시 우산동,경상사고,0,0,1,0,차대차 - 측면직각충돌,안전운전불이행,건조,맑음,교차로 - 교차로안,승용,여,34세,상해없음,승합,남,51세,경상
2014042700100012,2014년 4월 27일 00시,일요일,강원도 원주시 단계동,경상사고,0,0,2,0,차대차 - 추돌 - 진행중,안전운전불이행,건조,맑음,교차로 - 교차로부근,승용,남,27세,상해없음,승용,여,29세,경상
2014042700100013,2014년 4월 27일 00시,일요일,강원도 원주시 단구동,중상사고,0,1,2,0,차대차 - 측면직각충돌,신호위반,건조,맑음,교차로 - 교차로안,승용,남,53세,상해없음,승용,남,37세,경상
2014042700100159,2014년 4월 27일 09시,일요일,강원도 원주시 우산동,경상사고,0,0,1,0,차대사람 - 길가장자리구역통행중,불법유턴,습기,흐림,단일로 - 기타,승용,여,45세,상해없음,보행자,남,49세,경상
2014042700100247,2014년 4월 27일 13시,일요일,강원도 춘천시 동면,중상사고,0,1,0,0,차대차 - 측면직각충돌,신호위반,건조,맑음,교차로 - 교차로안,승용,남,40세,상해없음,승용,남,37세,중상
2014042700100248,2014년 4월 27일 13시,일요일,강원도 동해시 천곡동,부상신고사고,0,0,0,1,차대차 - 기타,안전운전불이행,건조,맑음,단일로 - 기타,승용,여,41세,상해없음,자전거,남,10세,부상신고
2014042700100277,2014년 4월 27일 14시,일요일,강원도 춘천시 남산면,경상사고,0,0,3,0,차대차 - 기타,기타,건조,맑음,교차로 - 교차로안,승용,남,39세,경상,승합,남,44세,경상
2014042700100278,2014년 4월 27일 14시,일요일,강원도 속초시 교동,경상사고,0,0,2,0,차대차 - 추돌 - 주정차중,안전운전불이행,건조,맑음,단일로 - 기타,승용,여,47세,상해없음,승용,남,51세,경상
2014042700100279,2014년 4월 27일 14시,일요일,강원도 속초시 교동,경상사고,0,0,3,0,차대차 - 측면직각충돌,안전운전불이행,건조,맑음,단일로 - 기타,승용,남,26세,경상,승용,남,57세,경상
2014042700100389,2014년 4월 27일 18시,일요일,강원도 강릉시 교동,중상사고,0,1,2,0,차대사람 - 횡단중,안전운전불이행,건조,맑음,단일로 - 기타,승용,남,40세,상해없음,보행자,남,65세,중상
2014042700100531,2014년 4월 27일 21시,일요일,강원도 원주시 단구동,경상사고,0,0,1,0,차대사람 - 횡단중,중앙선침범,습기,흐림,단일로 - 기타,승용,남,33세,상해없음,보행자,남,51세,경상
2014042700100611,2014년 4월 27일 23시,일요일,강원도 평창군 대관령면,중상사고,0,1,0,0,차대차 - 기타,안전운전불이행,습기,비,단일로 - 기타,승용,남,33세,상해없음,화물,남,47세,상해없음
2014042800100007,2014년 4월 28일 00시,월요일,강원도 원주시 단계동,중상사고,0,1,1,0,차대차 - 기타,신호위반,습기,비,교차로 - 교차로안,승용,남,19세,상해없음,승용,남,64세,중상
2014042800100027,2014년 4월 28일 01시,월요일,강원도 양양군 강현면,중상사고,0,1,0,0,차량단독 - 공작물충돌,안전운전불이행,건조,맑음,단일로 - 기타,건설기계,남,57세,중상,,,,
2014042800100040,2014년 4월 28일 02시,월요일,강원도 춘천시 동면,중상사고,0,1,1,0,차대차 - 측면직각충돌,안전운전불이행,습기,비,교차로 - 교차로안,승용,여,60세,경상,승용,남,56세,중상
2014042800100069,2014년 4월 28일 05시,월요일,강원도 원주시 지정면,사망사고,1,0,0,0,차대차 - 추돌 - 주정차중,안전운전불이행,습기,비,단일로 - 기타,승용,남,41세,사망,화물,남,75세,기타불명
2014042800100104,2014년 4월 28일 07시,월요일,강원도 원주시 태장동,경상사고,0,0,1,0,차량단독 - 기타,기타,습기,비,단일로 - 기타,승합,남,57세,상해없음,,,,
2014042800100141,2014년 4월 28일 08시,월요일,강원도 원주시 반곡동,중상사고,0,1,1,0,차대차 - 기타,신호위반,습기,비,교차로 - 교차로안,승용,남,42세,상해없음,승용,여,41세,중상
2014042800100142,2014년 4월 28일 08시,월요일,강원도 속초시 청호동,경상사고,0,0,1,0,차대차 - 측면직각충돌,안전운전불이행,건조,맑음,단일로 - 교량,자전거,기타불명,50세,기타불명,자전거,남,11세,경상
2014042800100143,2014년 4월 28일 08시,월요일,강원도 홍천군 내면,경상사고,0,0,1,0,차대차 - 기타,안전운전불이행,습기,비,교차로 - 교차로부근,화물,남,60세,상해없음,화물,남,73세,경상
2014042800100144,2014년 4월 28일 08시,월요일,강원도 동해시 지흥동,경상사고,0,0,2,0,차대차 - 추돌 - 주정차중,안전거리미확보,습기,비,교차로 - 교차로부근,화물,남,51세,상해없음,승용,여,60세,경상
2014042800100178,2014년 4월 28일 09시,월요일,강원도 원주시 단계동,중상사고,0,1,0,1,차대차 - 측면직각충돌,교차로운행방법위반,습기,비,교차로 - 교차로안,승용,여,53세,부상신고,승용,남,41세,중상
2014042800100179,2014년 4월 28일 09시,월요일,강원도 원주시 호저면,중상사고,0,1,1,0,차대차 - 기타,안전운전불이행,습기,비,단일로 - 기타,화물,남,30세,상해없음,승용,남,34세,경상
2014042800100207,2014년 4월 28일 10시,월요일,강원도 속초시 대포동,경상사고,0,0,3,0,차대차 - 추돌 - 진행중,안전운전불이행,습기,비,교차로 - 교차로부근,특수,남,46세,상해없음,승용,남,54세,경상
2014042800100208,2014년 4월 28일 10시,월요일,강원도 원주시 소초면,중상사고,0,9,4,0,차대차 - 기타,안전운전불이행,습기,비,단일로 - 기타,승합,남,53세,상해없음,승용,남,66세,경상
2014042800100209,2014년 4월 28일 10시,월요일,강원도 원주시 소초면,중상사고,0,2,0,0,차대차 - 추돌 - 주정차중,안전운전불이행,습기,비,단일로 - 기타,승합,남,40세,상해없음,승용,여,43세,중상
2014042800100244,2014년 4월 28일 11시,월요일,강원도 춘천시 효자동,경상사고,0,0,2,0,차대차 - 추돌 - 주정차중,안전운전불이행,습기,비,단일로 - 기타,화물,남,53세,기타불명,승용,여,29세,경상
2014042800100278,2014년 4월 28일 12시,월요일,강원도 삼척시 가곡면,중상사고,0,3,0,0,차대차 - 정면충돌,중앙선침범,습기,비,단일로 - 기타,승용,여,33세,중상,승용,남,55세,중상
2014042800100310,2014년 4월 28일 13시,월요일,강원도 춘천시 효자동,경상사고,0,0,1,0,차대차 - 기타,신호위반,건조,맑음,교차로 - 교차로안,화물,남,44세,상해없음,승용,여,52세,경상
2014042800100344,2014년 4월 28일 14시,월요일,강원도 철원군 동송읍,경상사고,0,0,1,0,차대차 - 측면직각충돌,신호위반,건조,맑음,교차로 - 교차로안,화물,남,26세,상해없음,승용,남,43세,상해없음
2014042800100381,2014년 4월 28일 15시,월요일,강원도 영월군 영월읍,중상사고,0,1,0,0,차대차 - 측면직각충돌,교차로운행방법위반,습기,비,교차로 - 교차로안,승용,여,56세,상해없음,특수,남,51세,중상
2014042800100455,2014년 4월 28일 17시,월요일,강원도 춘천시 신동면,중상사고,0,1,1,0,차대차 - 측면직각충돌,신호위반,건조,맑음,교차로 - 교차로안,승용,남,61세,상해없음,승용,여,54세,중상
2014042800100456,2014년 4월 28일 17시,월요일,강원도 원주시 단계동,경상사고,0,0,1,0,차대차 - 정면충돌,안전운전불이행,건조,맑음,교차로 - 교차로안,승용,남,51세,상해없음,승용,남,51세,경상
2014042800100457,2014년 4월 28일 17시,월요일,강원도 원주시 단계동,경상사고,0,0,1,0,차대차 - 기타,안전운전불이행,습기,비,단일로 - 기타,승용,남,31세,상해없음,승용,남,28세,경상
2014042800100514,2014년 4월 28일 19시,월요일,강원도 춘천시 운교동,중상사고,0,1,1,0,차대사람 - 기타,안전운전불이행,습기,비,교차로 - 교차로부근,승용,남,52세,상해없음,보행자,여,25세,중상
2014042800100515,2014년 4월 28일 19시,월요일,강원도 강릉시 강동면,사망사고,1,0,0,0,차량단독 - 전도전복,안전운전불이행,습기,비,단일로 - 기타,승용,남,60세,사망,,,,
2014042800100558,2014년 4월 28일 20시,월요일,강원도 강릉시 옥천동,중상사고,0,1,0,0,차대차 - 기타,안전운전불이행,기타,기타,단일로 - 기타,승용,여,50세,상해없음,자전거,남,77세,중상
2014042800100597,2014년 4월 28일 21시,월요일,강원도 강릉시 홍제동,경상사고,0,0,1,0,차대차 - 측면직각충돌,안전운전불이행,기타,기타,단일로 - 기타,승용,남,29세,상해없음,승용,남,56세,경상
2014042800100598,2014년 4월 28일 21시,월요일,강원도 태백시 황지동,부상신고사고,0,0,0,2,차대차 - 측면직각충돌,안전운전불이행,습기,비,기타 - 기타,승합,남,44세,상해없음,승용,남,66세,부상신고
2014042800100690,2014년 4월 28일 23시,월요일,강원도 춘천시 효자동,경상사고,0,0,1,0,차대사람 - 기타,안전운전불이행,건조,맑음,단일로 - 기타,승용,여,27세,상해없음,보행자,여,21세,경상
2014042800100691,2014년 4월 28일 23시,월요일,강원도 춘천시 석사동,경상사고,0,0,1,0,차대차 - 기타,기타,건조,맑음,단일로 - 기타,화물,남,38세,상해없음,승용,여,50세,경상
2014042800100692,2014년 4월 28일 23시,월요일,강원도 원주시 단구동,중상사고,0,1,0,0,차대차 - 측면직각충돌,교차로운행방법위반,건조,맑음,교차로 - 교차로안,승용,남,33세,상해없음,원동기,남,17세,중상
2014042900100072,2014년 4월 29일 03시,화요일,강원도 강릉시 입암동,중상사고,0,1,0,0,차대사람 - 기타,안전운전불이행,습기,비,교차로 - 교차로안,승용,남,58세,상해없음,보행자,남,39세,중상
2014042900100073,2014년 4월 29일 03시,화요일,강원도 원주시 단계동,중상사고,0,1,0,0,차대차 - 측면직각충돌,안전운전불이행,습기,비,교차로 - 교차로안,승용,남,26세,상해없음,승용,남,36세,중상
2014042900100263,2014년 4월 29일 11시,화요일,강원도 화천군 간동면,경상사고,0,0,1,0,차대차 - 측면직각충돌,직진우회전진행방해,건조,맑음,교차로 - 교차로안,화물,남,45세,상해없음,화물,남,46세,경상
2014042900100305,2014년 4월 29일 13시,화요일,강원도 춘천시 소양로4가,중상사고,0,1,0,0,차대차 - 측면직각충돌,신호위반,습기,비,교차로 - 교차로안,승용,남,60세,상해없음,이륜,남,43세,중상
2014042900100306,2014년 4월 29일 13시,화요일,강원도 원주시 단구동,경상사고,0,0,1,0,차대차 - 기타,교차로운행방법위반,건조,맑음,교차로 - 교차로안,승용,남,39세,상해없음,원동기,남,33세,경상
2014042900100333,2014년 4월 29일 14시,화요일,강원도 춘천시 운교동,중상사고,0,1,0,0,차대차 - 측면직각충돌,안전운전불이행,건조,맑음,교차로 - 교차로부근,승용,남,54세,상해없음,승용,남,55세,중상
2014042900100334,2014년 4월 29일 14시,화요일,강원도 강릉시 교동,경상사고,0,0,1,0,차대차 - 기타,불법유턴,건조,맑음,기타 - 기타,승용,남,52세,상해없음,승용,남,40세,경상
2014042900100408,2014년 4월 29일 16시,화요일,강원도 강릉시 주문진읍,경상사고,0,0,2,0,차대차 - 기타,중앙선침범,습기,비,단일로 - 기타,화물,남,26세,상해없음,승용,남,57세,경상
2014042900100409,2014년 4월 29일 16시,화요일,강원도 강릉시 주문진읍,경상사고,0,0,1,0,차대차 - 기타,안전운전불이행,습기,비,단일로 - 기타,화물,남,50세,상해없음,건설기계,남,50세,상해없음
2014042900100410,2014년 4월 29일 16시,화요일,강원도 삼척시 도계읍,경상사고,0,0,1,0,차대사람 - 기타,보행자보호의무위반,습기,안개,단일로 - 기타,기타불명,기타불명,기타불명,기타불명,보행자,여,13세,경상
2014042900100475,2014년 4월 29일 18시,화요일,강원도 원주시 호저면,경상사고,0,0,2,0,차대차 - 기타,안전운전불이행,건조,맑음,단일로 - 기타,승용,남,20세,상해없음,승용,남,36세,경상
2014042900100476,2014년 4월 29일 18시,화요일,강원도 홍천군 동면,사망사고,1,0,1,0,차량단독 - 공작물충돌,안전운전불이행,건조,맑음,단일로 - 기타,승용,여,45세,사망,,,,
2014042900100477,2014년 4월 29일 18시,화요일,강원도 홍천군 홍천읍,경상사고,0,0,4,0,차대차 - 기타,안전거리미확보,건조,맑음,교차로 - 교차로부근,승합,남,59세,상해없음,승용,여,50세,경상
2014042900100478,2014년 4월 29일 18시,화요일,강원도 횡성군 횡성읍,경상사고,0,0,1,0,차대차 - 측면직각충돌,안전운전불이행,건조,맑음,교차로 - 교차로안,승용,남,25세,상해없음,승용,남,50세,경상
2014042900100512,2014년 4월 29일 19시,화요일,강원도 춘천시 퇴계동,경상사고,0,0,2,0,차대차 - 추돌 - 진행중,안전운전불이행,건조,맑음,단일로 - 기타,승합,남,71세,상해없음,승용,남,49세,경상
2014042900100513,2014년 4월 29일 19시,화요일,강원도 강릉시 노암동,경상사고,0,0,2,0,차대차 - 기타,안전운전불이행,습기,비,단일로 - 기타,화물,남,57세,상해없음,승용,남,28세,경상
2014042900100514,2014년 4월 29일 19시,화요일,강원도 동해시 발한동,부상신고사고,0,0,0,1,차대사람 - 기타,안전운전불이행,습기,비,단일로 - 기타,화물,남,41세,상해없음,보행자,남,50세,부상신고
2014042900100578,2014년 4월 29일 21시,화요일,강원도 춘천시 서면,사망사고,1,0,0,0,차량단독 - 공작물충돌,안전운전불이행,건조,맑음,단일로 - 기타,승용,남,65세,사망,,,,
2014042900100606,2014년 4월 29일 22시,화요일,강원도 춘천시 동면,경상사고,0,0,2,0,차대차 - 측면직각충돌,신호위반,건조,흐림,교차로 - 교차로안,화물,남,48세,상해없음,승용,남,69세,경상