사고번호,사고일시,요일,시군구,사고내용,사망자수,중상자수,경상자수,부상신고자수,사고유형,법규위반,노면상태,기상상태,도로형태,가해운전자 차종,가해운전자 성별,가해운전자 연령,가해운전자 상해정도,피해운전자 차종,피해운전자 성별,피해운전자 연령,피해운전자 상해정도
2014042900100607,2014년 4월 29일 22시,화요일,강원도 강릉시 포남동,중상사고,0,1,0,0,차대차 - 기타,신호위반,건조,맑음,교차로 - 교차로안,승용,여,42세,상해없음,승용,여,43세,중상
2014042900100608,2014년 4월 29일 22시,화요일,강원도 원주시 단계동,중상사고,0,1,1,0,차대차 - 기타,교차로운행방법위반,건조,맑음,교차로 - 교차로안,승용,남,29세,상해없음,승용,남,32세,경상
2014042900100609,2014년 4월 29일 22시,화요일,강원도 영월군 영월읍,중상사고,0,2,0,0,차대차 - 측면직각충돌,교차로운행방법위반,습기,흐림,교차로 - 교차로안,승용,여,46세,중상,화물,남,43세,중상
2014042900100633,2014년 4월 29일 23시,화요일,강원도 원주시 태장동,경상사고,0,0,1,0,차대차 - 기타,직진우회전진행방해,건조,맑음,교차로 - 교차로안,승용,여,49세,상해없음,원동기,남,47세,경상
2014043000100010,2014년 4월 30일 00시,수요일,강원도 태백시 황지동,경상사고,0,0,3,0,차대차 - 기타,교차로운행방법위반,습기,비,교차로 - 교차로안,승용,남,53세,상해없음,승용,남,38세,경상
2014043000100074,2014년 4월 30일 05시,수요일,강원도 원주시 단계동,경상사고,0,0,1,0,차대차 - 측면직각충돌,신호위반,건조,맑음,교차로 - 교차로안,화물,남,53세,상해없음,승용,남,33세,경상
2014043000100101,2014년 4월 30일 07시,수요일,강원도 춘천시 후평동,경상사고,0,0,2,0,차대차 - 추돌 - 주정차중,안전운전불이행,건조,맑음,기타 - 기타,승용,남,61세,상해없음,승용,남,20세,경상
2014043000100146,2014년 4월 30일 08시,수요일,강원도 원주시 단계동,경상사고,0,0,3,0,차대차 - 추돌 - 진행중,안전거리미확보,건조,맑음,교차로 - 교차로부근,승용,남,31세,상해없음,승용,여,40세,경상
2014043000100147,2014년 4월 30일 08시,수요일,강원도 철원군 갈말읍,경상사고,0,0,1,0,차대차 - 측면직각충돌,교차로운행방법위반,건조,맑음,교차로 - 교차로안,자전거,남,26세,경상,승용,여,53세,상해없음
2014043000100183,2014년 4월 30일 09시,수요일,강원도 원주시 일산동,경상사고,0,0,2,0,차대차 - 측면직각충돌,신호위반,건조,흐림,교차로 - 교차로안,승용,남,41세,상해없음,화물,남,57세,경상
2014043000100211,2014년 4월 30일 10시,수요일,강원도 원주시 단계동,중상사고,0,1,0,0,차대차 - 추돌 - 진행중,안전거리미확보,건조,흐림,단일로 - 기타,이륜,여,73세,중상,승용,남,52세,상해없음
2014043000100232,2014년 4월 30일 11시,수요일,강원도 춘천시 온의동,경상사고,0,0,1,2,차대차 - 기타,안전거리미확보,건조,맑음,교차로 - 교차로부근,건설기계,남,43세,상해없음,승용,여,36세,경상
2014043000100233,2014년 4월 30일 11시,수요일,강원도 삼척시 근덕면,경상사고,0,0,4,0,차대차 - 측면직각충돌,중앙선침범,건조,흐림,교차로 - 교차로부근,승용,남,51세,상해없음,승용,남,31세,경상
2014043000100290,2014년 4월 30일 13시,수요일,강원도 홍천군 화촌면,경상사고,0,0,1,0,차대차 - 추돌 - 진행중,안전운전불이행,건조,맑음,단일로 - 기타,승용,남,25세,상해없음,승용,여,59세,경상
2014043000100291,2014년 4월 30일 13시,수요일,강원도 정선군 정선읍,사망사고,1,0,0,0,차대사람 - 기타,안전운전불이행,건조,맑음,기타 - 기타,화물,남,38세,상해없음,보행자,여,91세,사망
2014043000100328,2014년 4월 30일 14시,수요일,강원도 춘천시 온의동,중상사고,0,1,0,0,차대차 - 기타,안전거리미확보,건조,맑음,교차로 - 교차로부근,건설기계,남,32세,상해없음,승용,여,38세,중상
2014043000100370,2014년 4월 30일 15시,수요일,강원도 삼척시 남양동,경상사고,0,0,1,0,차대차 - 추돌 - 주정차중,안전운전불이행,건조,흐림,단일로 - 기타,승용,남,49세,경상,화물,남,47세,상해없음
2014043000100453,2014년 4월 30일 18시,수요일,강원도 동해시 천곡동,부상신고사고,0,0,0,1,차대차 - 추돌 - 진행중,안전운전불이행,건조,맑음,교차로 - 교차로부근,승용,여,44세,상해없음,자전거,남,17세,부상신고
2014043000100493,2014년 4월 30일 19시,수요일,강원도 춘천시 석사동,경상사고,0,0,1,0,차대차 - 기타,안전운전불이행,건조,맑음,단일로 - 교량,승용,남,54세,상해없음,승용,여,45세,경상
2014043000100494,2014년 4월 30일 19시,수요일,강원도 태백시 문곡동,중상사고,0,2,0,0,차량단독 - 기타,안전운전불이행,건조,맑음,단일로 - 기타,승합,남,40세,상해없음,,,,
2014043000100580,2014년 4월 30일 21시,수요일,강원도 강릉시 성산면,경상사고,0,0,1,0,차대차 - 기타,안전운전불이행,기타,맑음,기타 - 기타,승용,남,50세,상해없음,승용,여,57세,상해없음
2014043000100581,2014년 4월 30일 21시,수요일,강원도 원주시 단계동,중상사고,0,3,2,0,차대차 - 측면직각충돌,신호위반,건조,맑음,교차로 - 교차로안,승용,여,33세,상해없음,승합,남,45세,중상
2014043000100658,2014년 4월 30일 23시,수요일,강원도 강릉시 교동,부상신고사고,0,0,0,1,차대사람 - 기타,안전운전불이행,건조,맑음,기타 - 기타,승용,남,47세,상해없음,보행자,남,31세,부상신고
2014050100100013,2014년 5월 1일 00시,목요일,강원도 원주시 태장동,경상사고,0,0,2,0,차대사람 - 보도통행중,안전운전불이행,건조,기타,교차로 - 교차로안,화물,남,41세,상해없음,보행자,남,53세,경상
2014050100100014,2014년 5월 1일 00시,목요일,강원도 원주시 명륜동,중상사고,0,1,0,0,차대사람 - 횡단중,안전운전불이행,건조,맑음,교차로 - 교차로안,승용,남,65세,상해없음,보행자,남,29세,중상
2014050100100057,2014년 5월 1일 03시,목요일,강원도 강릉시 견소동,경상사고,0,0,2,0,차대차 - 측면직각충돌,신호위반,건조,맑음,교차로 - 교차로안,승합,남,28세,상해없음,승용,남,60세,경상
2014050100100091,2014년 5월 1일 06시,목요일,강원도 원주시 일산동,경상사고,0,0,1,0,차대차 - 추돌 - 진행중,안전운전불이행,건조,맑음,교차로 - 교차로부근,승합,남,41세,상해없음,승용,남,69세,경상
2014050100100102,2014년 5월 1일 07시,목요일,강원도 양구군 동면,중상사고,0,2,1,0,차대차 - 기타,안전운전불이행,건조,맑음,단일로 - 기타,화물,남,63세,상해없음,승용,남,37세,중상
2014050100100130,2014년 5월 1일 08시,목요일,강원도 춘천시 후평동,경상사고,0,0,1,0,차대사람 - 기타,안전운전불이행,건조,맑음,교차로 - 교차로안,승용,남,48세,상해없음,보행자,여,17세,경상
2014050100100131,2014년 5월 1일 08시,목요일,강원도 원주시 개운동,경상사고,0,0,1,0,차대사람 - 기타,안전운전불이행,건조,맑음,단일로 - 기타,승합,남,53세,상해없음,보행자,남,17세,경상
2014050100100132,2014년 5월 1일 08시,목요일,강원도 동해시 동회동,경상사고,0,0,1,0,차대차 - 기타,직진우회전진행방해,건조,맑음,교차로 - 교차로안,기타불명,기타불명,기타불명,기타불명,자전거,남,39세,경상
2014050100100165,2014년 5월 1일 09시,목요일,강원도 동해시 효가동,경상사고,0,0,2,0,차대차 - 정면충돌,중앙선침범,건조,맑음,교차로 - 교차로부근,승용,여,42세,상해없음,승용,남,51세,경상
2014050100100187,2014년 5월 1일 10시,목요일,강원도 속초시 교동,중상사고,0,1,0,0,차대사람 - 횡단중,신호위반,건조,맑음,단일로 - 횡단보도상,승용,남,32세,상해없음,보행자,남,62세,중상
2014050100100188,2014년 5월 1일 10시,목요일,강원도 태백시 화전동,중상사고,0,1,0,0,차대사람 - 차도통행중,보행자보호의무위반,건조,맑음,단일로 - 기타,화물,남,25세,상해없음,보행자,여,76세,중상
2014050100100239,2014년 5월 1일 12시,목요일,강원도 원주시 단구동,경상사고,0,0,1,0,차대차 - 추돌 - 진행중,직진우회전진행방해,건조,맑음,교차로 - 교차로안,승용,남,40세,상해없음,자전거,남,16세,경상
2014050100100240,2014년 5월 1일 12시,목요일,강원도 동해시 단봉동,경상사고,0,0,1,0,차대차 - 기타,안전운전불이행,건조,맑음,단일로 - 기타,승용,남,42세,상해없음,승용,남,44세,경상
2014050100100332,2014년 5월 1일 15시,목요일,강원도 원주시 평원동,경상사고,0,0,1,0,차대사람 - 기타,보행자보호의무위반,건조,맑음,단일로 - 기타,이륜,남,16세,상해없음,보행자,남,55세,경상
2014050100100333,2014년 5월 1일 15시,목요일,강원도 원주시 중앙동,경상사고,0,0,1,0,차대사람 - 기타,안전운전불이행,건조,맑음,단일로 - 기타,승합,남,43세,상해없음,보행자,여,73세,경상
2014050100100373,2014년 5월 1일 16시,목요일,강원도 원주시 부론면,경상사고,0,0,1,0,차대사람 - 기타,안전운전불이행,건조,맑음,단일로 - 기타,농기계,남,62세,상해없음,보행자,남,61세,경상
2014050100100374,2014년 5월 1일 16시,목요일,강원도 속초시 장사동,경상사고,0,0,1,0,차대차 - 측면직각충돌,신호위반,건조,맑음,교차로 - 교차로안,화물,남,66세,상해없음,원동기,여,25세,경상
2014050100100375,2014년 5월 1일 16시,목요일,강원도 양양군 현남면,경상사고,0,0,1,0,차대사람 - 기타,안전운전불이행,건조,맑음,단일로 - 기타,승용,남,70세,상해없음,보행자,남,64세,경상
2014050100100448,2014년 5월 1일 18시,목요일,강원도 강릉시 홍제동,경상사고,0,0,4,0,차대차 - 정면충돌,중앙선침범,건조,맑음,단일로 - 기타,승용,남,49세,상해없음,화물,남,39세,경상
2014050100100449,2014년 5월 1일 18시,목요일,강원도 홍천군 홍천읍,경상사고,0,0,1,0,차대차 - 추돌 - 진행중,안전운전불이행,건조,맑음,단일로 - 기타,승합,남,70세,상해없음,승용,여,39세,경상
2014050100100496,2014년 5월 1일 19시,목요일,강원도 춘천시 동면,경상사고,0,0,1,0,차대차 - 측면직각충돌,중앙선침범,건조,맑음,단일로 - 기타,이륜,남,75세,상해없음,승용,남,54세,상해없음
2014050100100497,2014년 5월 1일 19시,목요일,강원도 강릉시 포남동,중상사고,0,1,0,0,차대사람 - 기타,신호위반,건조,맑음,기타 - 기타,승용,여,35세,상해없음,보행자,여,81세,중상
2014050100100498,2014년 5월 1일 19시,목요일,강원도 동해시 발한동,중상사고,0,1,0,0,차대차 - 기타,안전거리미확보,건조,맑음,단일로 - 기타,승용,남,42세,상해없음,이륜,여,51세,중상
2014050100100499,2014년 5월 1일 19시,목요일,강원도 동해시 효가동,경상사고,0,0,2,0,차대차 - 기타,안전거리미확보,건조,맑음,단일로 - 기타,승용,여,52세,상해없음,승용,남,36세,경상
2014050100100530,2014년 5월 1일 20시,목요일,강원도 철원군 갈말읍,중상사고,0,1,0,0,차대사람 - 기타,안전운전불이행,건조,맑음,기타 - 기타,화물,남,40세,상해없음,보행자,남,40세,중상
2014050100100560,2014년 5월 1일 21시,목요일,강원도 춘천시 효자동,중상사고,0,1,0,0,차대차 - 측면직각충돌,직진우회전진행방해,건조,맑음,교차로 - 교차로안,승용,남,38세,상해없음,이륜,남,50세,중상
2014050100100623,2014년 5월 1일 23시,목요일,강원도 춘천시 온의동,경상사고,0,0,1,0,차대차 - 측면직각충돌,안전운전불이행,건조,맑음,교차로 - 교차로안,승용,남,51세,상해없음,자전거,남,21세,경상
2014050200100056,2014년 5월 2일 04시,금요일,강원도 원주시 학성동,경상사고,0,0,1,0,차대차 - 측면직각충돌,교차로운행방법위반,건조,맑음,교차로 - 교차로안,승용,남,43세,상해없음,이륜,남,43세,경상
2014050200100057,2014년 5월 2일 04시,금요일,강원도 동해시 동회동,경상사고,0,0,1,0,차대차 - 기타,교차로운행방법위반,건조,맑음,교차로 - 교차로안,승용,여,36세,상해없음,승용,남,50세,경상
2014050200100067,2014년 5월 2일 05시,금요일,강원도 원주시 일산동,중상사고,0,1,0,0,차대사람 - 횡단중,보행자보호의무위반,건조,맑음,교차로 - 교차로부근,승용,남,30세,상해없음,보행자,여,59세,중상
2014050200100098,2014년 5월 2일 07시,금요일,강원도 평창군 대관령면,경상사고,0,0,2,0,차대차 - 추돌 - 주정차중,안전운전불이행,건조,맑음,단일로 - 기타,승용,남,55세,상해없음,승용,남,67세,경상
2014050200100129,2014년 5월 2일 08시,금요일,강원도 원주시 관설동,중상사고,0,1,0,0,차대차 - 기타,중앙선침범,건조,맑음,단일로 - 기타,승용,남,54세,상해없음,승용,남,35세,중상
2014050200100130,2014년 5월 2일 08시,금요일,강원도 원주시 문막읍,경상사고,0,0,1,0,차대차 - 기타,교차로운행방법위반,건조,맑음,교차로 - 교차로안,화물,남,56세,상해없음,승용,남,38세,경상
2014050200100166,2014년 5월 2일 09시,금요일,강원도 동해시 북평동,경상사고,0,0,1,0,차대사람 - 기타,안전운전불이행,건조,맑음,단일로 - 기타,승용,남,64세,상해없음,보행자,여,57세,경상
2014050200100236,2014년 5월 2일 11시,금요일,강원도 동해시 천곡동,경상사고,0,0,3,2,차대차 - 추돌 - 진행중,안전거리미확보,건조,맑음,교차로 - 교차로부근,화물,남,57세,상해없음,승용,남,52세,경상
2014050200100237,2014년 5월 2일 11시,금요일,강원도 동해시 구호동,중상사고,0,1,0,0,차량단독 - 전도전복,안전운전불이행,건조,맑음,교차로 - 교차로안,승용,여,62세,중상,,,,
2014050200100262,2014년 5월 2일 12시,금요일,강원도 춘천시 퇴계동,중상사고,0,1,3,0,차대차 - 기타,신호위반,건조,맑음,교차로 - 교차로안,승용,남,60세,상해없음,승용,남,33세,경상
2014050200100295,2014년 5월 2일 13시,금요일,강원도 태백시 동점동,부상신고사고,0,0,0,1,차량단독 - 도로외이탈 - 추락,안전운전불이행,건조,맑음,단일로 - 기타,승용,남,64세,상해없음,,,,
2014050200100339,2014년 5월 2일 14시,금요일,강원도 양양군 현남면,경상사고,0,0,2,0,차대차 - 추돌 - 주정차중,안전운전불이행,건조,맑음,교차로 - 교차로부근,승용,남,39세,상해없음,승용,남,43세,경상
2014050200100380,2014년 5월 2일 15시,금요일,강원도 춘천시 후평동,경상사고,0,0,1,0,차대차 - 측면직각충돌,교차로운행방법위반,건조,맑음,교차로 - 교차로안,승용,여,56세,상해없음,자전거,남,13세,경상
2014050200100381,2014년 5월 2일 15시,금요일,강원도 원주시 개운동,경상사고,0,0,1,0,차대차 - 기타,교차로운행방법위반,건조,맑음,교차로 - 교차로안,승용,여,47세,상해없음,승용,남,53세,상해없음
2014050200100428,2014년 5월 2일 16시,금요일,강원도 원주시 중앙동,경상사고,0,0,1,0,차대사람 - 길가장자리구역통행중,안전운전불이행,건조,맑음,단일로 - 기타,승용,여,48세,상해없음,보행자,여,59세,경상
2014050200100475,2014년 5월 2일 17시,금요일,강원도 강릉시 포남동,경상사고,0,0,1,0,차대차 - 측면직각충돌,안전운전불이행,건조,맑음,단일로 - 기타,승용,남,74세,상해없음,승용,남,32세,경상
2014050200100476,2014년 5월 2일 17시,금요일,강원도 원주시 단계동,경상사고,0,0,1,0,차대차 - 추돌 - 진행중,안전운전불이행,습기,비,교차로 - 교차로부근,화물,남,56세,상해없음,승용,남,36세,경상
2014050200100477,2014년 5월 2일 17시,금요일,강원도 동해시 천곡동,경상사고,0,0,1,0,차대차 - 기타,직진우회전진행방해,건조,맑음,교차로 - 교차로안,승용,여,43세,상해없음,승용,남,46세,경상
2014050200100478,2014년 5월 2일 17시,금요일,강원도 동해시 묵호진동,경상사고,0,0,1,0,차대사람 - 기타,안전운전불이행,건조,맑음,단일로 - 기타,승용,남,47세,상해없음,보행자,남,64세,경상
2014050200100526,2014년 5월 2일 18시,금요일,강원도 횡성군 횡성읍,경상사고,0,0,1,0,차대사람 - 횡단중,보행자보호의무위반,습기,비,교차로 - 교차로안,승용,남,41세,상해없음,보행자,남,61세,경상
2014050200100596,2014년 5월 2일 20시,금요일,강원도 원주시 행구동,중상사고,0,1,0,0,차대차 - 기타,안전운전불이행,건조,맑음,단일로 - 기타,화물,남,44세,상해없음,승용,여,53세,중상
2014050200100597,2014년 5월 2일 20시,금요일,강원도 태백시 화전동,경상사고,0,0,4,0,차대차 - 추돌 - 주정차중,안전운전불이행,건조,맑음,교차로 - 교차로부근,화물,남,58세,상해없음,승용,남,44세,경상
2014050200100598,2014년 5월 2일 20시,금요일,강원도 철원군 근남면,경상사고,0,0,2,0,차량단독 - 공작물충돌,안전운전불이행,건조,맑음,단일로 - 기타,화물,남,72세,상해없음,,,,
2014050200100658,2014년 5월 2일 22시,금요일,강원도 원주시 명륜동,경상사고,0,0,2,0,차대차 - 기타,안전운전불이행,건조,흐림,기타 - 기타,승용,남,31세,상해없음,승용,남,58세,경상
2014050200100688,2014년 5월 2일 23시,금요일,강원도 춘천시 남산면,부상신고사고,0,0,0,1,차량단독 - 공작물충돌,안전운전불이행,건조,맑음,단일로 - 기타,승용,기타불명,30세,기타불명,,,,
2014050300100013,2014년 5월 3일 00시,토요일,강원도 속초시 교동,중상사고,0,1,0,0,차대사람 - 횡단중,안전운전불이행,건조,맑음,교차로 - 교차로부근,승용,남,63세,상해없음,보행자,남,41세,중상
2014050300100048,2014년 5월 3일 02시,토요일,강원도 원주시 단구동,경상사고,0,0,1,0,차대차 - 기타,신호위반,건조,맑음,교차로 - 교차로안,승용,남,33세,상해없음,승용,남,57세,경상
2014050300100049,2014년 5월 3일 02시,토요일,강원도 원주시 개운동,중상사고,0,2,0,0,차대차 - 기타,신호위반,건조,맑음,교차로 - 교차로안,승용,여,45세,중상,승용,남,31세,중상
2014050300100102,2014년 5월 3일 05시,토요일,강원도 춘천시 퇴계동,중상사고,0,2,0,0,차대차 - 기타,신호위반,건조,맑음,교차로 - 교차로안,승용,남,60세,상해없음,화물,남,61세,중상
2014050300100200,2014년 5월 3일 10시,토요일,강원도 인제군 기린면,경상사고,0,0,1,0,차대차 - 추돌 - 진행중,안전거리미확보,건조,맑음,단일로 - 기타,건설기계,남,49세,상해없음,승용,여,58세,경상
2014050300100201,2014년 5월 3일 10시,토요일,강원도 동해시 나안동,경상사고,0,0,4,0,차대차 - 추돌 - 진행중,안전거리미확보,건조,맑음,교차로 - 교차로부근,승용,남,45세,상해없음,승용,남,59세,상해없음
2014050300100242,2014년 5월 3일 11시,토요일,강원도 원주시 개운동,중상사고,0,1,0,0,차대차 - 기타,직진우회전진행방해,건조,맑음,교차로 - 교차로안,화물,남,58세,상해없음,원동기,남,89세,중상
2014050300100289,2014년 5월 3일 12시,토요일,강원도 춘천시 소양로1가,경상사고,0,0,1,0,차대차 - 측면직각충돌,차로위반,건조,맑음,단일로 - 기타,승용,여,37세,상해없음,승용,남,64세,경상
2014050300100290,2014년 5월 3일 12시,토요일,강원도 원주시 태장동,부상신고사고,0,0,0,1,차대사람 - 횡단중,신호위반,건조,맑음,단일로 - 횡단보도상,기타불명,기타불명,기타불명,기타불명,보행자,여,11세,부상신고
2014050300100291,2014년 5월 3일 12시,토요일,강원도 동해시 천곡동,경상사고,0,0,2,0,차대차 - 기타,안전운전불이행,건조,맑음,단일로 - 기타,승용,남,38세,상해없음,승용,남,30세,경상
2014050300100321,2014년 5월 3일 13시,토요일,강원도 강릉시 포남동,중상사고,0,1,3,0,차대차 - 측면직각충돌,안전운전불이행,건조,맑음,교차로 - 교차로안,승용,남,63세,상해없음,승용,남,37세,경상
2014050300100322,2014년 5월 3일 13시,토요일,강원도 삼척시 교동,경상사고,0,0,1,0,차대차 - 측면직각충돌,안전운전불이행,건조,맑음,교차로 - 교차로안,승용,여,27세,상해없음,화물,남,50세,상해없음
2014050300100323,2014년 5월 3일 13시,토요일,강원도 홍천군 홍천읍,경상사고,0,0,1,0,차대차 - 기타,안전거리미확보,건조,맑음,교차로 - 교차로부근,화물,남,37세,상해없음,승용,여,42세,경상
2014050300100324,2014년 5월 3일 13시,토요일,강원도 횡성군 횡성읍,중상사고,0,1,1,0,차대차 - 기타,안전운전불이행,건조,맑음,교차로 - 교차로안,승용,여,64세,상해없음,원동기,남,68세,중상
2014050300100325,2014년 5월 3일 13시,토요일,강원도 고성군 거진읍,경상사고,0,0,4,0,차대차 - 측면직각충돌,교차로운행방법위반,건조,맑음,교차로 - 교차로안,화물,남,54세,상해없음,승용,남,21세,경상
2014050300100417,2014년 5월 3일 15시,토요일,강원도 강릉시 남문동,경상사고,0,0,1,0,차대차 - 측면직각충돌,안전운전불이행,건조,맑음,단일로 - 기타,승용,여,54세,상해없음,승용,남,62세,경상
2014050300100418,2014년 5월 3일 15시,토요일,강원도 원주시 문막읍,경상사고,0,0,4,1,차대차 - 기타,안전운전불이행,건조,맑음,단일로 - 기타,승합,남,57세,상해없음,승용,남,31세,경상
2014050300100419,2014년 5월 3일 15시,토요일,강원도 삼척시 남양동,경상사고,0,0,1,0,차대사람 - 기타,안전운전불이행,건조,맑음,교차로 - 교차로부근,기타불명,기타불명,기타불명,기타불명,보행자,남,9세,경상
2014050300100454,2014년 5월 3일 16시,토요일,강원도 강릉시 입암동,경상사고,0,0,1,0,차대차 - 측면직각충돌,안전운전불이행,건조,맑음,단일로 - 기타,승용,남,43세,상해없음,이륜,남,24세,경상
2014050300100455,2014년 5월 3일 16시,토요일,강원도 평창군 대관령면,중상사고,0,1,0,0,차대차 - 측면직각충돌,중앙선침범,건조,맑음,단일로 - 기타,승용,남,43세,상해없음,승용,여,36세,중상
2014050300100456,2014년 5월 3일 16시,토요일,강원도 동해시 망상동,경상사고,0,0,1,0,차대차 - 기타,안전운전불이행,건조,맑음,단일로 - 기타,승용,남,54세,상해없음,승용,여,30세,경상
2014050300100513,2014년 5월 3일 17시,토요일,강원도 속초시 청호동,경상사고,0,0,2,0,차대차 - 기타,안전운전불이행,건조,맑음,단일로 - 기타,화물,남,46세,상해없음,승용,남,61세,상해없음
2014050300100550,2014년 5월 3일 18시,토요일,강원도 강릉시 대전동,중상사고,0,1,0,0,차대차 - 기타,안전운전불이행,건조,맑음,단일로 - 횡단보도상,승용,여,44세,상해없음,자전거,남,46세,중상
2014050300100551,2014년 5월 3일 18시,토요일,강원도 원주시 호저면,경상사고,0,0,4,0,차대차 - 기타,중앙선침범,건조,맑음,단일로 - 기타,승용,남,30세,상해없음,승용,남,31세,경상
2014050300100552,2014년 5월 3일 18시,토요일,강원도 철원군 서면,중상사고,0,3,2,0,차대차 - 측면직각충돌,교차로운행방법위반,건조,맑음,교차로 - 교차로안,승용,남,40세,상해없음,승용,남,45세,경상
2014050300100553,2014년 5월 3일 18시,토요일,강원도 철원군 동송읍,경상사고,0,0,1,0,차대차 - 측면직각충돌,교차로운행방법위반,건조,맑음,교차로 - 교차로부근,승용,여,56세,경상,화물,남,62세,상해없음
2014050300100554,2014년 5월 3일 18시,토요일,강원도 철원군 동송읍,경상사고,0,0,4,0,차대차 - 측면직각충돌,교차로운행방법위반,건조,맑음,교차로 - 교차로안,승용,여,29세,상해없음,승용,여,54세,경상
2014050300100599,2014년 5월 3일 19시,토요일,강원도 평창군 대화면,경상사고,0,0,3,0,차대차 - 측면직각충돌,중앙선침범,건조,맑음,단일로 - 교량,승용,여,58세,상해없음,승용,여,25세,경상
2014050300100600,2014년 5월 3일 19시,토요일,강원도 횡성군 둔내면,중상사고,0,2,0,0,차대차 - 기타,교차로운행방법위반,건조,맑음,교차로 - 교차로안,화물,남,52세,상해없음,원동기,남,25세,중상
2014050300100629,2014년 5월 3일 20시,토요일,강원도 강릉시 죽헌동,경상사고,0,0,2,0,차대차 - 기타,신호위반,기타,기타,교차로 - 교차로안,승용,남,50세,상해없음,승용,여,54세,경상
2014050300100630,2014년 5월 3일 20시,토요일,강원도 양양군 양양읍,중상사고,0,1,0,0,차대차 - 측면직각충돌,안전운전불이행,건조,맑음,단일로 - 기타,승용,남,47세,상해없음,이륜,남,64세,중상
2014050300100631,2014년 5월 3일 20시,토요일,강원도 태백시 황지동,중상사고,0,2,0,0,차대차 - 기타,안전운전불이행,건조,맑음,단일로 - 기타,승용,남,60세,상해없음,자전거,남,15세,중상
2014050300100683,2014년 5월 3일 22시,토요일,강원도 속초시 교동,경상사고,0,0,1,0,차대차 - 추돌 - 진행중,교차로운행방법위반,건조,맑음,교차로 - 교차로부근,원동기,남,20세,상해없음,자전거,남,18세,경상
2014050300100707,2014년 5월 3일 23시,토요일,강원도 강릉시 포남동,경상사고,0,0,1,0,차대차 - 기타,안전운전불이행,건조,맑음,단일로 - 기타,승용,남,41세,상해없음,자전거,남,17세,경상
2014050300100708,2014년 5월 3일 23시,토요일,강원도 강릉시 내곡동,경상사고,0,0,1,0,차대차 - 기타,안전운전불이행,건조,맑음,단일로 - 기타,승용,남,58세,상해없음,승용,남,47세,경상
2014050400100009,2014년 5월 4일 00시,일요일,강원도 원주시 단계동,부상신고사고,0,0,0,1,차대차 - 기타,안전거리미확보,건조,맑음,교차로 - 교차로부근,원동기,남,16세,부상신고,승용,남,19세,상해없음
2014050400100033,2014년 5월 4일 01시,일요일,강원도 원주시 명륜동,경상사고,0,0,3,0,차대사람 - 횡단중,보행자보호의무위반,건조,맑음,교차로 - 교차로안,승용,남,58세,상해없음,보행자,남,35세,경상
2014050400100046,2014년 5월 4일 02시,일요일,강원도 원주시 단구동,중상사고,0,1,1,0,차대사람 - 횡단중,보행자보호의무위반,건조,맑음,교차로 - 교차로부근,승용,남,51세,상해없음,보행자,남,20세,중상
2014050400100054,2014년 5월 4일 03시,일요일,강원도 춘천시 근화동,중상사고,0,1,0,0,차대사람 - 기타,안전운전불이행,건조,맑음,교차로 - 교차로부근,원동기,남,21세,상해없음,보행자,남,17세,중상
2014050400100055,2014년 5월 4일 03시,일요일,강원도 원주시 단계동,경상사고,0,0,3,0,차대차 - 기타,직진우회전진행방해,건조,맑음,교차로 - 교차로안,승용,남,28세,상해없음,승용,남,25세,경상
2014050400100066,2014년 5월 4일 04시,일요일,강원도 동해시 묵호진동,중상사고,0,1,0,0,차량단독 - 공작물충돌,안전운전불이행,건조,맑음,단일로 - 기타,승용,여,25세,상해없음,,,,
2014050400100130,2014년 5월 4일 09시,일요일,강원도 춘천시 효자동,경상사고,0,0,2,0,차대차 - 기타,중앙선침범,건조,맑음,기타 - 기타,승용,여,49세,상해없음,승용,남,64세,경상
2014050400100131,2014년 5월 4일 09시,일요일,강원도 원주시 개운동,경상사고,0,0,1,0,차대차 - 추돌 - 진행중,중앙선침범,건조,맑음,교차로 - 교차로부근,승용,남,18세,상해없음,승용,남,41세,상해없음
2014050400100145,2014년 5월 4일 10시,일요일,강원도 춘천시 남산면,경상사고,0,0,1,0,차대차 - 측면직각충돌,안전운전불이행,건조,맑음,단일로 - 기타,승용,남,42세,상해없음,자전거,남,51세,경상
2014050400100146,2014년 5월 4일 10시,일요일,강원도 영월군 주천면,부상신고사고,0,0,0,1,차대사람 - 기타,안전운전불이행,건조,맑음,단일로 - 기타,승용,남,59세,상해없음,보행자,남,11세,부상신고
2014050400100165,2014년 5월 4일 11시,일요일,강원도 철원군 동송읍,경상사고,0,0,1,0,차대사람 - 기타,안전운전불이행,건조,맑음,단일로 - 기타,승용,남,58세,상해없음,보행자,여,13세,경상
2014050400100180,2014년 5월 4일 12시,일요일,강원도 춘천시 온의동,경상사고,0,0,4,0,차대차 - 기타,안전거리미확보,건조,맑음,단일로 - 기타,승용,남,77세,상해없음,승용,여,44세,경상
2014050400100181,2014년 5월 4일 12시,일요일,강원도 양양군 강현면,중상사고,0,1,0,0,차대차 - 측면직각충돌,직진우회전진행방해,건조,맑음,교차로 - 교차로안,승용,남,55세,상해없음,승용,남,33세,상해없음
2014050400100182,2014년 5월 4일 12시,일요일,강원도 횡성군 우천면,중상사고,0,2,0,0,차대차 - 측면직각충돌,안전운전불이행,건조,맑음,교차로 - 교차로안,화물,남,56세,상해없음,승용,남,50세,중상