사고번호,사고일시,요일,시군구,사고내용,사망자수,중상자수,경상자수,부상신고자수,사고유형,법규위반,노면상태,기상상태,도로형태,가해운전자 차종,가해운전자 성별,가해운전자 연령,가해운전자 상해정도,피해운전자 차종,피해운전자 성별,피해운전자 연령,피해운전자 상해정도
2014050900100116,2014년 5월 9일 08시,금요일,강원도 강릉시 홍제동,경상사고,0,0,1,0,차대사람 - 기타,안전운전불이행,건조,맑음,단일로 - 기타,기타불명,기타불명,기타불명,기타불명,보행자,여,13세,경상
2014050900100155,2014년 5월 9일 09시,금요일,강원도 춘천시 동면,중상사고,0,1,0,0,차대차 - 측면직각충돌,중앙선침범,건조,맑음,단일로 - 기타,승용,남,59세,상해없음,승용,여,47세,중상
2014050900100156,2014년 5월 9일 09시,금요일,강원도 춘천시 근화동,중상사고,0,1,0,0,차대차 - 기타,신호위반,건조,맑음,교차로 - 교차로부근,승용,남,62세,상해없음,자전거,여,70세,중상
2014050900100198,2014년 5월 9일 10시,금요일,강원도 강릉시 청량동,경상사고,0,0,3,0,차대차 - 추돌 - 진행중,안전운전불이행,건조,맑음,단일로 - 기타,승용,여,56세,상해없음,승용,남,41세,경상
2014050900100199,2014년 5월 9일 10시,금요일,강원도 평창군 대화면,중상사고,0,2,0,0,차대차 - 기타,안전운전불이행,건조,맑음,단일로 - 기타,승용,여,62세,중상,승용,여,49세,기타불명
2014050900100200,2014년 5월 9일 10시,금요일,강원도 태백시 통동,경상사고,0,0,1,0,차대차 - 측면직각충돌,안전운전불이행,건조,맑음,교차로 - 교차로안,승용,남,73세,상해없음,승용,남,63세,상해없음
2014050900100226,2014년 5월 9일 11시,금요일,강원도 원주시 호저면,사망사고,1,0,0,0,차량단독 - 도로외이탈 - 추락,안전운전불이행,건조,맑음,단일로 - 기타,승용,남,39세,사망,,,,
2014050900100227,2014년 5월 9일 11시,금요일,강원도 삼척시 정하동,경상사고,0,0,1,0,차량단독 - 공작물충돌,안전운전불이행,건조,맑음,단일로 - 기타,승용,남,57세,경상,,,,
2014050900100285,2014년 5월 9일 13시,금요일,강원도 원주시 개운동,경상사고,0,0,2,0,차대차 - 측면직각충돌,신호위반,건조,맑음,교차로 - 교차로안,이륜,남,55세,경상,승용,남,30세,경상
2014050900100315,2014년 5월 9일 14시,금요일,강원도 춘천시 석사동,경상사고,0,0,1,0,차대차 - 추돌 - 진행중,안전거리미확보,건조,맑음,단일로 - 기타,승용,남,55세,상해없음,승용,남,40세,경상
2014050900100316,2014년 5월 9일 14시,금요일,강원도 원주시 문막읍,중상사고,0,1,0,0,차대차 - 기타,기타,건조,맑음,교차로 - 교차로안,승용,여,50세,상해없음,이륜,남,83세,중상
2014050900100400,2014년 5월 9일 16시,금요일,강원도 강릉시 강동면,경상사고,0,0,1,0,차대차 - 기타,안전운전불이행,건조,맑음,단일로 - 기타,기타불명,기타불명,기타불명,기타불명,자전거,남,22세,경상
2014050900100401,2014년 5월 9일 16시,금요일,강원도 철원군 동송읍,중상사고,0,1,0,0,차대차 - 측면직각충돌,안전운전불이행,건조,맑음,단일로 - 기타,화물,남,58세,상해없음,원동기,남,78세,중상
2014050900100444,2014년 5월 9일 17시,금요일,강원도 춘천시 소양로1가,경상사고,0,0,1,0,차대차 - 추돌 - 진행중,안전운전불이행,건조,맑음,교차로 - 교차로부근,승용,남,59세,상해없음,승용,남,52세,경상
2014050900100445,2014년 5월 9일 17시,금요일,강원도 삼척시 사직동,경상사고,0,0,1,0,차대차 - 기타,교차로운행방법위반,건조,맑음,교차로 - 교차로안,자전거,남,49세,경상,화물,남,57세,상해없음
2014050900100549,2014년 5월 9일 19시,금요일,강원도 원주시 소초면,중상사고,0,1,0,0,차대차 - 정면충돌,중앙선침범,건조,맑음,단일로 - 기타,승용,남,50세,상해없음,승용,여,50세,중상
2014050900100550,2014년 5월 9일 19시,금요일,강원도 원주시 관설동,부상신고사고,0,0,0,1,차대사람 - 기타,안전운전불이행,건조,맑음,단일로 - 기타,기타불명,기타불명,기타불명,기타불명,보행자,남,17세,부상신고
2014050900100621,2014년 5월 9일 21시,금요일,강원도 원주시 명륜동,중상사고,0,1,0,0,차대차 - 측면직각충돌,안전운전불이행,건조,맑음,단일로 - 기타,승용,여,58세,상해없음,승용,여,47세,중상
2014050900100707,2014년 5월 9일 23시,금요일,강원도 원주시 우산동,중상사고,0,1,1,0,차대차 - 정면충돌,중앙선침범,건조,맑음,단일로 - 기타,이륜,남,25세,중상,이륜,남,49세,경상
2014051000100092,2014년 5월 10일 05시,토요일,강원도 춘천시 약사동,경상사고,0,0,1,0,차대차 - 측면직각충돌,신호위반,건조,맑음,교차로 - 교차로안,승용,남,28세,상해없음,승용,남,28세,경상
2014051000100093,2014년 5월 10일 05시,토요일,강원도 강릉시 교동,경상사고,0,0,1,0,차대차 - 추돌 - 주정차중,안전운전불이행,건조,맑음,단일로 - 기타,승용,남,30세,상해없음,자전거,남,16세,경상
2014051000100198,2014년 5월 10일 10시,토요일,강원도 속초시 청학동,경상사고,0,0,1,0,차대사람 - 횡단중,보행자보호의무위반,건조,맑음,단일로 - 횡단보도상,승합,남,67세,상해없음,보행자,여,64세,경상
2014051000100233,2014년 5월 10일 11시,토요일,강원도 원주시 단계동,경상사고,0,0,1,0,차대차 - 추돌 - 주정차중,안전운전불이행,건조,맑음,단일로 - 기타,승용,남,31세,상해없음,승용,여,54세,경상
2014051000100234,2014년 5월 10일 11시,토요일,강원도 원주시 관설동,중상사고,0,3,2,0,차대차 - 측면직각충돌,안전운전불이행,건조,맑음,단일로 - 기타,승용,남,50세,기타불명,승용,남,40세,중상
2014051000100235,2014년 5월 10일 11시,토요일,강원도 삼척시 남양동,경상사고,0,0,1,0,차대차 - 추돌 - 진행중,안전운전불이행,건조,맑음,교차로 - 교차로부근,승용,여,29세,상해없음,승용,남,61세,경상
2014051000100236,2014년 5월 10일 11시,토요일,강원도 태백시 황지동,경상사고,0,0,1,0,차대사람 - 횡단중,안전운전불이행,기타,맑음,단일로 - 기타,승용,여,44세,상해없음,보행자,남,37세,경상
2014051000100275,2014년 5월 10일 12시,토요일,강원도 원주시 단계동,경상사고,0,0,3,0,차대차 - 추돌 - 진행중,안전운전불이행,건조,맑음,교차로 - 교차로부근,승용,남,39세,상해없음,승용,남,44세,경상
2014051000100314,2014년 5월 10일 13시,토요일,강원도 춘천시 삼천동,경상사고,0,0,4,0,차대차 - 기타,교차로운행방법위반,건조,맑음,교차로 - 교차로안,화물,남,49세,상해없음,승용,남,33세,경상
2014051000100315,2014년 5월 10일 13시,토요일,강원도 원주시 단구동,경상사고,0,0,2,0,차대차 - 기타,교차로운행방법위반,건조,맑음,교차로 - 교차로안,승용,남,23세,상해없음,승용,남,25세,경상
2014051000100358,2014년 5월 10일 14시,토요일,강원도 강릉시 송정동,경상사고,0,0,2,0,차대차 - 측면직각충돌,직진우회전진행방해,건조,맑음,교차로 - 교차로안,승용,남,43세,상해없음,승용,여,24세,경상
2014051000100359,2014년 5월 10일 14시,토요일,강원도 원주시 원동,경상사고,0,0,1,0,차대사람 - 기타,안전운전불이행,건조,맑음,단일로 - 기타,승용,남,32세,상해없음,보행자,남,4세,경상
2014051000100360,2014년 5월 10일 14시,토요일,강원도 삼척시 남양동,경상사고,0,0,3,0,차대차 - 측면직각충돌,중앙선침범,건조,맑음,교차로 - 교차로안,승용,여,61세,상해없음,승용,여,29세,경상
2014051000100390,2014년 5월 10일 15시,토요일,강원도 동해시 망상동,경상사고,0,0,1,0,차대사람 - 횡단중,안전운전불이행,건조,맑음,단일로 - 기타,승용,남,35세,상해없음,보행자,남,7세,경상
2014051000100417,2014년 5월 10일 16시,토요일,강원도 동해시 천곡동,경상사고,0,0,1,0,차대차 - 추돌 - 진행중,안전운전불이행,건조,맑음,교차로 - 교차로부근,이륜,남,19세,상해없음,승용,남,34세,상해없음
2014051000100465,2014년 5월 10일 17시,토요일,강원도 홍천군 홍천읍,경상사고,0,0,3,0,차대차 - 기타,교차로운행방법위반,건조,맑음,교차로 - 교차로안,승용,남,22세,상해없음,승용,여,38세,경상
2014051000100466,2014년 5월 10일 17시,토요일,강원도 고성군 토성면,중상사고,0,1,0,0,차대차 - 측면직각충돌,안전운전불이행,건조,맑음,교차로 - 교차로안,승용,남,26세,상해없음,원동기,남,23세,중상
2014051000100467,2014년 5월 10일 17시,토요일,강원도 철원군 서면,경상사고,0,0,1,0,차대차 - 측면직각충돌,안전운전불이행,건조,맑음,단일로 - 기타,원동기,남,15세,경상,승합,남,42세,상해없음
2014051000100468,2014년 5월 10일 17시,토요일,강원도 양구군 양구읍,부상신고사고,0,0,0,1,차대차 - 추돌 - 주정차중,안전운전불이행,건조,맑음,단일로 - 기타,승용,남,48세,상해없음,승용,남,35세,상해없음
2014051000100469,2014년 5월 10일 17시,토요일,강원도 동해시 천곡동,경상사고,0,0,1,0,차대차 - 측면직각충돌,안전운전불이행,건조,맑음,교차로 - 교차로부근,승용,여,22세,경상,승합,남,48세,상해없음
2014051000100545,2014년 5월 10일 19시,토요일,강원도 춘천시 남산면,경상사고,0,0,1,0,차량단독 - 전도전복,안전운전불이행,건조,맑음,단일로 - 기타,이륜,여,24세,상해없음,,,,
2014051000100546,2014년 5월 10일 19시,토요일,강원도 원주시 개운동,경상사고,0,0,2,0,차대차 - 기타,안전운전불이행,건조,맑음,단일로 - 기타,승용,남,66세,상해없음,승용,남,55세,경상
2014051000100547,2014년 5월 10일 19시,토요일,강원도 인제군 북면,경상사고,0,0,1,0,차대차 - 측면직각충돌,신호위반,건조,맑음,교차로 - 교차로안,승용,남,47세,상해없음,승용,남,55세,경상
2014051000100583,2014년 5월 10일 20시,토요일,강원도 원주시 반곡동,경상사고,0,0,1,0,차대차 - 기타,안전운전불이행,건조,맑음,교차로 - 교차로부근,승용,여,61세,상해없음,자전거,남,12세,경상
2014051000100584,2014년 5월 10일 20시,토요일,강원도 속초시 조양동,중상사고,0,1,0,0,차대차 - 측면직각충돌,신호위반,건조,맑음,교차로 - 교차로안,승용,남,48세,상해없음,원동기,여,33세,중상
2014051000100585,2014년 5월 10일 20시,토요일,강원도 속초시 동명동,경상사고,0,0,1,0,차대차 - 정면충돌,중앙선침범,건조,맑음,단일로 - 기타,승용,여,33세,상해없음,승합,남,33세,경상
2014051100100013,2014년 5월 11일 00시,일요일,강원도 원주시 단구동,경상사고,0,0,1,0,차대차 - 기타,안전운전불이행,건조,맑음,교차로 - 교차로안,승용,남,26세,상해없음,이륜,남,17세,경상
2014051100100037,2014년 5월 11일 01시,일요일,강원도 원주시 관설동,경상사고,0,0,1,0,차대차 - 기타,안전운전불이행,건조,맑음,단일로 - 기타,승용,여,44세,상해없음,승용,남,18세,경상
2014051100100082,2014년 5월 11일 04시,일요일,강원도 홍천군 홍천읍,경상사고,0,0,2,0,차대차 - 기타,안전운전불이행,건조,맑음,교차로 - 교차로부근,승용,남,51세,상해없음,승용,여,23세,경상
2014051100100089,2014년 5월 11일 05시,일요일,강원도 원주시 문막읍,중상사고,0,2,0,0,차량단독 - 기타,안전운전불이행,건조,맑음,단일로 - 기타,승용,남,26세,중상,,,,
2014051100100183,2014년 5월 11일 12시,일요일,강원도 원주시 관설동,경상사고,0,0,1,0,차대차 - 기타,안전운전불이행,건조,맑음,단일로 - 기타,승용,남,26세,상해없음,자전거,남,33세,경상
2014051100100228,2014년 5월 11일 14시,일요일,강원도 춘천시 퇴계동,경상사고,0,0,1,0,차대차 - 측면직각충돌,직진우회전진행방해,건조,맑음,교차로 - 교차로안,승용,남,70세,상해없음,승용,여,49세,경상
2014051100100229,2014년 5월 11일 14시,일요일,강원도 춘천시 석사동,경상사고,0,0,1,0,차대차 - 측면직각충돌,안전거리미확보,건조,맑음,단일로 - 기타,건설기계,남,40세,상해없음,승용,여,43세,경상
2014051100100230,2014년 5월 11일 14시,일요일,강원도 춘천시 효자동,중상사고,0,1,0,0,차대차 - 기타,안전운전불이행,건조,맑음,교차로 - 교차로안,승용,남,52세,상해없음,원동기,남,50세,중상
2014051100100249,2014년 5월 11일 15시,일요일,강원도 춘천시 퇴계동,경상사고,0,0,1,1,차대차 - 측면직각충돌,직진우회전진행방해,건조,맑음,교차로 - 교차로안,승합,남,46세,상해없음,승용,남,61세,경상
2014051100100313,2014년 5월 11일 17시,일요일,강원도 원주시 무실동,경상사고,0,0,2,0,차대차 - 기타,안전거리미확보,건조,맑음,교차로 - 교차로부근,승용,남,32세,상해없음,승용,여,48세,기타불명
2014051100100355,2014년 5월 11일 18시,일요일,강원도 평창군 진부면,중상사고,0,1,0,0,차대사람 - 횡단중,안전운전불이행,건조,맑음,단일로 - 기타,화물,남,62세,기타불명,보행자,남,5세,중상
2014051100100397,2014년 5월 11일 19시,일요일,강원도 춘천시 동면,경상사고,0,0,4,0,차대차 - 측면직각충돌,신호위반,건조,맑음,교차로 - 교차로안,승용,남,23세,상해없음,승용,남,67세,경상
2014051100100398,2014년 5월 11일 19시,일요일,강원도 철원군 동송읍,경상사고,0,0,1,0,차대사람 - 기타,안전운전불이행,습기,비,단일로 - 기타,승용,남,23세,상해없음,보행자,남,16세,경상
2014051100100438,2014년 5월 11일 20시,일요일,강원도 춘천시 교동,경상사고,0,0,1,0,차대차 - 추돌 - 진행중,안전운전불이행,습기,비,교차로 - 교차로부근,승용,여,44세,상해없음,승용,여,44세,경상
2014051100100439,2014년 5월 11일 20시,일요일,강원도 원주시 단계동,경상사고,0,0,1,0,차대사람 - 횡단중,보행자보호의무위반,습기,비,교차로 - 교차로부근,승용,여,55세,상해없음,보행자,여,66세,경상
2014051100100440,2014년 5월 11일 20시,일요일,강원도 원주시 반곡동,경상사고,0,0,3,0,차대차 - 기타,신호위반,습기,비,교차로 - 교차로안,화물,남,21세,상해없음,승용,여,42세,경상
2014051100100441,2014년 5월 11일 20시,일요일,강원도 원주시 단계동,중상사고,0,1,0,0,차대사람 - 보도통행중,보행자보호의무위반,습기,비,교차로 - 교차로안,승용,남,43세,상해없음,보행자,남,43세,중상
2014051100100442,2014년 5월 11일 20시,일요일,강원도 홍천군 동면,경상사고,0,0,1,1,차량단독 - 공작물충돌,안전운전불이행,습기,비,단일로 - 기타,승용,남,25세,부상신고,,,,
2014051100100546,2014년 5월 11일 23시,일요일,강원도 춘천시 효자동,경상사고,0,0,1,0,차대차 - 측면직각충돌,안전운전불이행,습기,비,단일로 - 기타,승용,남,42세,상해없음,이륜,남,16세,경상
2014051100100547,2014년 5월 11일 23시,일요일,강원도 원주시 우산동,경상사고,0,0,3,0,차대차 - 추돌 - 진행중,안전운전불이행,습기,비,단일로 - 기타,승용,남,33세,상해없음,승용,남,56세,경상
2014051100100548,2014년 5월 11일 23시,일요일,강원도 속초시 조양동,경상사고,0,0,1,0,차대차 - 추돌 - 주정차중,안전운전불이행,건조,맑음,단일로 - 기타,승용,남,65세,기타불명,승용,남,39세,경상
2014051200100050,2014년 5월 12일 02시,월요일,강원도 동해시 부곡동,경상사고,0,0,2,0,차대차 - 기타,교차로운행방법위반,건조,맑음,교차로 - 교차로안,승용,여,39세,상해없음,승용,남,67세,경상
2014051200100093,2014년 5월 12일 07시,월요일,강원도 원주시 단구동,경상사고,0,0,1,0,차대차 - 기타,신호위반,습기,비,교차로 - 교차로안,승용,여,45세,상해없음,화물,남,38세,경상
2014051200100122,2014년 5월 12일 08시,월요일,강원도 강릉시 교동,경상사고,0,0,1,0,차대차 - 측면직각충돌,신호위반,건조,맑음,교차로 - 교차로안,승용,여,43세,상해없음,승용,남,33세,경상
2014051200100181,2014년 5월 12일 10시,월요일,강원도 원주시 관설동,중상사고,0,1,0,0,차대차 - 측면직각충돌,신호위반,건조,맑음,교차로 - 교차로안,승용,남,29세,상해없음,화물,남,62세,중상
2014051200100211,2014년 5월 12일 11시,월요일,강원도 평창군 평창읍,사망사고,1,0,0,0,차량단독 - 도로외이탈 - 추락,안전운전불이행,건조,맑음,단일로 - 기타,농기계,남,75세,사망,,,,
2014051200100239,2014년 5월 12일 12시,월요일,강원도 원주시 흥업면,경상사고,0,0,1,0,차대차 - 추돌 - 진행중,차로위반,건조,맑음,단일로 - 기타,화물,남,53세,상해없음,이륜,남,24세,경상
2014051200100273,2014년 5월 12일 13시,월요일,강원도 원주시 단구동,경상사고,0,0,3,0,차대차 - 측면직각충돌,안전운전불이행,건조,흐림,교차로 - 교차로안,승용,남,60세,상해없음,승용,남,62세,경상
2014051200100297,2014년 5월 12일 14시,월요일,강원도 원주시 단구동,경상사고,0,0,1,0,차대차 - 기타,안전운전불이행,건조,맑음,단일로 - 기타,화물,남,45세,상해없음,이륜,남,31세,경상
2014051200100375,2014년 5월 12일 16시,월요일,강원도 인제군 남면,경상사고,0,0,1,0,차대차 - 추돌 - 진행중,안전운전불이행,건조,맑음,교차로 - 교차로부근,화물,남,63세,상해없음,승합,남,50세,경상
2014051200100416,2014년 5월 12일 17시,월요일,강원도 고성군 거진읍,경상사고,0,0,3,0,차대차 - 추돌 - 주정차중,안전운전불이행,건조,맑음,단일로 - 기타,승용,남,52세,상해없음,승용,남,52세,경상
2014051200100458,2014년 5월 12일 18시,월요일,강원도 춘천시 동면,경상사고,0,0,1,0,차대차 - 추돌 - 진행중,안전거리미확보,건조,맑음,교차로 - 교차로부근,승합,남,37세,상해없음,화물,남,55세,경상
2014051200100459,2014년 5월 12일 18시,월요일,강원도 평창군 방림면,중상사고,0,2,0,0,차량단독 - 공작물충돌,안전운전불이행,건조,맑음,단일로 - 기타,승용,남,42세,중상,,,,
2014051200100492,2014년 5월 12일 19시,월요일,강원도 속초시 동명동,경상사고,0,0,1,0,차대차 - 측면직각충돌,안전거리미확보,건조,맑음,단일로 - 기타,승용,남,52세,상해없음,승용,여,48세,경상
2014051200100525,2014년 5월 12일 20시,월요일,강원도 원주시 봉산동,경상사고,0,0,3,0,차대차 - 정면충돌,중앙선침범,건조,맑음,단일로 - 교량,승용,여,51세,상해없음,승용,남,44세,경상
2014051200100600,2014년 5월 12일 23시,월요일,강원도 강릉시 교동,경상사고,0,0,1,0,차대차 - 측면직각충돌,안전운전불이행,건조,맑음,단일로 - 기타,화물,남,40세,상해없음,원동기,남,17세,경상
2014051300100022,2014년 5월 13일 01시,화요일,강원도 강릉시 홍제동,중상사고,0,2,3,0,차대차 - 정면충돌,중앙선침범,건조,맑음,단일로 - 기타,승용,남,26세,상해없음,승용,남,61세,경상
2014051300100033,2014년 5월 13일 02시,화요일,강원도 강릉시 노암동,경상사고,0,0,1,0,차대차 - 측면직각충돌,안전운전불이행,건조,맑음,단일로 - 기타,승용,남,34세,상해없음,승용,남,26세,경상
2014051300100037,2014년 5월 13일 03시,화요일,강원도 속초시 교동,경상사고,0,0,1,0,차량단독 - 기타,안전운전불이행,건조,맑음,단일로 - 기타,승용,남,50세,상해없음,,,,
2014051300100038,2014년 5월 13일 03시,화요일,강원도 동해시 천곡동,경상사고,0,0,2,0,차대차 - 기타,안전운전불이행,건조,맑음,교차로 - 교차로안,승용,여,44세,상해없음,승용,남,37세,경상
2014051300100082,2014년 5월 13일 07시,화요일,강원도 강릉시 포남동,사망사고,1,0,0,0,차량단독 - 공작물충돌,안전운전불이행,건조,맑음,단일로 - 기타,이륜,남,71세,사망,,,,
2014051300100083,2014년 5월 13일 07시,화요일,강원도 강릉시 강동면,경상사고,0,0,1,0,차대차 - 추돌 - 진행중,안전운전불이행,건조,맑음,단일로 - 기타,특수,남,63세,상해없음,이륜,남,60세,경상
2014051300100084,2014년 5월 13일 07시,화요일,강원도 동해시 천곡동,경상사고,0,0,1,0,차대차 - 기타,안전거리미확보,건조,맑음,단일로 - 기타,승용,남,52세,상해없음,승용,남,54세,경상
2014051300100124,2014년 5월 13일 08시,화요일,강원도 원주시 일산동,경상사고,0,0,2,0,차대차 - 측면직각충돌,교차로운행방법위반,건조,맑음,교차로 - 교차로안,승용,남,70세,상해없음,승용,여,49세,경상
2014051300100125,2014년 5월 13일 08시,화요일,강원도 영월군 영월읍,중상사고,0,1,0,0,차대사람 - 횡단중,보행자보호의무위반,건조,맑음,단일로 - 횡단보도상,승용,여,45세,상해없음,보행자,여,59세,중상
2014051300100126,2014년 5월 13일 08시,화요일,강원도 고성군 토성면,중상사고,0,2,0,0,차대차 - 기타,안전운전불이행,건조,맑음,단일로 - 기타,화물,남,43세,상해없음,화물,남,58세,중상
2014051300100228,2014년 5월 13일 11시,화요일,강원도 삼척시 교동,경상사고,0,0,1,0,차대차 - 측면직각충돌,안전운전불이행,건조,맑음,교차로 - 교차로부근,건설기계,남,46세,상해없음,승용,남,42세,경상
2014051300100252,2014년 5월 13일 12시,화요일,강원도 영월군 주천면,경상사고,0,0,2,0,차대차 - 측면직각충돌,교차로운행방법위반,건조,맑음,교차로 - 교차로안,승용,남,18세,상해없음,승용,남,56세,경상
2014051300100253,2014년 5월 13일 12시,화요일,강원도 동해시 발한동,중상사고,0,1,0,0,차대사람 - 횡단중,안전운전불이행,건조,맑음,단일로 - 기타,승용,여,47세,상해없음,보행자,여,63세,중상
2014051300100277,2014년 5월 13일 13시,화요일,강원도 원주시 판부면,사망사고,1,0,0,0,차량단독 - 공작물충돌,안전운전불이행,건조,맑음,단일로 - 기타,승용,남,68세,사망,,,,
2014051300100350,2014년 5월 13일 15시,화요일,강원도 춘천시 석사동,중상사고,0,1,0,0,차대차 - 측면직각충돌,교차로운행방법위반,건조,맑음,교차로 - 교차로부근,승용,남,39세,상해없음,승용,여,29세,중상
2014051300100393,2014년 5월 13일 16시,화요일,강원도 춘천시 후평동,경상사고,0,0,1,0,차량단독 - 기타,안전운전불이행,건조,맑음,단일로 - 기타,승용,남,67세,상해없음,,,,
2014051300100394,2014년 5월 13일 16시,화요일,강원도 동해시 삼화동,경상사고,0,0,1,0,차대차 - 측면직각충돌,신호위반,건조,맑음,단일로 - 기타,승용,남,71세,상해없음,승용,여,39세,경상
2014051300100425,2014년 5월 13일 17시,화요일,강원도 홍천군 두촌면,경상사고,0,0,1,0,차대차 - 추돌 - 진행중,안전운전불이행,건조,맑음,교차로 - 교차로부근,승용,남,44세,상해없음,화물,여,55세,경상
2014051300100426,2014년 5월 13일 17시,화요일,강원도 양구군 양구읍,중상사고,0,1,0,0,차대차 - 측면직각충돌,안전운전불이행,건조,맑음,교차로 - 교차로안,승용,여,35세,상해없음,자전거,남,14세,중상
2014051300100464,2014년 5월 13일 18시,화요일,강원도 강릉시 포남동,경상사고,0,0,1,0,차대차 - 측면직각충돌,기타,건조,맑음,교차로 - 교차로안,승용,남,42세,상해없음,자전거,남,13세,경상
2014051300100465,2014년 5월 13일 18시,화요일,강원도 태백시 장성동,중상사고,0,2,1,1,차대차 - 측면직각충돌,교차로운행방법위반,건조,맑음,교차로 - 교차로안,승용,남,71세,상해없음,화물,남,63세,상해없음
2014051300100504,2014년 5월 13일 19시,화요일,강원도 원주시 단구동,경상사고,0,0,1,0,차대차 - 추돌 - 주정차중,안전거리미확보,건조,흐림,교차로 - 교차로부근,승용,남,38세,상해없음,승용,남,31세,경상
2014051300100505,2014년 5월 13일 19시,화요일,강원도 인제군 상남면,경상사고,0,0,2,0,차대차 - 측면직각충돌,안전운전불이행,건조,맑음,교차로 - 교차로안,승합,남,46세,상해없음,승합,남,34세,경상
2014051300100535,2014년 5월 13일 20시,화요일,강원도 춘천시 교동,경상사고,0,0,1,0,차대차 - 추돌 - 진행중,안전운전불이행,건조,맑음,단일로 - 기타,승용,남,27세,상해없음,승용,남,56세,경상
2014051300100536,2014년 5월 13일 20시,화요일,강원도 강릉시 연곡면,중상사고,0,1,0,0,차대사람 - 횡단중,보행자보호의무위반,기타,기타,단일로 - 횡단보도상,원동기,남,28세,상해없음,보행자,남,70세,중상
2014051300100537,2014년 5월 13일 20시,화요일,강원도 원주시 단구동,경상사고,0,0,1,0,차대차 - 추돌 - 주정차중,안전운전불이행,건조,맑음,단일로 - 기타,승용,남,46세,상해없음,승용,남,53세,경상
2014051300100564,2014년 5월 13일 21시,화요일,강원도 춘천시 근화동,중상사고,0,1,0,0,차대사람 - 기타,안전운전불이행,건조,맑음,단일로 - 기타,승용,남,58세,상해없음,보행자,남,34세,중상
2014051300100593,2014년 5월 13일 22시,화요일,강원도 속초시 조양동,중상사고,0,1,0,0,차대차 - 측면직각충돌,안전운전불이행,건조,맑음,단일로 - 기타,승용,남,55세,상해없음,이륜,남,31세,중상
2014051300100624,2014년 5월 13일 23시,화요일,강원도 원주시 단계동,경상사고,0,0,2,0,차대차 - 측면직각충돌,신호위반,건조,맑음,교차로 - 교차로안,승용,남,23세,상해없음,승용,남,34세,경상
2014051400100010,2014년 5월 14일 00시,수요일,강원도 춘천시 우두동,경상사고,0,0,2,0,차대차 - 측면직각충돌,직진우회전진행방해,건조,맑음,교차로 - 교차로안,승용,여,50세,상해없음,승용,남,28세,경상
2014051400100033,2014년 5월 14일 01시,수요일,강원도 원주시 흥업면,경상사고,0,0,2,0,차대사람 - 횡단중,안전운전불이행,건조,맑음,교차로 - 교차로안,화물,남,71세,상해없음,보행자,남,24세,경상
2014051400100125,2014년 5월 14일 08시,수요일,강원도 춘천시 후평동,경상사고,0,0,1,0,차대차 - 추돌 - 진행중,안전운전불이행,건조,맑음,단일로 - 기타,승용,여,37세,상해없음,승용,남,44세,경상
2014051400100126,2014년 5월 14일 08시,수요일,강원도 춘천시 신동면,경상사고,0,0,1,0,차대차 - 정면충돌,중앙선침범,건조,맑음,단일로 - 기타,화물,남,63세,상해없음,화물,남,60세,경상
2014051400100164,2014년 5월 14일 09시,수요일,강원도 강릉시 교동,경상사고,0,0,1,0,차대차 - 기타,안전운전불이행,건조,맑음,단일로 - 기타,승용,여,67세,상해없음,화물,남,33세,경상
2014051400100191,2014년 5월 14일 10시,수요일,강원도 영월군 남면,중상사고,0,1,1,0,차대차 - 기타,안전거리미확보,건조,맑음,단일로 - 교량,화물,여,44세,경상,승용,남,47세,중상
2014051400100257,2014년 5월 14일 12시,수요일,강원도 춘천시 동내면,경상사고,0,0,2,0,차대차 - 기타,안전운전불이행,건조,맑음,단일로 - 기타,승용,여,35세,상해없음,승용,남,36세,경상
2014051400100332,2014년 5월 14일 14시,수요일,강원도 춘천시 효자동,중상사고,0,1,0,0,차대사람 - 기타,안전운전불이행,건조,맑음,단일로 - 기타,승용,남,52세,상해없음,보행자,여,81세,중상
2014051400100333,2014년 5월 14일 14시,수요일,강원도 삼척시 남양동,중상사고,0,1,2,0,차대차 - 측면직각충돌,직진우회전진행방해,건조,맑음,교차로 - 교차로안,승용,남,77세,상해없음,농기계,남,58세,중상
2014051400100334,2014년 5월 14일 14시,수요일,강원도 영월군 영월읍,경상사고,0,0,1,0,차대차 - 추돌 - 주정차중,안전운전불이행,건조,맑음,단일로 - 터널,승용,남,69세,상해없음,화물,남,26세,경상
2014051400100335,2014년 5월 14일 14시,수요일,강원도 영월군 영월읍,중상사고,0,2,0,0,차대사람 - 횡단중,안전운전불이행,건조,맑음,교차로 - 교차로안,승용,남,60세,상해없음,보행자,여,53세,중상
2014051400100336,2014년 5월 14일 14시,수요일,강원도 평창군 방림면,경상사고,0,0,1,0,차대차 - 추돌 - 진행중,안전운전불이행,건조,맑음,교차로 - 교차로안,건설기계,남,47세,상해없음,승용,남,72세,경상
2014051400100370,2014년 5월 14일 15시,수요일,강원도 원주시 원동,중상사고,0,1,0,0,차대사람 - 기타,안전운전불이행,건조,맑음,단일로 - 기타,승용,남,61세,상해없음,보행자,여,29세,중상