사고번호,사고일시,요일,시군구,사고내용,사망자수,중상자수,경상자수,부상신고자수,사고유형,법규위반,노면상태,기상상태,도로형태,가해운전자 차종,가해운전자 성별,가해운전자 연령,가해운전자 상해정도,피해운전자 차종,피해운전자 성별,피해운전자 연령,피해운전자 상해정도
2014052300100030,2014년 5월 23일 01시,금요일,강원도 원주시 원동,경상사고,0,0,2,0,차대차 - 추돌 - 진행중,불법유턴,건조,맑음,단일로 - 기타,승용,남,58세,상해없음,승용,남,26세,경상
2014052300100091,2014년 5월 23일 07시,금요일,강원도 홍천군 홍천읍,경상사고,0,0,1,0,차대사람 - 기타,안전운전불이행,건조,맑음,단일로 - 기타,특수,남,37세,상해없음,보행자,여,10세,경상
2014052300100092,2014년 5월 23일 07시,금요일,강원도 홍천군 남면,중상사고,0,2,0,0,차대차 - 기타,중앙선침범,건조,맑음,단일로 - 기타,승용,남,38세,상해없음,승용,남,32세,중상
2014052300100124,2014년 5월 23일 08시,금요일,강원도 춘천시 동면,경상사고,0,0,1,0,차대차 - 측면직각충돌,안전운전불이행,건조,맑음,단일로 - 기타,기타불명,남,22세,상해없음,승용,여,43세,경상
2014052300100125,2014년 5월 23일 08시,금요일,강원도 강릉시 입암동,경상사고,0,0,1,0,차대차 - 측면직각충돌,안전운전불이행,건조,맑음,단일로 - 기타,승용,여,55세,상해없음,이륜,남,42세,경상
2014052300100126,2014년 5월 23일 08시,금요일,강원도 원주시 우산동,경상사고,0,0,1,0,차대차 - 측면직각충돌,교차로운행방법위반,건조,맑음,교차로 - 교차로안,승용,남,26세,상해없음,승용,남,61세,경상
2014052300100193,2014년 5월 23일 10시,금요일,강원도 원주시 반곡동,중상사고,0,1,0,0,차대차 - 정면충돌,기타,건조,맑음,단일로 - 기타,승용,남,37세,상해없음,원동기,남,30세,중상
2014052300100194,2014년 5월 23일 10시,금요일,강원도 삼척시 교동,경상사고,0,0,1,0,차대차 - 추돌 - 진행중,불법유턴,건조,맑음,교차로 - 교차로부근,승용,남,60세,상해없음,승용,남,34세,경상
2014052300100232,2014년 5월 23일 11시,금요일,강원도 춘천시 소양로1가,경상사고,0,0,2,0,차대차 - 측면직각충돌,신호위반,건조,맑음,교차로 - 교차로안,승용,여,45세,상해없음,승용,남,81세,경상
2014052300100233,2014년 5월 23일 11시,금요일,강원도 춘천시 퇴계동,경상사고,0,0,1,0,차대차 - 측면직각충돌,직진우회전진행방해,건조,맑음,교차로 - 교차로안,화물,남,34세,상해없음,승용,여,58세,경상
2014052300100234,2014년 5월 23일 11시,금요일,강원도 원주시 무실동,경상사고,0,0,2,0,차대차 - 측면직각충돌,차로위반,건조,맑음,교차로 - 교차로부근,승용,남,54세,상해없음,승합,남,68세,경상
2014052300100235,2014년 5월 23일 11시,금요일,강원도 인제군 인제읍,경상사고,0,0,2,0,차대차 - 측면직각충돌,안전운전불이행,건조,맑음,교차로 - 교차로안,승용,여,52세,상해없음,원동기,남,72세,경상
2014052300100260,2014년 5월 23일 12시,금요일,강원도 속초시 조양동,경상사고,0,0,1,0,차대차 - 측면직각충돌,안전거리미확보,건조,맑음,단일로 - 기타,승용,여,44세,상해없음,승용,여,62세,경상
2014052300100261,2014년 5월 23일 12시,금요일,강원도 속초시 조양동,경상사고,0,0,1,0,차대차 - 추돌 - 주정차중,안전운전불이행,건조,맑음,단일로 - 기타,이륜,남,18세,상해없음,승용,남,52세,경상
2014052300100286,2014년 5월 23일 13시,금요일,강원도 원주시 단계동,경상사고,0,0,1,0,차대차 - 기타,신호위반,건조,맑음,교차로 - 교차로안,승용,여,35세,상해없음,승용,남,68세,경상
2014052300100317,2014년 5월 23일 14시,금요일,강원도 강릉시 주문진읍,중상사고,0,1,3,0,차대차 - 측면직각충돌,신호위반,건조,맑음,교차로 - 교차로안,승용,남,50세,상해없음,승용,여,34세,경상
2014052300100318,2014년 5월 23일 14시,금요일,강원도 철원군 철원읍,중상사고,0,1,0,0,차대차 - 측면직각충돌,교차로운행방법위반,건조,맑음,교차로 - 교차로안,이륜,남,88세,중상,화물,남,47세,상해없음
2014052300100389,2014년 5월 23일 16시,금요일,강원도 춘천시 온의동,경상사고,0,0,1,0,차대사람 - 횡단중,보행자보호의무위반,건조,맑음,단일로 - 횡단보도상,승용,여,39세,상해없음,보행자,여,14세,경상
2014052300100390,2014년 5월 23일 16시,금요일,강원도 춘천시 동내면,경상사고,0,0,1,0,차대차 - 측면직각충돌,안전운전불이행,건조,맑음,단일로 - 기타,건설기계,남,57세,상해없음,승용,남,34세,경상
2014052300100422,2014년 5월 23일 17시,금요일,강원도 강릉시 주문진읍,경상사고,0,0,2,0,차대차 - 측면직각충돌,안전운전불이행,건조,맑음,교차로 - 교차로안,화물,남,22세,상해없음,승용,남,72세,경상
2014052300100423,2014년 5월 23일 17시,금요일,강원도 원주시 단구동,경상사고,0,0,1,0,차대차 - 기타,직진우회전진행방해,건조,맑음,교차로 - 교차로안,승용,남,62세,상해없음,원동기,남,32세,경상
2014052300100424,2014년 5월 23일 17시,금요일,강원도 원주시 단계동,경상사고,0,0,1,0,차대차 - 측면직각충돌,차로위반,건조,맑음,단일로 - 기타,승용,여,70세,상해없음,승용,여,36세,경상
2014052300100425,2014년 5월 23일 17시,금요일,강원도 양구군 남면,경상사고,0,0,1,0,차량단독 - 기타,안전운전불이행,건조,맑음,단일로 - 기타,승용,남,57세,상해없음,,,,
2014052300100475,2014년 5월 23일 18시,금요일,강원도 강릉시 교동,경상사고,0,0,2,0,차대차 - 측면직각충돌,기타,건조,맑음,단일로 - 기타,승용,남,52세,상해없음,승용,남,54세,상해없음
2014052300100476,2014년 5월 23일 18시,금요일,강원도 홍천군 홍천읍,경상사고,0,0,2,0,차대차 - 기타,교차로운행방법위반,건조,맑음,교차로 - 교차로안,승용,남,45세,상해없음,승용,남,67세,경상
2014052300100509,2014년 5월 23일 19시,금요일,강원도 원주시 단계동,경상사고,0,0,1,0,차량단독 - 기타,안전운전불이행,건조,기타,교차로 - 교차로부근,승합,남,55세,상해없음,,,,
2014052300100551,2014년 5월 23일 20시,금요일,강원도 강릉시 옥천동,경상사고,0,0,1,0,차대차 - 추돌 - 주정차중,안전운전불이행,기타,기타,단일로 - 기타,승용,여,37세,상해없음,승용,여,30세,경상
2014052300100552,2014년 5월 23일 20시,금요일,강원도 원주시 개운동,중상사고,0,1,0,0,차대차 - 측면직각충돌,중앙선침범,건조,맑음,단일로 - 기타,승합,남,54세,상해없음,원동기,남,29세,중상
2014052300100553,2014년 5월 23일 20시,금요일,강원도 영월군 영월읍,부상신고사고,0,0,0,1,차대차 - 기타,안전운전불이행,건조,맑음,교차로 - 교차로안,기타불명,기타불명,기타불명,기타불명,자전거,여,16세,부상신고
2014052400100039,2014년 5월 24일 01시,토요일,강원도 삼척시 교동,중상사고,0,1,1,0,차대차 - 추돌 - 진행중,안전운전불이행,건조,맑음,단일로 - 기타,승용,남,37세,경상,승용,남,29세,중상
2014052400100107,2014년 5월 24일 05시,토요일,강원도 평창군 평창읍,경상사고,0,0,1,0,차대차 - 측면직각충돌,안전운전불이행,건조,맑음,단일로 - 기타,승용,남,60세,상해없음,승용,남,31세,경상
2014052400100144,2014년 5월 24일 07시,토요일,강원도 철원군 철원읍,중상사고,0,2,0,0,차대차 - 측면직각충돌,중앙선침범,건조,맑음,단일로 - 기타,화물,남,66세,중상,승용,남,58세,중상
2014052400100170,2014년 5월 24일 08시,토요일,강원도 춘천시 퇴계동,경상사고,0,0,3,0,차대차 - 추돌 - 주정차중,안전운전불이행,건조,맑음,교차로 - 교차로부근,화물,남,43세,상해없음,화물,남,43세,경상
2014052400100171,2014년 5월 24일 08시,토요일,강원도 춘천시 석사동,경상사고,0,0,1,0,차대사람 - 기타,안전운전불이행,건조,맑음,단일로 - 기타,승용,남,30세,상해없음,보행자,여,13세,경상
2014052400100199,2014년 5월 24일 09시,토요일,강원도 원주시 판부면,중상사고,0,2,4,0,차대차 - 측면직각충돌,교차로운행방법위반,건조,맑음,교차로 - 교차로안,승용,남,24세,상해없음,승용,남,48세,경상
2014052400100200,2014년 5월 24일 09시,토요일,강원도 원주시 반곡동,경상사고,0,0,3,0,차대차 - 측면직각충돌,안전거리미확보,건조,맑음,단일로 - 기타,승용,남,48세,경상,승용,남,61세,경상
2014052400100228,2014년 5월 24일 10시,토요일,강원도 고성군 토성면,경상사고,0,0,1,0,차대차 - 추돌 - 진행중,안전운전불이행,건조,맑음,단일로 - 기타,승합,남,52세,상해없음,승합,남,56세,상해없음
2014052400100321,2014년 5월 24일 13시,토요일,강원도 춘천시 퇴계동,경상사고,0,0,1,0,차대사람 - 기타,안전운전불이행,건조,맑음,단일로 - 기타,승용,남,51세,상해없음,보행자,남,52세,경상
2014052400100322,2014년 5월 24일 13시,토요일,강원도 원주시 인동,경상사고,0,0,2,0,차대차 - 측면직각충돌,직진우회전진행방해,건조,맑음,교차로 - 교차로안,승용,남,43세,상해없음,승용,여,32세,경상
2014052400100323,2014년 5월 24일 13시,토요일,강원도 고성군 현내면,경상사고,0,0,2,0,차대차 - 추돌 - 주정차중,안전운전불이행,건조,맑음,단일로 - 기타,승용,남,26세,상해없음,승용,남,38세,경상
2014052400100391,2014년 5월 24일 15시,토요일,강원도 춘천시 퇴계동,중상사고,0,1,0,0,차대사람 - 기타,안전운전불이행,건조,맑음,기타 - 기타,승용,남,69세,상해없음,보행자,여,15세,중상
2014052400100392,2014년 5월 24일 15시,토요일,강원도 춘천시 퇴계동,경상사고,0,0,2,0,차대차 - 기타,안전거리미확보,건조,맑음,단일로 - 기타,승용,남,53세,상해없음,승용,남,34세,경상
2014052400100393,2014년 5월 24일 15시,토요일,강원도 강릉시 주문진읍,경상사고,0,0,1,0,차대사람 - 기타,안전운전불이행,건조,맑음,단일로 - 기타,승용,남,59세,상해없음,보행자,여,56세,경상
2014052400100394,2014년 5월 24일 15시,토요일,강원도 횡성군 우천면,중상사고,0,1,1,0,차대차 - 기타,안전운전불이행,건조,맑음,교차로 - 교차로안,승용,남,62세,상해없음,승용,남,28세,경상
2014052400100437,2014년 5월 24일 16시,토요일,강원도 원주시 단계동,경상사고,0,0,9,4,차대차 - 추돌 - 주정차중,안전거리미확보,건조,맑음,교차로 - 교차로부근,승용,남,20세,상해없음,승용,남,63세,경상
2014052400100438,2014년 5월 24일 16시,토요일,강원도 원주시 단구동,경상사고,0,0,2,0,차대차 - 추돌 - 주정차중,안전운전불이행,건조,맑음,교차로 - 교차로부근,화물,남,51세,상해없음,승용,남,56세,경상
2014052400100473,2014년 5월 24일 17시,토요일,강원도 삼척시 정상동,경상사고,0,0,1,0,차대사람 - 횡단중,보행자보호의무위반,건조,맑음,단일로 - 횡단보도상,승용,여,59세,상해없음,보행자,남,13세,경상
2014052400100474,2014년 5월 24일 17시,토요일,강원도 삼척시 원덕읍,경상사고,0,0,1,0,차대차 - 추돌 - 진행중,안전운전불이행,건조,맑음,단일로 - 기타,화물,남,43세,상해없음,농기계,남,52세,경상
2014052400100522,2014년 5월 24일 18시,토요일,강원도 철원군 동송읍,경상사고,0,0,2,0,차대차 - 측면직각충돌,안전운전불이행,건조,맑음,교차로 - 교차로안,승합,남,21세,상해없음,승용,여,46세,경상
2014052400100591,2014년 5월 24일 20시,토요일,강원도 춘천시 석사동,중상사고,0,1,0,0,차대사람 - 횡단중,안전운전불이행,건조,맑음,단일로 - 기타,승용,여,53세,상해없음,보행자,여,78세,중상
2014052400100592,2014년 5월 24일 20시,토요일,강원도 원주시 무실동,경상사고,0,0,1,0,차대차 - 측면직각충돌,안전운전불이행,건조,맑음,교차로 - 교차로안,승용,남,30세,상해없음,승용,여,27세,경상
2014052400100593,2014년 5월 24일 20시,토요일,강원도 정선군 정선읍,경상사고,0,0,1,0,차대차 - 측면직각충돌,안전운전불이행,건조,흐림,교차로 - 교차로부근,승용,여,43세,상해없음,승합,여,57세,경상
2014052500100113,2014년 5월 25일 07시,일요일,강원도 원주시 우산동,경상사고,0,0,1,0,차대차 - 측면직각충돌,교차로운행방법위반,건조,맑음,교차로 - 교차로안,화물,남,33세,상해없음,승용,남,51세,경상
2014052500100158,2014년 5월 25일 10시,일요일,강원도 영월군 영월읍,중상사고,0,2,0,0,차대차 - 정면충돌,안전운전불이행,건조,흐림,교차로 - 교차로부근,승용,남,72세,상해없음,이륜,남,16세,중상
2014052500100179,2014년 5월 25일 11시,일요일,강원도 춘천시 우두동,경상사고,0,0,1,0,차대차 - 측면직각충돌,기타,건조,맑음,교차로 - 교차로안,승용,남,58세,상해없음,승용,남,48세,상해없음
2014052500100180,2014년 5월 25일 11시,일요일,강원도 원주시 중앙동,경상사고,0,0,2,0,차대차 - 추돌 - 진행중,안전거리미확보,건조,맑음,단일로 - 기타,이륜,남,19세,경상,승용,남,25세,상해없음
2014052500100213,2014년 5월 25일 12시,일요일,강원도 춘천시 후평동,경상사고,0,0,3,0,차대차 - 추돌 - 진행중,안전거리미확보,건조,맑음,단일로 - 기타,승용,남,51세,상해없음,승용,여,43세,경상
2014052500100214,2014년 5월 25일 12시,일요일,강원도 원주시 문막읍,중상사고,0,1,0,0,차대차 - 측면직각충돌,교차로운행방법위반,건조,맑음,교차로 - 교차로안,승용,여,59세,상해없음,승합,남,53세,상해없음
2014052500100215,2014년 5월 25일 12시,일요일,강원도 원주시 태장동,경상사고,0,0,3,0,차대차 - 측면직각충돌,안전운전불이행,건조,맑음,단일로 - 기타,승합,남,44세,상해없음,승용,여,41세,경상
2014052500100216,2014년 5월 25일 12시,일요일,강원도 원주시 단계동,경상사고,0,0,2,0,차대차 - 기타,신호위반,건조,맑음,교차로 - 교차로안,승용,여,41세,상해없음,승용,남,41세,경상
2014052500100217,2014년 5월 25일 12시,일요일,강원도 정선군 정선읍,사망사고,1,1,0,0,차량단독 - 공작물충돌,기타,건조,맑음,교차로 - 교차로부근,승용,남,51세,사망,,,,
2014052500100253,2014년 5월 25일 13시,일요일,강원도 정선군 사북읍,경상사고,0,0,6,0,차대차 - 측면직각충돌,안전운전불이행,건조,맑음,단일로 - 기타,승용,남,53세,상해없음,승용,남,40세,경상
2014052500100254,2014년 5월 25일 13시,일요일,강원도 동해시 천곡동,경상사고,0,0,1,0,차대사람 - 기타,안전운전불이행,건조,맑음,단일로 - 기타,승용,여,54세,상해없음,보행자,남,10세,경상
2014052500100273,2014년 5월 25일 14시,일요일,강원도 홍천군 홍천읍,경상사고,0,0,3,0,차대차 - 기타,직진우회전진행방해,건조,맑음,교차로 - 교차로안,승용,남,26세,상해없음,승용,남,37세,경상
2014052500100315,2014년 5월 25일 15시,일요일,강원도 양양군 서면,경상사고,0,0,2,0,차대차 - 추돌 - 진행중,안전운전불이행,건조,맑음,단일로 - 기타,이륜,남,42세,상해없음,승용,남,62세,경상
2014052500100349,2014년 5월 25일 16시,일요일,강원도 동해시 묵호진동,경상사고,0,0,1,0,차대사람 - 기타,안전운전불이행,건조,맑음,단일로 - 기타,승용,여,56세,상해없음,보행자,남,49세,경상
2014052500100387,2014년 5월 25일 17시,일요일,강원도 춘천시 우두동,경상사고,0,0,1,0,차대차 - 측면직각충돌,안전거리미확보,건조,맑음,단일로 - 기타,승용,남,75세,상해없음,승용,남,45세,경상
2014052500100424,2014년 5월 25일 18시,일요일,강원도 원주시 일산동,경상사고,0,0,2,0,차대차 - 기타,안전운전불이행,건조,흐림,교차로 - 교차로부근,이륜,남,40세,경상,승용,남,59세,경상
2014052500100425,2014년 5월 25일 18시,일요일,강원도 태백시 화전동,경상사고,0,0,2,0,차대사람 - 보도통행중,보행자보호의무위반,건조,맑음,단일로 - 교량,승용,남,60세,상해없음,보행자,여,6세,경상
2014052500100455,2014년 5월 25일 19시,일요일,강원도 강릉시 주문진읍,경상사고,0,0,2,0,차대차 - 추돌 - 진행중,안전운전불이행,건조,맑음,교차로 - 교차로부근,승용,남,55세,상해없음,화물,남,43세,경상
2014052500100572,2014년 5월 25일 21시,일요일,강원도 춘천시 후평동,경상사고,0,0,3,0,차대차 - 추돌 - 주정차중,안전거리미확보,습기,비,단일로 - 기타,승용,여,47세,상해없음,승용,남,25세,경상
2014052500100612,2014년 5월 25일 22시,일요일,강원도 강릉시 성남동,경상사고,0,0,1,0,차대차 - 추돌 - 주정차중,안전운전불이행,건조,맑음,교차로 - 교차로부근,승용,남,34세,상해없음,승용,여,48세,경상
2014052600100091,2014년 5월 26일 07시,월요일,강원도 원주시 문막읍,부상신고사고,0,0,0,1,차대사람 - 기타,안전운전불이행,건조,맑음,단일로 - 횡단보도상,기타불명,기타불명,기타불명,기타불명,보행자,여,18세,부상신고
2014052600100092,2014년 5월 26일 07시,월요일,강원도 횡성군 공근면,중상사고,0,1,1,0,차대차 - 정면충돌,중앙선침범,건조,맑음,단일로 - 기타,승합,남,35세,상해없음,승용,여,43세,중상
2014052600100093,2014년 5월 26일 07시,월요일,강원도 동해시 나안동,경상사고,0,0,3,0,차대차 - 측면직각충돌,안전운전불이행,건조,맑음,단일로 - 기타,화물,남,58세,상해없음,승합,남,64세,경상
2014052600100127,2014년 5월 26일 08시,월요일,강원도 원주시 관설동,중상사고,0,1,0,0,차대사람 - 횡단중,보행자보호의무위반,건조,맑음,교차로 - 교차로안,화물,남,36세,상해없음,보행자,여,14세,중상
2014052600100128,2014년 5월 26일 08시,월요일,강원도 속초시 교동,경상사고,0,0,1,0,차대차 - 추돌 - 진행중,교차로운행방법위반,건조,맑음,교차로 - 교차로안,승용,남,59세,상해없음,승용,남,33세,경상
2014052600100158,2014년 5월 26일 09시,월요일,강원도 원주시 개운동,중상사고,0,1,0,0,차대사람 - 기타,보행자보호의무위반,건조,맑음,단일로 - 기타,이륜,남,50세,상해없음,보행자,여,66세,중상
2014052600100159,2014년 5월 26일 09시,월요일,강원도 원주시 귀래면,중상사고,0,1,1,0,차대차 - 측면직각충돌,신호위반,건조,맑음,교차로 - 교차로안,승용,남,36세,중상,승용,남,53세,경상
2014052600100188,2014년 5월 26일 10시,월요일,강원도 강릉시 견소동,경상사고,0,0,1,0,차대차 - 기타,안전운전불이행,기타,기타,단일로 - 기타,화물,남,45세,상해없음,승합,남,59세,상해없음
2014052600100189,2014년 5월 26일 10시,월요일,강원도 속초시 교동,경상사고,0,0,1,0,차대차 - 추돌 - 진행중,교차로운행방법위반,건조,맑음,교차로 - 교차로부근,승용,여,49세,상해없음,자전거,남,17세,경상
2014052600100190,2014년 5월 26일 10시,월요일,강원도 홍천군 홍천읍,경상사고,0,0,1,1,차대차 - 기타,안전운전불이행,건조,맑음,교차로 - 교차로부근,이륜,남,68세,경상,승용,남,61세,상해없음
2014052600100226,2014년 5월 26일 11시,월요일,강원도 춘천시 사농동,경상사고,0,0,1,0,차대차 - 측면직각충돌,안전거리미확보,건조,맑음,교차로 - 교차로부근,승용,남,67세,상해없음,승용,남,34세,경상
2014052600100277,2014년 5월 26일 13시,월요일,강원도 춘천시 죽림동,중상사고,0,1,0,0,차대사람 - 횡단중,보행자보호의무위반,건조,맑음,단일로 - 횡단보도상,승용,여,41세,상해없음,보행자,여,78세,중상
2014052600100278,2014년 5월 26일 13시,월요일,강원도 속초시 금호동,경상사고,0,0,1,0,차대차 - 추돌 - 진행중,중앙선침범,건조,맑음,단일로 - 기타,이륜,남,78세,상해없음,승용,여,47세,경상
2014052600100279,2014년 5월 26일 13시,월요일,강원도 횡성군 우천면,중상사고,0,4,0,0,차대차 - 기타,안전운전불이행,건조,맑음,단일로 - 기타,승용,남,66세,상해없음,승용,남,41세,중상
2014052600100314,2014년 5월 26일 14시,월요일,강원도 강릉시 포남동,경상사고,0,0,1,0,차대차 - 기타,안전운전불이행,건조,맑음,교차로 - 교차로안,승용,남,66세,상해없음,이륜,여,36세,경상
2014052600100340,2014년 5월 26일 15시,월요일,강원도 원주시 일산동,경상사고,0,0,1,0,차대차 - 측면직각충돌,안전운전불이행,건조,맑음,교차로 - 교차로안,승용,남,58세,상해없음,승용,여,23세,경상
2014052600100423,2014년 5월 26일 17시,월요일,강원도 태백시 황지동,중상사고,0,1,0,0,차대차 - 기타,교차로운행방법위반,건조,맑음,교차로 - 교차로안,승용,여,52세,상해없음,이륜,남,72세,중상
2014052600100466,2014년 5월 26일 18시,월요일,강원도 춘천시 석사동,경상사고,0,0,1,0,차대차 - 기타,직진우회전진행방해,건조,맑음,교차로 - 교차로안,승용,여,29세,상해없음,승용,여,42세,경상
2014052600100467,2014년 5월 26일 18시,월요일,강원도 강릉시 교동,중상사고,0,1,1,0,차대차 - 측면직각충돌,안전운전불이행,건조,맑음,교차로 - 교차로안,승용,여,57세,상해없음,원동기,남,70세,경상
2014052600100468,2014년 5월 26일 18시,월요일,강원도 원주시 관설동,경상사고,0,0,3,0,차대차 - 기타,신호위반,건조,맑음,교차로 - 교차로안,승용,남,60세,상해없음,승용,남,30세,경상
2014052600100549,2014년 5월 26일 20시,월요일,강원도 속초시 영랑동,경상사고,0,0,1,0,차대사람 - 기타,기타,건조,맑음,단일로 - 기타,승용,남,60세,상해없음,보행자,여,61세,경상
2014052600100579,2014년 5월 26일 21시,월요일,강원도 원주시 명륜동,부상신고사고,0,0,0,1,차대차 - 기타,안전운전불이행,건조,맑음,단일로 - 기타,자전거,남,52세,부상신고,승합,남,47세,상해없음
2014052600100580,2014년 5월 26일 21시,월요일,강원도 원주시 무실동,중상사고,0,1,0,0,차대차 - 기타,신호위반,건조,맑음,교차로 - 교차로안,승용,여,32세,상해없음,승용,남,53세,상해없음
2014052600100640,2014년 5월 26일 23시,월요일,강원도 춘천시 석사동,부상신고사고,0,0,0,2,차대차 - 기타,안전운전불이행,건조,맑음,교차로 - 교차로부근,승용,남,49세,상해없음,승용,남,31세,부상신고
2014052600100641,2014년 5월 26일 23시,월요일,강원도 강릉시 교동,중상사고,0,1,2,0,차대차 - 측면직각충돌,기타,건조,맑음,교차로 - 교차로안,승용,남,51세,상해없음,승용,남,49세,중상
2014052700100005,2014년 5월 27일 00시,화요일,강원도 원주시 평원동,경상사고,0,0,1,0,차대차 - 기타,신호위반,건조,맑음,교차로 - 교차로안,승용,남,56세,상해없음,승용,남,55세,경상
2014052700100070,2014년 5월 27일 06시,화요일,강원도 춘천시 동면,경상사고,0,0,5,0,차대차 - 측면직각충돌,신호위반,건조,맑음,교차로 - 교차로안,화물,남,80세,상해없음,승용,여,42세,경상
2014052700100071,2014년 5월 27일 06시,화요일,강원도 춘천시 소양로1가,경상사고,0,0,1,0,차대사람 - 길가장자리구역통행중,안전운전불이행,건조,맑음,기타 - 기타,화물,남,68세,상해없음,보행자,여,40세,경상
2014052700100072,2014년 5월 27일 06시,화요일,강원도 삼척시 도계읍,중상사고,0,1,0,0,차대사람 - 기타,불법유턴,건조,맑음,단일로 - 기타,화물,남,64세,상해없음,보행자,남,79세,중상
2014052700100137,2014년 5월 27일 08시,화요일,강원도 강릉시 포남동,경상사고,0,0,1,0,차대차 - 측면직각충돌,신호위반,건조,맑음,교차로 - 교차로안,승용,여,51세,상해없음,승용,남,32세,경상
2014052700100138,2014년 5월 27일 08시,화요일,강원도 원주시 단계동,경상사고,0,0,5,0,차대차 - 기타,신호위반,건조,맑음,교차로 - 교차로안,승용,여,50세,경상,승용,남,19세,경상
2014052700100139,2014년 5월 27일 08시,화요일,강원도 양양군 현북면,경상사고,0,0,1,0,차대차 - 측면직각충돌,신호위반,건조,맑음,교차로 - 교차로안,승용,남,25세,상해없음,승용,여,44세,경상
2014052700100190,2014년 5월 27일 09시,화요일,강원도 춘천시 퇴계동,경상사고,0,0,1,0,차량단독 - 기타,안전운전불이행,건조,맑음,단일로 - 기타,승합,남,55세,상해없음,,,,
2014052700100191,2014년 5월 27일 09시,화요일,강원도 원주시 호저면,경상사고,0,0,2,0,차대차 - 기타,신호위반,건조,맑음,교차로 - 교차로안,승용,남,29세,경상,승용,남,48세,경상
2014052700100192,2014년 5월 27일 09시,화요일,강원도 횡성군 횡성읍,중상사고,0,1,0,0,차대차 - 측면직각충돌,안전운전불이행,건조,맑음,교차로 - 교차로안,승용,여,47세,상해없음,승용,남,40세,상해없음
2014052700100274,2014년 5월 27일 12시,화요일,강원도 양양군 현북면,중상사고,0,2,0,0,차대차 - 측면직각충돌,안전운전불이행,건조,맑음,단일로 - 기타,승용,여,66세,상해없음,농기계,남,69세,중상
2014052700100300,2014년 5월 27일 13시,화요일,강원도 춘천시 근화동,중상사고,0,1,1,0,차대차 - 추돌 - 진행중,안전거리미확보,건조,맑음,교차로 - 교차로부근,건설기계,남,48세,상해없음,승용,남,33세,중상
2014052700100301,2014년 5월 27일 13시,화요일,강원도 원주시 명륜동,경상사고,0,0,1,0,차대차 - 기타,직진우회전진행방해,건조,맑음,교차로 - 교차로안,승합,남,55세,상해없음,원동기,남,49세,경상
2014052700100333,2014년 5월 27일 14시,화요일,강원도 강릉시 교동,경상사고,0,0,1,0,차대차 - 측면직각충돌,안전운전불이행,건조,맑음,교차로 - 교차로안,승용,남,35세,상해없음,승용,여,38세,경상
2014052700100334,2014년 5월 27일 14시,화요일,강원도 원주시 개운동,경상사고,0,0,1,0,차대차 - 기타,교차로운행방법위반,건조,맑음,교차로 - 교차로부근,승용,여,39세,상해없음,자전거,여,27세,경상
2014052700100335,2014년 5월 27일 14시,화요일,강원도 원주시 태장동,중상사고,0,1,0,0,차대사람 - 기타,보행자보호의무위반,건조,맑음,교차로 - 교차로안,화물,남,53세,상해없음,보행자,남,84세,중상
2014052700100374,2014년 5월 27일 15시,화요일,강원도 춘천시 효자동,경상사고,0,0,3,0,차대차 - 측면직각충돌,중앙선침범,건조,맑음,단일로 - 기타,승용,남,52세,상해없음,승용,여,36세,경상
2014052700100375,2014년 5월 27일 15시,화요일,강원도 정선군 여량면,중상사고,0,1,1,0,차대차 - 측면직각충돌,안전운전불이행,건조,맑음,단일로 - 기타,승용,남,59세,상해없음,농기계,남,74세,중상
2014052700100412,2014년 5월 27일 16시,화요일,강원도 춘천시 우두동,경상사고,0,0,1,0,차대사람 - 기타,안전운전불이행,건조,맑음,단일로 - 기타,자전거,남,13세,상해없음,보행자,여,13세,경상
2014052700100414,2014년 5월 27일 16시,화요일,강원도 양양군 손양면,중상사고,0,2,2,0,차대차 - 측면직각충돌,안전운전불이행,건조,맑음,단일로 - 기타,화물,남,55세,상해없음,승용,남,52세,중상
2014052700100504,2014년 5월 27일 18시,화요일,강원도 춘천시 교동,경상사고,0,0,1,0,차대사람 - 기타,안전운전불이행,건조,맑음,단일로 - 기타,승용,여,44세,상해없음,보행자,여,29세,경상
2014052700100505,2014년 5월 27일 18시,화요일,강원도 원주시 단구동,경상사고,0,0,1,0,차대차 - 기타,직진우회전진행방해,건조,맑음,교차로 - 교차로안,화물,남,46세,상해없음,원동기,남,15세,경상
2014052700100539,2014년 5월 27일 19시,화요일,강원도 삼척시 도계읍,경상사고,0,0,1,0,차대사람 - 횡단중,안전운전불이행,건조,맑음,단일로 - 기타,승용,남,35세,상해없음,보행자,여,16세,경상
2014052700100562,2014년 5월 27일 20시,화요일,강원도 태백시 황지동,경상사고,0,0,3,0,차대차 - 기타,중앙선침범,건조,맑음,단일로 - 기타,승용,여,48세,경상,승용,여,47세,경상
2014052700100586,2014년 5월 27일 21시,화요일,강원도 원주시 개운동,경상사고,0,0,1,0,차대차 - 기타,중앙선침범,건조,맑음,교차로 - 교차로부근,승용,남,22세,상해없음,원동기,남,53세,경상
2014052700100642,2014년 5월 27일 23시,화요일,강원도 원주시 단계동,중상사고,0,1,1,0,차대차 - 기타,교차로운행방법위반,건조,맑음,교차로 - 교차로안,승용,남,31세,기타불명,승용,남,21세,중상