사고번호,사고일시,요일,시군구,사고내용,사망자수,중상자수,경상자수,부상신고자수,사고유형,법규위반,노면상태,기상상태,도로형태,가해운전자 차종,가해운전자 성별,가해운전자 연령,가해운전자 상해정도,피해운전자 차종,피해운전자 성별,피해운전자 연령,피해운전자 상해정도
2014060100100213,2014년 6월 1일 12시,일요일,강원도 홍천군 서면,경상사고,0,0,1,0,차대차 - 기타,교차로운행방법위반,건조,맑음,교차로 - 교차로안,승용,남,43세,상해없음,이륜,남,72세,경상
2014060100100260,2014년 6월 1일 14시,일요일,강원도 원주시 무실동,경상사고,0,0,2,0,차대차 - 측면직각충돌,신호위반,건조,흐림,교차로 - 교차로안,승용,여,27세,상해없음,승용,여,41세,경상
2014060100100261,2014년 6월 1일 14시,일요일,강원도 철원군 갈말읍,경상사고,0,0,3,0,차대차 - 측면직각충돌,안전운전불이행,건조,맑음,교차로 - 교차로안,승용,여,50세,경상,화물,남,67세,경상
2014060100100296,2014년 6월 1일 15시,일요일,강원도 원주시 태장동,경상사고,0,0,1,0,차대차 - 추돌 - 진행중,안전운전불이행,건조,맑음,교차로 - 교차로부근,승합,기타불명,기타불명,기타불명,승용,남,50세,경상
2014060100100297,2014년 6월 1일 15시,일요일,강원도 영월군 한반도면,중상사고,0,2,0,0,차대차 - 정면충돌,중앙선침범,건조,맑음,단일로 - 기타,화물,남,65세,상해없음,승용,남,49세,중상
2014060100100400,2014년 6월 1일 19시,일요일,강원도 홍천군 남면,경상사고,0,0,1,0,차량단독 - 기타,안전운전불이행,건조,맑음,단일로 - 기타,이륜,남,58세,경상,,,,
2014060100100401,2014년 6월 1일 19시,일요일,강원도 고성군 토성면,경상사고,0,0,1,0,차대차 - 추돌 - 진행중,안전운전불이행,건조,맑음,단일로 - 터널,승용,여,33세,상해없음,승합,남,44세,경상
2014060100100434,2014년 6월 1일 20시,일요일,강원도 동해시 효가동,경상사고,0,0,5,0,차대차 - 기타,직진우회전진행방해,건조,맑음,교차로 - 교차로안,승용,남,61세,경상,승용,남,51세,경상
2014060100100462,2014년 6월 1일 21시,일요일,강원도 춘천시 소양로1가,중상사고,0,1,0,0,차대차 - 기타,안전운전불이행,건조,맑음,단일로 - 기타,승용,여,55세,상해없음,자전거,남,17세,중상
2014060100100463,2014년 6월 1일 21시,일요일,강원도 강릉시 성내동,경상사고,0,0,1,0,차대사람 - 횡단중,안전운전불이행,건조,맑음,교차로 - 교차로안,화물,남,27세,상해없음,보행자,남,57세,경상
2014060100100464,2014년 6월 1일 21시,일요일,강원도 삼척시 도계읍,중상사고,0,1,0,0,차대사람 - 횡단중,안전운전불이행,건조,맑음,단일로 - 기타,자전거,남,59세,상해없음,보행자,남,34세,중상
2014060100100489,2014년 6월 1일 22시,일요일,강원도 춘천시 교동,경상사고,0,0,2,0,차대차 - 측면직각충돌,안전운전불이행,건조,맑음,교차로 - 교차로부근,승용,남,19세,상해없음,화물,여,48세,경상
2014060100100502,2014년 6월 1일 23시,일요일,강원도 춘천시 교동,경상사고,0,0,1,0,차대사람 - 기타,안전운전불이행,건조,맑음,단일로 - 기타,승합,남,68세,상해없음,보행자,남,53세,경상
2014060100100503,2014년 6월 1일 23시,일요일,강원도 강릉시 사천면,경상사고,0,0,1,0,차대차 - 추돌 - 주정차중,안전운전불이행,건조,맑음,교차로 - 교차로부근,승용,남,34세,상해없음,승용,여,49세,경상
2014060200100009,2014년 6월 2일 00시,월요일,강원도 춘천시 석사동,경상사고,0,0,3,0,차대차 - 기타,안전운전불이행,건조,맑음,교차로 - 교차로안,승용,남,52세,상해없음,승용,남,61세,경상
2014060200100028,2014년 6월 2일 02시,월요일,강원도 원주시 단계동,경상사고,0,0,3,0,차대차 - 측면직각충돌,안전운전불이행,건조,맑음,단일로 - 기타,승용,여,29세,상해없음,승용,남,40세,경상
2014060200100091,2014년 6월 2일 08시,월요일,강원도 춘천시 중앙로1가,경상사고,0,0,2,0,차대차 - 측면직각충돌,신호위반,건조,맑음,교차로 - 교차로안,승용,남,76세,상해없음,승용,남,42세,경상
2014060200100092,2014년 6월 2일 08시,월요일,강원도 춘천시 소양로1가,경상사고,0,0,1,0,차대차 - 기타,안전운전불이행,건조,맑음,단일로 - 기타,화물,남,63세,상해없음,자전거,남,27세,경상
2014060200100093,2014년 6월 2일 08시,월요일,강원도 원주시 일산동,중상사고,0,1,1,0,차대차 - 측면직각충돌,신호위반,건조,맑음,교차로 - 교차로안,승용,남,41세,상해없음,승용,남,38세,중상
2014060200100129,2014년 6월 2일 09시,월요일,강원도 원주시 단구동,경상사고,0,0,2,0,차대차 - 측면직각충돌,직진우회전진행방해,건조,흐림,교차로 - 교차로안,승용,여,48세,경상,승용,남,50세,경상
2014060200100130,2014년 6월 2일 09시,월요일,강원도 삼척시 당저동,경상사고,0,0,1,0,차대사람 - 횡단중,보행자보호의무위반,건조,맑음,교차로 - 교차로부근,승용,여,60세,상해없음,보행자,여,52세,경상
2014060200100131,2014년 6월 2일 09시,월요일,강원도 평창군 평창읍,중상사고,0,4,7,0,차대차 - 측면직각충돌,중앙선침범,건조,맑음,단일로 - 기타,승용,남,80세,상해없음,승용,남,40세,경상
2014060200100159,2014년 6월 2일 10시,월요일,강원도 동해시 망상동,경상사고,0,0,1,0,차대차 - 추돌 - 주정차중,안전운전불이행,건조,맑음,교차로 - 교차로부근,승용,남,70세,상해없음,화물,남,53세,경상
2014060200100200,2014년 6월 2일 11시,월요일,강원도 춘천시 퇴계동,경상사고,0,0,1,0,차대차 - 측면직각충돌,안전운전불이행,건조,맑음,교차로 - 교차로부근,승용,여,47세,상해없음,승용,여,23세,경상
2014060200100254,2014년 6월 2일 13시,월요일,강원도 삼척시 도계읍,사망사고,1,1,1,0,차대차 - 정면충돌,중앙선침범,건조,맑음,단일로 - 기타,승용,남,76세,중상,건설기계,남,37세,경상
2014060200100280,2014년 6월 2일 14시,월요일,강원도 원주시 평원동,경상사고,0,0,2,0,차대차 - 측면직각충돌,안전거리미확보,건조,흐림,교차로 - 교차로안,승합,남,58세,상해없음,승용,남,55세,경상
2014060200100281,2014년 6월 2일 14시,월요일,강원도 삼척시 남양동,경상사고,0,0,2,0,차대차 - 측면직각충돌,안전운전불이행,건조,흐림,교차로 - 교차로안,화물,남,39세,상해없음,승용,남,51세,경상
2014060200100320,2014년 6월 2일 15시,월요일,강원도 원주시 명륜동,중상사고,0,1,0,0,차대사람 - 기타,안전운전불이행,건조,맑음,단일로 - 기타,승용,남,54세,상해없음,보행자,여,78세,중상
2014060200100321,2014년 6월 2일 15시,월요일,강원도 동해시 용정동,경상사고,0,0,2,0,차대차 - 측면직각충돌,교차로운행방법위반,건조,흐림,교차로 - 교차로안,화물,남,49세,상해없음,승용,남,64세,경상
2014060200100322,2014년 6월 2일 15시,월요일,강원도 동해시 평릉동,경상사고,0,0,2,0,차대차 - 측면직각충돌,교차로운행방법위반,건조,맑음,교차로 - 교차로안,승용,남,53세,상해없음,승용,남,33세,경상
2014060200100323,2014년 6월 2일 15시,월요일,강원도 동해시 이로동,경상사고,0,0,1,0,차대차 - 기타,중앙선침범,건조,맑음,교차로 - 교차로부근,화물,남,56세,상해없음,승용,남,69세,경상
2014060200100430,2014년 6월 2일 18시,월요일,강원도 원주시 단구동,중상사고,0,1,0,0,차대사람 - 횡단중,보행자보호의무위반,건조,맑음,단일로 - 기타,승용,여,53세,상해없음,보행자,여,11세,중상
2014060200100431,2014년 6월 2일 18시,월요일,강원도 원주시 개운동,경상사고,0,0,1,0,차대차 - 측면직각충돌,안전운전불이행,건조,맑음,단일로 - 기타,기타불명,기타불명,기타불명,기타불명,자전거,남,12세,경상
2014060200100461,2014년 6월 2일 19시,월요일,강원도 원주시 호저면,중상사고,0,1,0,0,차대차 - 기타,차로위반,습기,흐림,단일로 - 기타,승용,남,40세,상해없음,화물,남,57세,중상
2014060200100462,2014년 6월 2일 19시,월요일,강원도 태백시 황지동,중상사고,0,1,10,0,차대차 - 추돌 - 주정차중,안전거리미확보,건조,맑음,단일로 - 기타,승용,남,62세,경상,승용,남,65세,중상
2014060200100500,2014년 6월 2일 20시,월요일,강원도 강릉시 교동,경상사고,0,0,4,0,차대차 - 기타,안전운전불이행,건조,맑음,교차로 - 교차로안,승용,남,18세,상해없음,승용,여,41세,경상
2014060200100501,2014년 6월 2일 20시,월요일,강원도 원주시 명륜동,경상사고,0,0,2,0,차대차 - 측면직각충돌,안전운전불이행,건조,맑음,단일로 - 기타,승용,여,52세,상해없음,승합,남,36세,경상
2014060200100502,2014년 6월 2일 20시,월요일,강원도 동해시 천곡동,경상사고,0,0,1,0,차대차 - 기타,안전운전불이행,건조,흐림,단일로 - 기타,승용,여,50세,상해없음,승용,남,61세,상해없음
2014060200100545,2014년 6월 2일 21시,월요일,강원도 춘천시 근화동,경상사고,0,0,1,0,차대차 - 추돌 - 진행중,안전운전불이행,건조,맑음,교차로 - 교차로부근,승용,여,51세,상해없음,승용,여,39세,경상
2014060200100546,2014년 6월 2일 21시,월요일,강원도 원주시 문막읍,경상사고,0,0,1,0,차대사람 - 기타,안전운전불이행,건조,맑음,단일로 - 기타,화물,남,30세,상해없음,보행자,여,17세,경상
2014060200100594,2014년 6월 2일 22시,월요일,강원도 춘천시 동내면,사망사고,1,0,15,1,차대차 - 측면직각충돌,교차로운행방법위반,건조,맑음,교차로 - 교차로안,화물,남,47세,사망,승합,남,42세,경상
2014060200100637,2014년 6월 2일 23시,월요일,강원도 춘천시 석사동,경상사고,0,0,2,0,차대차 - 측면직각충돌,중앙선침범,건조,맑음,교차로 - 교차로부근,승용,남,46세,상해없음,승용,남,39세,경상
2014060200100638,2014년 6월 2일 23시,월요일,강원도 원주시 우산동,경상사고,0,0,1,0,차대사람 - 기타,안전운전불이행,건조,맑음,단일로 - 기타,승용,남,28세,상해없음,보행자,여,37세,경상
2014060300100096,2014년 6월 3일 06시,화요일,강원도 춘천시 근화동,경상사고,0,0,1,0,차량단독 - 공작물충돌,안전운전불이행,습기,비,단일로 - 기타,화물,남,57세,상해없음,,,,
2014060300100121,2014년 6월 3일 07시,화요일,강원도 원주시 문막읍,중상사고,0,1,4,0,차대차 - 측면직각충돌,직진우회전진행방해,습기,비,교차로 - 교차로안,승용,남,44세,상해없음,승용,여,39세,경상
2014060300100122,2014년 6월 3일 07시,화요일,강원도 홍천군 홍천읍,경상사고,0,0,1,0,차대차 - 기타,직진우회전진행방해,건조,맑음,교차로 - 교차로안,화물,남,71세,상해없음,승용,남,38세,상해없음
2014060300100163,2014년 6월 3일 08시,화요일,강원도 속초시 교동,경상사고,0,0,1,0,차대사람 - 횡단중,안전운전불이행,건조,맑음,교차로 - 교차로부근,기타불명,기타불명,기타불명,기타불명,보행자,여,13세,경상
2014060300100202,2014년 6월 3일 09시,화요일,강원도 춘천시 석사동,경상사고,0,0,1,0,차대차 - 측면직각충돌,안전운전불이행,건조,맑음,교차로 - 교차로안,승용,여,58세,상해없음,승용,여,36세,경상
2014060300100233,2014년 6월 3일 10시,화요일,강원도 삼척시 미로면,경상사고,0,0,4,0,차대차 - 추돌 - 진행중,안전운전불이행,건조,맑음,단일로 - 기타,화물,남,57세,상해없음,승용,남,53세,경상
2014060300100257,2014년 6월 3일 11시,화요일,강원도 삼척시 가곡면,경상사고,0,0,1,0,차량단독 - 도로외이탈 - 추락,안전운전불이행,건조,맑음,단일로 - 기타,승용,남,43세,상해없음,,,,
2014060300100258,2014년 6월 3일 11시,화요일,강원도 춘천시 동산면,경상사고,0,0,2,0,차대차 - 추돌 - 진행중,안전거리미확보,건조,맑음,단일로 - 터널,승용,남,44세,상해없음,승용,남,20세,경상
2014060300100291,2014년 6월 3일 12시,화요일,강원도 태백시 황지동,경상사고,0,0,1,0,차대차 - 기타,안전운전불이행,건조,흐림,교차로 - 교차로안,화물,여,62세,상해없음,자전거,남,68세,경상
2014060300100314,2014년 6월 3일 13시,화요일,강원도 춘천시 중앙로1가,경상사고,0,0,1,0,차대차 - 추돌 - 주정차중,안전운전불이행,건조,맑음,교차로 - 교차로부근,승용,여,39세,상해없음,이륜,남,28세,경상
2014060300100315,2014년 6월 3일 13시,화요일,강원도 강릉시 강문동,경상사고,0,0,1,0,차량단독 - 기타,안전운전불이행,건조,맑음,단일로 - 기타,승합,남,68세,상해없음,,,,
2014060300100349,2014년 6월 3일 14시,화요일,강원도 원주시 중앙동,중상사고,0,1,0,0,차대차 - 측면직각충돌,안전운전불이행,건조,맑음,교차로 - 교차로부근,승용,여,53세,상해없음,자전거,남,59세,중상
2014060300100350,2014년 6월 3일 14시,화요일,강원도 속초시 조양동,중상사고,0,1,0,0,차대차 - 측면직각충돌,신호위반,건조,맑음,교차로 - 교차로안,승용,남,70세,중상,승용,남,56세,상해없음
2014060300100351,2014년 6월 3일 14시,화요일,강원도 화천군 간동면,부상신고사고,0,0,0,2,차대차 - 측면직각충돌,안전운전불이행,습기,흐림,단일로 - 기타,화물,남,60세,상해없음,화물,남,34세,부상신고
2014060300100382,2014년 6월 3일 15시,화요일,강원도 원주시 인동,경상사고,0,0,1,0,차대차 - 기타,안전운전불이행,건조,맑음,교차로 - 교차로안,승용,여,73세,상해없음,자전거,남,73세,경상
2014060300100383,2014년 6월 3일 15시,화요일,강원도 원주시 단구동,중상사고,0,1,2,0,차대차 - 기타,중앙선침범,건조,맑음,단일로 - 기타,승용,여,56세,상해없음,승용,여,35세,중상
2014060300100421,2014년 6월 3일 16시,화요일,강원도 원주시 태장동,중상사고,0,1,0,0,차대차 - 측면직각충돌,안전운전불이행,건조,맑음,교차로 - 교차로안,승용,여,59세,상해없음,자전거,남,6세,중상
2014060300100453,2014년 6월 3일 17시,화요일,강원도 원주시 개운동,경상사고,0,0,2,0,차대차 - 기타,교차로운행방법위반,건조,맑음,교차로 - 교차로안,승용,남,71세,상해없음,승용,남,46세,상해없음
2014060300100454,2014년 6월 3일 17시,화요일,강원도 원주시 단계동,경상사고,0,0,1,0,차대차 - 기타,안전운전불이행,건조,맑음,기타 - 기타,승용,여,54세,상해없음,승용,여,26세,경상
2014060300100505,2014년 6월 3일 18시,화요일,강원도 속초시 교동,경상사고,0,0,2,0,차대차 - 측면직각충돌,교차로운행방법위반,건조,맑음,교차로 - 교차로안,승용,남,23세,경상,승용,여,43세,경상
2014060300100603,2014년 6월 3일 21시,화요일,강원도 춘천시 신북읍,경상사고,0,0,1,1,차대차 - 기타,안전운전불이행,건조,기타,교차로 - 교차로안,승용,남,60세,상해없음,승용,여,57세,부상신고
2014060300100604,2014년 6월 3일 21시,화요일,강원도 강릉시 홍제동,경상사고,0,0,1,0,차대차 - 측면직각충돌,안전운전불이행,습기,비,단일로 - 기타,기타불명,기타불명,기타불명,기타불명,원동기,남,19세,경상
2014060300100688,2014년 6월 3일 23시,화요일,강원도 삼척시 정상동,경상사고,0,0,1,0,차대차 - 측면직각충돌,안전운전불이행,건조,맑음,교차로 - 교차로안,승용,남,21세,상해없음,승용,여,25세,경상
2014060400100151,2014년 6월 4일 08시,수요일,강원도 원주시 명륜동,중상사고,0,1,0,0,차대차 - 기타,교차로운행방법위반,건조,맑음,교차로 - 교차로안,승용,남,58세,상해없음,원동기,여,65세,중상
2014060400100171,2014년 6월 4일 09시,수요일,강원도 춘천시 온의동,경상사고,0,0,4,0,차대차 - 측면직각충돌,신호위반,건조,맑음,교차로 - 교차로안,승용,남,35세,상해없음,승용,남,58세,경상
2014060400100200,2014년 6월 4일 10시,수요일,강원도 춘천시 근화동,경상사고,0,0,2,0,차대차 - 추돌 - 진행중,안전운전불이행,건조,맑음,단일로 - 기타,승용,남,59세,상해없음,승용,여,47세,경상
2014060400100201,2014년 6월 4일 10시,수요일,강원도 원주시 일산동,경상사고,0,0,1,0,차대차 - 기타,안전거리미확보,건조,맑음,단일로 - 기타,승용,여,38세,상해없음,승합,남,51세,상해없음
2014060400100267,2014년 6월 4일 12시,수요일,강원도 원주시 학성동,경상사고,0,0,1,0,차대차 - 기타,안전운전불이행,건조,맑음,교차로 - 교차로부근,승용,남,53세,기타불명,자전거,남,58세,경상
2014060400100268,2014년 6월 4일 12시,수요일,강원도 삼척시 남양동,중상사고,0,1,1,0,차대차 - 측면직각충돌,교차로운행방법위반,건조,맑음,교차로 - 교차로안,승용,여,50세,중상,승용,남,25세,경상
2014060400100269,2014년 6월 4일 12시,수요일,강원도 홍천군 서면,경상사고,0,0,1,0,차대사람 - 기타,안전운전불이행,건조,맑음,기타 - 기타,승용,남,55세,상해없음,보행자,남,27세,경상
2014060400100300,2014년 6월 4일 13시,수요일,강원도 화천군 하남면,경상사고,0,0,1,0,차대차 - 측면직각충돌,안전운전불이행,건조,맑음,기타 - 기타,승용,남,49세,기타불명,승용,남,34세,경상
2014060400100332,2014년 6월 4일 14시,수요일,강원도 춘천시 소양로1가,경상사고,0,0,1,0,차대차 - 측면직각충돌,안전운전불이행,건조,맑음,단일로 - 횡단보도상,승용,여,37세,상해없음,자전거,남,57세,경상
2014060400100333,2014년 6월 4일 14시,수요일,강원도 원주시 단계동,중상사고,0,1,1,0,차량단독 - 기타,안전거리미확보,건조,맑음,단일로 - 기타,승용,남,57세,상해없음,,,,
2014060400100358,2014년 6월 4일 15시,수요일,강원도 인제군 북면,경상사고,0,0,5,0,차대차 - 측면직각충돌,중앙선침범,건조,맑음,단일로 - 기타,승용,여,29세,상해없음,승용,남,51세,경상
2014060400100359,2014년 6월 4일 15시,수요일,강원도 고성군 토성면,경상사고,0,0,3,0,차대차 - 추돌 - 주정차중,안전운전불이행,건조,맑음,단일로 - 기타,승용,여,25세,상해없음,승용,여,49세,경상
2014060400100360,2014년 6월 4일 15시,수요일,강원도 동해시 송정동,경상사고,0,0,1,0,차대차 - 측면직각충돌,안전거리미확보,건조,맑음,교차로 - 교차로부근,승용,남,48세,상해없음,승용,남,41세,경상
2014060400100433,2014년 6월 4일 17시,수요일,강원도 원주시 명륜동,경상사고,0,0,2,0,차대차 - 기타,안전운전불이행,건조,맑음,교차로 - 교차로부근,승용,남,47세,기타불명,승용,남,59세,경상
2014060400100473,2014년 6월 4일 18시,수요일,강원도 춘천시 후평동,경상사고,0,0,1,0,차대차 - 측면직각충돌,안전운전불이행,건조,맑음,단일로 - 기타,승용,남,47세,상해없음,이륜,남,19세,경상
2014060400100474,2014년 6월 4일 18시,수요일,강원도 춘천시 근화동,경상사고,0,0,1,0,차대차 - 측면직각충돌,교차로운행방법위반,건조,맑음,교차로 - 교차로안,화물,남,53세,상해없음,승용,여,28세,경상
2014060400100475,2014년 6월 4일 18시,수요일,강원도 원주시 무실동,경상사고,0,0,1,0,차대차 - 기타,불법유턴,건조,맑음,단일로 - 기타,승용,남,58세,상해없음,원동기,남,29세,경상
2014060400100476,2014년 6월 4일 18시,수요일,강원도 동해시 삼화동,중상사고,0,1,0,0,차량단독 - 공작물충돌,안전운전불이행,건조,흐림,단일로 - 기타,화물,남,62세,상해없음,,,,
2014060400100477,2014년 6월 4일 18시,수요일,강원도 동해시 천곡동,경상사고,0,0,1,0,차대차 - 기타,안전거리미확보,건조,맑음,단일로 - 기타,승용,남,60세,상해없음,승합,남,52세,상해없음
2014060400100507,2014년 6월 4일 19시,수요일,강원도 원주시 태장동,경상사고,0,0,1,0,차대차 - 기타,신호위반,건조,맑음,교차로 - 교차로부근,승용,남,18세,상해없음,승용,여,59세,경상
2014060400100508,2014년 6월 4일 19시,수요일,강원도 영월군 김삿갓면,경상사고,0,0,1,0,차대사람 - 차도통행중,안전운전불이행,건조,맑음,단일로 - 기타,화물,남,64세,상해없음,보행자,여,60세,경상
2014060400100588,2014년 6월 4일 21시,수요일,강원도 강릉시 강동면,경상사고,0,0,1,0,차대차 - 기타,안전운전불이행,습기,비,교차로 - 교차로부근,승용,남,69세,상해없음,승용,남,51세,경상
2014060400100589,2014년 6월 4일 21시,수요일,강원도 원주시 단계동,경상사고,0,0,1,0,차대사람 - 횡단중,보행자보호의무위반,건조,맑음,교차로 - 교차로안,승용,남,28세,상해없음,보행자,여,17세,경상
2014060400100590,2014년 6월 4일 21시,수요일,강원도 원주시 단계동,경상사고,0,0,5,0,차대차 - 추돌 - 주정차중,안전거리미확보,건조,맑음,교차로 - 교차로부근,승용,남,51세,상해없음,승용,남,54세,상해없음
2014060400100645,2014년 6월 4일 23시,수요일,강원도 원주시 단구동,경상사고,0,0,1,0,차대차 - 기타,신호위반,건조,흐림,교차로 - 교차로안,원동기,남,16세,상해없음,승용,남,30세,경상
2014060400100646,2014년 6월 4일 23시,수요일,강원도 속초시 교동,경상사고,0,0,1,0,차대차 - 추돌 - 진행중,신호위반,건조,맑음,교차로 - 교차로부근,승용,남,40세,상해없음,승용,여,32세,경상
2014060500100019,2014년 6월 5일 01시,목요일,강원도 원주시 무실동,사망사고,1,0,1,0,차대사람 - 차도통행중,안전운전불이행,건조,흐림,단일로 - 기타,승용,남,49세,상해없음,보행자,남,25세,사망
2014060500100083,2014년 6월 5일 06시,목요일,강원도 원주시 개운동,경상사고,0,0,1,0,차대차 - 추돌 - 진행중,기타,건조,흐림,단일로 - 기타,승용,남,74세,상해없음,승용,여,53세,경상
2014060500100084,2014년 6월 5일 06시,목요일,강원도 고성군 토성면,경상사고,0,0,2,0,차대사람 - 차도통행중,안전운전불이행,습기,비,단일로 - 기타,승용,남,32세,상해없음,보행자,남,21세,경상
2014060500100085,2014년 6월 5일 06시,목요일,강원도 철원군 철원읍,경상사고,0,0,1,0,차대차 - 측면직각충돌,교차로운행방법위반,건조,맑음,교차로 - 교차로안,승합,남,21세,상해없음,화물,남,70세,경상
2014060500100101,2014년 6월 5일 07시,목요일,강원도 삼척시 도계읍,경상사고,0,0,2,0,차대차 - 정면충돌,중앙선침범,습기,흐림,단일로 - 기타,승용,남,53세,경상,승용,남,38세,경상
2014060500100102,2014년 6월 5일 07시,목요일,강원도 홍천군 서석면,중상사고,0,1,0,0,차대차 - 기타,안전운전불이행,건조,맑음,단일로 - 기타,이륜,여,72세,중상,승용,남,37세,상해없음
2014060500100124,2014년 6월 5일 08시,목요일,강원도 원주시 문막읍,경상사고,0,0,1,0,차대차 - 측면직각충돌,안전운전불이행,건조,맑음,교차로 - 교차로안,승용,남,55세,상해없음,자전거,남,12세,경상
2014060500100125,2014년 6월 5일 08시,목요일,강원도 양양군 양양읍,중상사고,0,1,0,0,차대차 - 측면직각충돌,신호위반,습기,비,교차로 - 교차로안,화물,남,66세,상해없음,승용,여,38세,중상
2014060500100186,2014년 6월 5일 10시,목요일,강원도 춘천시 신동면,경상사고,0,0,1,0,차대차 - 추돌 - 주정차중,안전운전불이행,건조,맑음,교차로 - 교차로부근,기타불명,남,23세,상해없음,승용,여,52세,경상
2014060500100187,2014년 6월 5일 10시,목요일,강원도 강릉시 성남동,중상사고,0,1,0,0,차대사람 - 기타,안전운전불이행,기타,기타,기타 - 기타,화물,남,60세,상해없음,보행자,여,62세,중상
2014060500100277,2014년 6월 5일 13시,목요일,강원도 춘천시 신북읍,경상사고,0,0,2,0,차대차 - 기타,안전운전불이행,건조,맑음,기타 - 기타,승용,남,76세,상해없음,승합,남,47세,경상
2014060500100278,2014년 6월 5일 13시,목요일,강원도 춘천시 효자동,중상사고,0,1,0,0,차대차 - 기타,신호위반,건조,맑음,교차로 - 교차로안,자전거,남,21세,상해없음,원동기,남,29세,중상
2014060500100314,2014년 6월 5일 14시,목요일,강원도 강릉시 교동,경상사고,0,0,1,0,차대차 - 측면직각충돌,신호위반,건조,맑음,교차로 - 교차로안,승용,여,45세,상해없음,승용,여,33세,경상
2014060500100343,2014년 6월 5일 15시,목요일,강원도 원주시 무실동,경상사고,0,0,1,0,차대차 - 측면직각충돌,차로위반,건조,흐림,교차로 - 교차로안,승용,여,39세,상해없음,승용,여,35세,경상
2014060500100374,2014년 6월 5일 16시,목요일,강원도 원주시 판부면,중상사고,0,1,0,0,차대차 - 추돌 - 진행중,안전거리미확보,건조,맑음,단일로 - 기타,화물,남,44세,상해없음,자전거,남,6세,중상
2014060500100375,2014년 6월 5일 16시,목요일,강원도 홍천군 홍천읍,경상사고,0,0,2,0,차대차 - 기타,중앙선침범,건조,맑음,단일로 - 기타,승용,남,63세,상해없음,승용,남,35세,경상
2014060500100376,2014년 6월 5일 16시,목요일,강원도 동해시 동회동,경상사고,0,0,1,0,차대사람 - 횡단중,안전운전불이행,건조,맑음,기타 - 기타,승용,남,71세,상해없음,보행자,여,5세,경상
2014060500100409,2014년 6월 5일 17시,목요일,강원도 태백시 황지동,중상사고,0,1,0,0,차대차 - 추돌 - 주정차중,안전거리미확보,건조,흐림,교차로 - 교차로부근,승용,남,40세,상해없음,승용,남,51세,상해없음
2014060500100470,2014년 6월 5일 19시,목요일,강원도 삼척시 남양동,중상사고,0,1,0,0,차대사람 - 횡단중,보행자보호의무위반,건조,맑음,단일로 - 횡단보도상,승용,남,68세,상해없음,보행자,남,9세,중상
2014060500100471,2014년 6월 5일 19시,목요일,강원도 평창군 대화면,중상사고,0,1,0,1,차대차 - 측면직각충돌,신호위반,건조,맑음,교차로 - 교차로안,승용,남,43세,상해없음,승용,남,74세,중상
2014060500100502,2014년 6월 5일 20시,목요일,강원도 동해시 천곡동,경상사고,0,0,2,0,차대차 - 추돌 - 진행중,중앙선침범,건조,흐림,단일로 - 기타,승용,남,65세,상해없음,승용,남,43세,경상
2014060500100545,2014년 6월 5일 21시,목요일,강원도 강릉시 교동,경상사고,0,0,1,0,차대차 - 기타,안전운전불이행,건조,맑음,교차로 - 교차로부근,화물,남,51세,상해없음,승용,남,53세,경상
2014060500100618,2014년 6월 5일 23시,목요일,강원도 강릉시 내곡동,경상사고,0,0,1,0,차대차 - 기타,안전운전불이행,건조,맑음,교차로 - 교차로안,이륜,남,48세,상해없음,이륜,남,21세,경상
2014060500100619,2014년 6월 5일 23시,목요일,강원도 원주시 개운동,부상신고사고,0,0,0,1,차대차 - 측면직각충돌,안전운전불이행,건조,맑음,교차로 - 교차로안,승용,남,65세,상해없음,자전거,남,12세,부상신고
2014060500100620,2014년 6월 5일 23시,목요일,강원도 홍천군 남면,경상사고,0,0,1,0,차량단독 - 기타,안전운전불이행,건조,맑음,단일로 - 기타,승용,남,18세,상해없음,,,,
2014060600100025,2014년 6월 6일 01시,금요일,강원도 강릉시 대전동,경상사고,0,0,1,0,차대차 - 기타,안전운전불이행,건조,맑음,단일로 - 기타,승용,여,48세,상해없음,승용,남,29세,경상
2014060600100026,2014년 6월 6일 01시,금요일,강원도 원주시 태장동,중상사고,0,1,0,0,차량단독 - 기타,안전운전불이행,건조,맑음,단일로 - 기타,이륜,남,20세,상해없음,,,,
2014060600100078,2014년 6월 6일 05시,금요일,강원도 동해시 북평동,사망사고,2,0,0,0,차대차 - 기타,안전운전불이행,건조,맑음,단일로 - 기타,승용,남,28세,사망,화물,남,52세,상해없음
2014060600100099,2014년 6월 6일 06시,금요일,강원도 강릉시 옥천동,중상사고,0,3,7,0,차대차 - 기타,교차로운행방법위반,건조,맑음,교차로 - 교차로안,화물,남,44세,상해없음,승합,남,54세,경상
2014060600100113,2014년 6월 6일 07시,금요일,강원도 인제군 북면,중상사고,0,3,3,0,차대차 - 추돌 - 주정차중,안전거리미확보,건조,맑음,교차로 - 교차로부근,승용,남,72세,상해없음,승용,남,41세,중상
2014060600100114,2014년 6월 6일 07시,금요일,강원도 인제군 기린면,중상사고,0,1,0,0,차대차 - 측면직각충돌,안전운전불이행,건조,흐림,단일로 - 기타,화물,남,56세,상해없음,승용,남,25세,중상
2014060600100129,2014년 6월 6일 08시,금요일,강원도 강릉시 주문진읍,경상사고,0,0,1,0,차대차 - 기타,안전운전불이행,건조,맑음,단일로 - 기타,승용,남,76세,상해없음,자전거,남,62세,경상