사고번호,사고일시,요일,시군구,사고내용,사망자수,중상자수,경상자수,부상신고자수,사고유형,법규위반,노면상태,기상상태,도로형태,가해운전자 차종,가해운전자 성별,가해운전자 연령,가해운전자 상해정도,피해운전자 차종,피해운전자 성별,피해운전자 연령,피해운전자 상해정도
2014060600100130,2014년 6월 6일 08시,금요일,강원도 강릉시 교동,경상사고,0,0,2,0,차대차 - 기타,불법유턴,건조,맑음,단일로 - 기타,승용,남,55세,상해없음,승합,남,26세,경상
2014060600100179,2014년 6월 6일 10시,금요일,강원도 춘천시 소양로1가,경상사고,0,0,1,0,차대차 - 기타,안전거리미확보,건조,맑음,교차로 - 교차로부근,화물,남,46세,상해없음,자전거,남,74세,경상
2014060600100180,2014년 6월 6일 10시,금요일,강원도 춘천시 동내면,경상사고,0,0,1,0,차대차 - 측면직각충돌,안전운전불이행,건조,맑음,교차로 - 교차로안,승용,여,23세,상해없음,승용,남,60세,경상
2014060600100181,2014년 6월 6일 10시,금요일,강원도 홍천군 남면,경상사고,0,0,1,0,차대차 - 기타,기타,건조,맑음,미분류 - 미분류,이륜,남,32세,상해없음,자전거,남,28세,경상
2014060600100205,2014년 6월 6일 11시,금요일,강원도 횡성군 우천면,중상사고,0,1,0,0,차대차 - 기타,중앙선침범,건조,맑음,단일로 - 기타,기타불명,기타불명,기타불명,기타불명,이륜,남,38세,중상
2014060600100226,2014년 6월 6일 12시,금요일,강원도 강릉시 주문진읍,중상사고,0,1,1,0,차대사람 - 기타,안전운전불이행,건조,맑음,단일로 - 기타,승용,남,44세,상해없음,보행자,여,45세,중상
2014060600100258,2014년 6월 6일 13시,금요일,강원도 원주시 가현동,경상사고,0,0,1,0,차대차 - 추돌 - 진행중,안전운전불이행,건조,맑음,교차로 - 교차로부근,승용,남,57세,기타불명,승용,여,43세,경상
2014060600100259,2014년 6월 6일 13시,금요일,강원도 홍천군 두촌면,중상사고,0,1,0,0,차대차 - 기타,안전운전불이행,건조,맑음,단일로 - 기타,이륜,남,19세,상해없음,자전거,남,28세,중상
2014060600100304,2014년 6월 6일 14시,금요일,강원도 강릉시 사천면,경상사고,0,0,1,0,차대차 - 기타,안전운전불이행,건조,맑음,단일로 - 기타,승용,남,34세,상해없음,자전거,남,55세,경상
2014060600100335,2014년 6월 6일 15시,금요일,강원도 원주시 평원동,경상사고,0,0,1,0,차대차 - 추돌 - 진행중,안전운전불이행,건조,기타,단일로 - 기타,승용,남,60세,기타불명,승용,남,37세,경상
2014060600100336,2014년 6월 6일 15시,금요일,강원도 철원군 갈말읍,중상사고,0,1,0,0,차대차 - 추돌 - 주정차중,안전운전불이행,건조,맑음,교차로 - 교차로부근,승용,남,45세,상해없음,승용,여,22세,상해없음
2014060600100371,2014년 6월 6일 16시,금요일,강원도 강릉시 주문진읍,부상신고사고,0,0,0,2,차대차 - 기타,안전운전불이행,건조,맑음,단일로 - 기타,승용,남,47세,상해없음,승용,남,63세,상해없음
2014060600100372,2014년 6월 6일 16시,금요일,강원도 원주시 호저면,경상사고,0,0,1,0,차대차 - 측면직각충돌,직진우회전진행방해,건조,맑음,교차로 - 교차로안,화물,남,59세,상해없음,이륜,남,67세,경상
2014060600100410,2014년 6월 6일 17시,금요일,강원도 강릉시 포남동,경상사고,0,0,4,0,차대차 - 추돌 - 진행중,안전운전불이행,건조,맑음,단일로 - 기타,승용,여,39세,상해없음,승용,남,41세,경상
2014060600100411,2014년 6월 6일 17시,금요일,강원도 원주시 우산동,경상사고,0,0,7,0,차대차 - 기타,안전거리미확보,건조,맑음,단일로 - 기타,승용,남,62세,상해없음,승용,여,39세,경상
2014060600100412,2014년 6월 6일 17시,금요일,강원도 홍천군 화촌면,중상사고,0,1,2,0,차대차 - 기타,안전거리미확보,건조,맑음,단일로 - 기타,승용,남,46세,상해없음,승용,남,50세,중상
2014060600100453,2014년 6월 6일 18시,금요일,강원도 춘천시 온의동,경상사고,0,0,1,0,차대차 - 측면직각충돌,교차로운행방법위반,건조,맑음,교차로 - 교차로안,승용,여,33세,상해없음,승용,남,63세,경상
2014060600100521,2014년 6월 6일 20시,금요일,강원도 철원군 동송읍,경상사고,0,0,1,0,차대차 - 측면직각충돌,안전운전불이행,건조,맑음,기타 - 기타,승용,남,76세,상해없음,이륜,남,55세,경상
2014060600100553,2014년 6월 6일 21시,금요일,강원도 원주시 흥업면,사망사고,1,0,0,0,차대사람 - 횡단중,안전운전불이행,건조,맑음,단일로 - 기타,승용,남,57세,상해없음,보행자,여,72세,사망
2014060600100554,2014년 6월 6일 21시,금요일,강원도 속초시 대포동,경상사고,0,0,1,0,차대차 - 기타,안전운전불이행,건조,맑음,교차로 - 교차로부근,승용,남,39세,상해없음,특수,남,28세,경상
2014060700100104,2014년 6월 7일 07시,토요일,강원도 춘천시 우두동,경상사고,0,0,1,0,차대차 - 측면직각충돌,안전운전불이행,건조,맑음,교차로 - 교차로안,승용,남,26세,상해없음,승용,남,49세,경상
2014060700100144,2014년 6월 7일 09시,토요일,강원도 동해시 망상동,경상사고,0,0,2,0,차대차 - 기타,직진우회전진행방해,건조,맑음,교차로 - 교차로부근,승용,남,39세,상해없음,승용,여,43세,경상
2014060700100173,2014년 6월 7일 10시,토요일,강원도 강릉시 주문진읍,경상사고,0,0,1,0,차대차 - 기타,안전운전불이행,건조,맑음,단일로 - 기타,승용,여,35세,상해없음,화물,남,55세,경상
2014060700100198,2014년 6월 7일 11시,토요일,강원도 원주시 무실동,경상사고,0,0,7,0,차대차 - 기타,안전거리미확보,건조,맑음,단일로 - 기타,승용,남,23세,상해없음,승용,남,32세,경상
2014060700100199,2014년 6월 7일 11시,토요일,강원도 원주시 흥업면,중상사고,0,2,3,0,차대차 - 기타,신호위반,건조,맑음,교차로 - 교차로안,건설기계,남,63세,상해없음,승용,남,53세,중상
2014060700100200,2014년 6월 7일 11시,토요일,강원도 홍천군 서석면,경상사고,0,0,1,0,차대차 - 기타,직진우회전진행방해,건조,맑음,교차로 - 교차로안,승용,여,54세,상해없음,기타불명,남,78세,상해없음
2014060700100233,2014년 6월 7일 12시,토요일,강원도 춘천시 석사동,경상사고,0,0,1,0,차대사람 - 기타,안전운전불이행,건조,맑음,단일로 - 기타,승용,여,40세,상해없음,보행자,남,14세,경상
2014060700100234,2014년 6월 7일 12시,토요일,강원도 강릉시 옥천동,경상사고,0,0,1,0,차대사람 - 기타,안전운전불이행,건조,맑음,단일로 - 기타,자전거,남,13세,상해없음,보행자,여,50세,경상
2014060700100235,2014년 6월 7일 12시,토요일,강원도 속초시 설악동,경상사고,0,0,4,0,차대차 - 추돌 - 주정차중,안전운전불이행,건조,맑음,교차로 - 교차로안,승용,남,64세,상해없음,승용,남,48세,경상
2014060700100236,2014년 6월 7일 12시,토요일,강원도 화천군 하남면,경상사고,0,0,1,0,차량단독 - 공작물충돌,안전운전불이행,건조,맑음,단일로 - 기타,승용,남,69세,상해없음,,,,
2014060700100237,2014년 6월 7일 12시,토요일,강원도 정선군 고한읍,사망사고,1,0,0,1,차량단독 - 기타,기타,건조,맑음,단일로 - 기타,승용,남,62세,사망,,,,
2014060700100274,2014년 6월 7일 13시,토요일,강원도 춘천시 온의동,경상사고,0,0,1,0,차대차 - 기타,안전운전불이행,건조,맑음,기타 - 기타,화물,남,65세,상해없음,승용,여,48세,경상
2014060700100308,2014년 6월 7일 14시,토요일,강원도 춘천시 온의동,경상사고,0,0,2,0,차대사람 - 기타,안전운전불이행,건조,맑음,기타 - 기타,승용,남,78세,상해없음,보행자,여,65세,경상
2014060700100309,2014년 6월 7일 14시,토요일,강원도 양양군 현남면,중상사고,0,1,0,0,차대차 - 측면직각충돌,안전운전불이행,건조,맑음,교차로 - 교차로안,승용,여,59세,상해없음,이륜,남,69세,중상
2014060700100310,2014년 6월 7일 14시,토요일,강원도 원주시 가현동,중상사고,0,1,1,0,차대차 - 기타,안전운전불이행,건조,맑음,단일로 - 기타,승용,남,20세,상해없음,승용,남,34세,경상
2014060700100396,2014년 6월 7일 16시,토요일,강원도 횡성군 둔내면,중상사고,0,1,0,0,차대차 - 기타,안전거리미확보,건조,맑음,기타 - 기타,기타불명,기타불명,기타불명,기타불명,승용,남,43세,상해없음
2014060700100431,2014년 6월 7일 17시,토요일,강원도 춘천시 후평동,경상사고,0,0,2,0,차대차 - 측면직각충돌,신호위반,건조,맑음,교차로 - 교차로안,승용,여,25세,상해없음,승용,여,36세,경상
2014060700100432,2014년 6월 7일 17시,토요일,강원도 춘천시 동면,경상사고,0,0,1,0,차대차 - 기타,안전운전불이행,건조,맑음,교차로 - 교차로안,승용,남,52세,상해없음,승용,여,42세,경상
2014060700100433,2014년 6월 7일 17시,토요일,강원도 원주시 단계동,중상사고,0,1,0,0,차대사람 - 횡단중,보행자보호의무위반,건조,맑음,교차로 - 교차로안,승용,남,47세,상해없음,보행자,남,55세,중상
2014060700100540,2014년 6월 7일 20시,토요일,강원도 춘천시 석사동,경상사고,0,0,1,0,차대차 - 측면직각충돌,교차로운행방법위반,건조,맑음,교차로 - 교차로안,승용,남,48세,상해없음,이륜,남,16세,경상
2014060700100541,2014년 6월 7일 20시,토요일,강원도 강릉시 교동,경상사고,0,0,1,0,차대차 - 기타,안전운전불이행,건조,맑음,교차로 - 교차로부근,승용,여,27세,상해없음,승용,여,54세,경상
2014060700100542,2014년 6월 7일 20시,토요일,강원도 홍천군 화촌면,중상사고,0,1,4,1,차대차 - 기타,중앙선침범,습기,비,단일로 - 기타,승용,남,47세,부상신고,승용,남,40세,경상
2014060700100543,2014년 6월 7일 20시,토요일,강원도 철원군 동송읍,경상사고,0,0,1,0,차대차 - 측면직각충돌,안전운전불이행,건조,맑음,단일로 - 기타,승합,여,38세,상해없음,원동기,남,19세,경상
2014060700100573,2014년 6월 7일 21시,토요일,강원도 강릉시 교동,경상사고,0,0,1,0,차대차 - 기타,안전운전불이행,건조,맑음,교차로 - 교차로부근,승용,남,51세,상해없음,승용,남,28세,경상
2014060700100574,2014년 6월 7일 21시,토요일,강원도 원주시 명륜동,중상사고,0,1,0,0,차대차 - 기타,안전거리미확보,건조,맑음,단일로 - 기타,승용,남,42세,상해없음,승용,남,60세,중상
2014060700100607,2014년 6월 7일 22시,토요일,강원도 원주시 명륜동,경상사고,0,0,1,0,차대차 - 기타,안전운전불이행,건조,맑음,기타 - 기타,승용,여,45세,상해없음,승용,남,54세,경상
2014060700100608,2014년 6월 7일 22시,토요일,강원도 삼척시 근덕면,사망사고,1,0,0,0,차량단독 - 기타,안전운전불이행,건조,맑음,단일로 - 기타,농기계,남,67세,사망,,,,
2014060800100009,2014년 6월 8일 00시,일요일,강원도 속초시 노학동,경상사고,0,0,3,0,차대차 - 측면직각충돌,신호위반,건조,맑음,교차로 - 교차로안,화물,남,63세,상해없음,승용,여,40세,경상
2014060800100041,2014년 6월 8일 02시,일요일,강원도 강릉시 사천면,경상사고,0,0,3,0,차대차 - 기타,안전운전불이행,기타,기타,단일로 - 기타,승용,남,30세,상해없음,화물,남,42세,기타불명
2014060800100069,2014년 6월 8일 04시,일요일,강원도 평창군 평창읍,중상사고,0,1,0,0,차량단독 - 도로외이탈 - 추락,안전운전불이행,습기,맑음,단일로 - 기타,승용,남,66세,상해없음,,,,
2014060800100097,2014년 6월 8일 07시,일요일,강원도 삼척시 원덕읍,중상사고,0,1,0,0,차대차 - 측면직각충돌,안전운전불이행,건조,맑음,교차로 - 교차로안,화물,남,50세,상해없음,원동기,남,70세,중상
2014060800100157,2014년 6월 8일 11시,일요일,강원도 춘천시 중앙로2가,부상신고사고,0,0,0,2,차대차 - 측면직각충돌,안전거리미확보,건조,맑음,단일로 - 기타,승용,남,21세,상해없음,승용,남,53세,부상신고
2014060800100158,2014년 6월 8일 11시,일요일,강원도 원주시 무실동,중상사고,0,2,2,0,차대차 - 측면직각충돌,신호위반,건조,맑음,교차로 - 교차로안,승용,여,24세,상해없음,승용,남,71세,중상
2014060800100207,2014년 6월 8일 13시,일요일,강원도 춘천시 퇴계동,경상사고,0,0,1,0,차대차 - 측면직각충돌,안전운전불이행,습기,맑음,교차로 - 교차로안,화물,남,60세,상해없음,이륜,남,51세,경상
2014060800100208,2014년 6월 8일 13시,일요일,강원도 춘천시 삼천동,중상사고,0,2,1,0,차대차 - 측면직각충돌,안전거리미확보,건조,맑음,단일로 - 기타,승용,남,37세,상해없음,승용,남,38세,중상
2014060800100231,2014년 6월 8일 14시,일요일,강원도 양구군 동면,중상사고,0,1,0,0,차대차 - 정면충돌,중앙선침범,건조,맑음,교차로 - 교차로부근,화물,남,38세,상해없음,이륜,남,46세,중상
2014060800100258,2014년 6월 8일 15시,일요일,강원도 강릉시 저동,경상사고,0,0,1,0,차대차 - 기타,안전운전불이행,건조,맑음,단일로 - 기타,승용,남,76세,상해없음,승용,남,59세,상해없음
2014060800100352,2014년 6월 8일 18시,일요일,강원도 영월군 주천면,중상사고,0,1,0,0,차대사람 - 기타,안전운전불이행,건조,맑음,단일로 - 기타,승용,여,42세,상해없음,보행자,남,47세,중상
2014060800100372,2014년 6월 8일 19시,일요일,강원도 원주시 반곡동,경상사고,0,0,4,0,차대차 - 기타,신호위반,건조,맑음,교차로 - 교차로안,승용,남,65세,상해없음,승용,여,32세,경상
2014060800100405,2014년 6월 8일 20시,일요일,강원도 원주시 신림면,경상사고,0,0,2,0,차대차 - 기타,중앙선침범,건조,맑음,교차로 - 교차로부근,승용,여,62세,상해없음,승용,남,52세,경상
2014060800100448,2014년 6월 8일 22시,일요일,강원도 속초시 조양동,중상사고,0,1,0,0,차대사람 - 보도통행중,안전운전불이행,습기,비,교차로 - 교차로안,원동기,남,17세,상해없음,보행자,남,18세,중상
2014060900100008,2014년 6월 9일 00시,월요일,강원도 원주시 무실동,경상사고,0,0,2,0,차대차 - 추돌 - 주정차중,안전거리미확보,건조,맑음,단일로 - 기타,승용,남,34세,상해없음,승용,여,30세,경상
2014060900100014,2014년 6월 9일 01시,월요일,강원도 고성군 토성면,경상사고,0,0,1,0,차대차 - 추돌 - 진행중,안전운전불이행,습기,비,교차로 - 교차로안,승용,여,28세,상해없음,화물,남,41세,경상
2014060900100048,2014년 6월 9일 06시,월요일,강원도 원주시 우산동,경상사고,0,0,1,0,차대차 - 기타,직진우회전진행방해,건조,맑음,교차로 - 교차로안,승용,남,52세,상해없음,승합,남,52세,경상
2014060900100077,2014년 6월 9일 07시,월요일,강원도 원주시 태장동,중상사고,0,1,0,0,차대차 - 기타,교차로운행방법위반,건조,맑음,교차로 - 교차로안,승용,남,33세,상해없음,자전거,남,75세,중상
2014060900100136,2014년 6월 9일 09시,월요일,강원도 원주시 단계동,경상사고,0,0,1,0,차대차 - 추돌 - 진행중,차로위반,건조,맑음,단일로 - 기타,승용,여,56세,상해없음,화물,남,55세,경상
2014060900100214,2014년 6월 9일 12시,월요일,강원도 홍천군 두촌면,중상사고,0,1,0,0,차대차 - 기타,안전거리미확보,건조,맑음,교차로 - 교차로부근,승용,남,63세,상해없음,승용,남,61세,중상
2014060900100215,2014년 6월 9일 12시,월요일,강원도 홍천군 홍천읍,경상사고,0,0,1,0,차대사람 - 기타,안전운전불이행,건조,맑음,단일로 - 기타,승용,여,65세,상해없음,보행자,여,64세,경상
2014060900100353,2014년 6월 9일 16시,월요일,강원도 원주시 일산동,경상사고,0,0,5,0,차대차 - 측면직각충돌,안전운전불이행,건조,맑음,교차로 - 교차로안,승용,남,61세,상해없음,승합,남,46세,상해없음
2014060900100354,2014년 6월 9일 16시,월요일,강원도 동해시 부곡동,경상사고,0,0,1,0,차대차 - 기타,안전운전불이행,건조,맑음,단일로 - 기타,화물,남,38세,상해없음,승용,남,26세,경상
2014060900100397,2014년 6월 9일 17시,월요일,강원도 강릉시 연곡면,중상사고,0,1,0,0,차대차 - 기타,중앙선침범,건조,맑음,단일로 - 기타,승용,여,48세,상해없음,원동기,남,67세,중상
2014060900100398,2014년 6월 9일 17시,월요일,강원도 횡성군 청일면,중상사고,0,1,1,0,차대차 - 정면충돌,안전운전불이행,건조,맑음,교차로 - 교차로안,승용,여,47세,상해없음,승용,남,78세,경상
2014060900100399,2014년 6월 9일 17시,월요일,강원도 횡성군 갑천면,중상사고,0,2,2,0,차대차 - 정면충돌,중앙선침범,건조,맑음,단일로 - 기타,화물,남,52세,상해없음,승용,남,40세,중상
2014060900100400,2014년 6월 9일 17시,월요일,강원도 춘천시 동산면,경상사고,0,0,1,0,차대차 - 추돌 - 진행중,기타,건조,맑음,단일로 - 기타,승합,남,44세,상해없음,승용,남,43세,경상
2014060900100456,2014년 6월 9일 18시,월요일,강원도 화천군 상서면,중상사고,0,1,0,0,차량단독 - 전도전복,안전운전불이행,건조,맑음,단일로 - 기타,원동기,남,55세,중상,,,,
2014060900100457,2014년 6월 9일 18시,월요일,강원도 동해시 단봉동,중상사고,0,1,0,0,차대차 - 측면직각충돌,신호위반,건조,맑음,교차로 - 교차로안,승용,남,55세,상해없음,화물,여,51세,중상
2014060900100560,2014년 6월 9일 21시,월요일,강원도 춘천시 효자동,경상사고,0,0,1,0,차대차 - 기타,안전운전불이행,건조,맑음,단일로 - 기타,승용,남,31세,상해없음,원동기,남,52세,경상
2014061000100010,2014년 6월 10일 00시,화요일,강원도 원주시 흥업면,중상사고,0,1,1,0,차대차 - 추돌 - 진행중,안전운전불이행,건조,기타,단일로 - 기타,승용,여,58세,경상,승용,여,46세,중상
2014061000100112,2014년 6월 10일 08시,화요일,강원도 춘천시 석사동,경상사고,0,0,1,0,차대차 - 추돌 - 주정차중,안전운전불이행,건조,맑음,교차로 - 교차로부근,화물,남,54세,상해없음,승용,남,47세,경상
2014061000100113,2014년 6월 10일 08시,화요일,강원도 속초시 교동,경상사고,0,0,1,0,차대차 - 추돌 - 진행중,안전운전불이행,습기,비,교차로 - 교차로부근,승용,여,58세,상해없음,승용,남,31세,경상
2014061000100114,2014년 6월 10일 08시,화요일,강원도 홍천군 홍천읍,경상사고,0,0,1,0,차대차 - 기타,안전운전불이행,건조,맑음,교차로 - 교차로안,화물,남,56세,상해없음,승용,여,41세,경상
2014061000100115,2014년 6월 10일 08시,화요일,강원도 동해시 평릉동,경상사고,0,0,1,0,차대차 - 측면직각충돌,안전운전불이행,습기,흐림,단일로 - 기타,승용,남,32세,상해없음,승용,여,35세,경상
2014061000100150,2014년 6월 10일 09시,화요일,강원도 원주시 태장동,경상사고,0,0,3,0,차대차 - 측면직각충돌,신호위반,건조,맑음,교차로 - 교차로안,승용,여,21세,경상,화물,남,34세,경상
2014061000100175,2014년 6월 10일 10시,화요일,강원도 춘천시 동내면,경상사고,0,0,2,0,차대차 - 측면직각충돌,신호위반,건조,맑음,교차로 - 교차로안,승용,남,75세,상해없음,승용,남,72세,경상
2014061000100236,2014년 6월 10일 12시,화요일,강원도 속초시 대포동,경상사고,0,0,5,0,차대차 - 추돌 - 주정차중,안전운전불이행,건조,맑음,단일로 - 기타,화물,남,61세,상해없음,승용,남,51세,경상
2014061000100267,2014년 6월 10일 13시,화요일,강원도 원주시 문막읍,경상사고,0,0,2,0,차대차 - 측면직각충돌,교차로운행방법위반,습기,비,교차로 - 교차로안,승용,남,49세,경상,화물,남,47세,경상
2014061000100268,2014년 6월 10일 13시,화요일,강원도 영월군 김삿갓면,중상사고,0,2,0,0,차대차 - 측면직각충돌,기타,건조,맑음,교차로 - 교차로안,승합,남,52세,상해없음,화물,남,57세,중상
2014061000100293,2014년 6월 10일 14시,화요일,강원도 강릉시 노암동,경상사고,0,0,1,0,차대차 - 기타,안전운전불이행,기타,기타,교차로 - 교차로부근,승합,남,64세,상해없음,승용,여,46세,경상
2014061000100294,2014년 6월 10일 14시,화요일,강원도 강릉시 옥천동,경상사고,0,0,1,0,차대차 - 측면직각충돌,안전운전불이행,건조,맑음,단일로 - 기타,승합,남,47세,상해없음,승용,여,62세,경상
2014061000100295,2014년 6월 10일 14시,화요일,강원도 원주시 태장동,경상사고,0,0,2,0,차대차 - 기타,안전운전불이행,건조,맑음,교차로 - 교차로안,승용,여,52세,상해없음,승용,남,42세,경상
2014061000100327,2014년 6월 10일 15시,화요일,강원도 춘천시 동면,경상사고,0,0,1,0,차대사람 - 기타,안전운전불이행,건조,맑음,단일로 - 기타,승합,남,45세,상해없음,보행자,남,12세,경상
2014061000100359,2014년 6월 10일 16시,화요일,강원도 원주시 봉산동,경상사고,0,0,1,0,차대차 - 기타,직진우회전진행방해,건조,맑음,교차로 - 교차로안,승용,여,28세,상해없음,이륜,남,51세,경상
2014061000100447,2014년 6월 10일 18시,화요일,강원도 강릉시 주문진읍,경상사고,0,0,1,0,차대차 - 기타,신호위반,건조,맑음,교차로 - 교차로안,승용,여,33세,상해없음,승용,남,25세,경상
2014061000100448,2014년 6월 10일 18시,화요일,강원도 철원군 동송읍,경상사고,0,0,1,0,차대사람 - 기타,안전운전불이행,건조,맑음,단일로 - 기타,원동기,남,40세,상해없음,보행자,남,6세,경상
2014061000100484,2014년 6월 10일 19시,화요일,강원도 춘천시 석사동,경상사고,0,0,2,0,차대차 - 추돌 - 진행중,안전거리미확보,건조,흐림,단일로 - 기타,승용,여,50세,경상,승용,남,33세,상해없음
2014061000100485,2014년 6월 10일 19시,화요일,강원도 속초시 청학동,경상사고,0,0,1,0,차대차 - 기타,중앙선침범,건조,흐림,단일로 - 기타,승용,남,61세,상해없음,이륜,남,16세,경상
2014061000100516,2014년 6월 10일 20시,화요일,강원도 강릉시 교동,중상사고,0,1,0,0,차대사람 - 횡단중,안전운전불이행,건조,맑음,단일로 - 기타,승용,여,59세,상해없음,보행자,남,72세,중상
2014061000100517,2014년 6월 10일 20시,화요일,강원도 동해시 부곡동,사망사고,1,0,0,0,차대사람 - 횡단중,보행자보호의무위반,건조,맑음,단일로 - 횡단보도상,승용,남,59세,상해없음,보행자,남,63세,사망
2014061000100568,2014년 6월 10일 21시,화요일,강원도 강릉시 성남동,경상사고,0,0,2,0,차대차 - 기타,안전운전불이행,건조,맑음,교차로 - 교차로안,승용,남,36세,상해없음,승용,여,40세,경상
2014061000100569,2014년 6월 10일 21시,화요일,강원도 삼척시 건지동,중상사고,0,1,0,0,차대사람 - 기타,안전운전불이행,건조,맑음,기타 - 기타,승용,남,32세,상해없음,보행자,남,29세,중상
2014061000100661,2014년 6월 10일 23시,화요일,강원도 강릉시 교동,경상사고,0,0,1,0,차대차 - 기타,교차로운행방법위반,습기,비,교차로 - 교차로부근,승용,남,52세,상해없음,승용,여,41세,경상
2014061100100010,2014년 6월 11일 00시,수요일,강원도 원주시 단계동,경상사고,0,0,1,0,차대차 - 추돌 - 주정차중,안전운전불이행,건조,맑음,교차로 - 교차로안,승용,남,24세,상해없음,승용,남,57세,경상
2014061100100099,2014년 6월 11일 06시,수요일,강원도 동해시 송정동,경상사고,0,0,1,0,차대차 - 추돌 - 진행중,중앙선침범,건조,맑음,단일로 - 기타,화물,남,54세,상해없음,화물,남,53세,경상
2014061100100118,2014년 6월 11일 07시,수요일,강원도 춘천시 동면,경상사고,0,0,2,0,차대차 - 기타,신호위반,건조,맑음,교차로 - 교차로안,화물,남,52세,상해없음,승용,여,39세,경상
2014061100100119,2014년 6월 11일 07시,수요일,강원도 강릉시 옥계면,경상사고,0,0,1,0,차대차 - 측면직각충돌,중앙선침범,건조,맑음,단일로 - 기타,승용,여,60세,상해없음,화물,남,52세,경상
2014061100100151,2014년 6월 11일 08시,수요일,강원도 춘천시 동내면,경상사고,0,0,1,0,차대차 - 추돌 - 진행중,안전거리미확보,습기,비,교차로 - 교차로안,승용,여,42세,상해없음,이륜,남,63세,경상
2014061100100152,2014년 6월 11일 08시,수요일,강원도 춘천시 후평동,경상사고,0,0,1,0,차대차 - 측면직각충돌,신호위반,습기,비,교차로 - 교차로안,화물,남,43세,상해없음,승용,남,28세,경상
2014061100100183,2014년 6월 11일 09시,수요일,강원도 춘천시 사농동,경상사고,0,0,5,0,차대차 - 추돌 - 주정차중,안전거리미확보,습기,비,교차로 - 교차로부근,화물,남,43세,상해없음,승합,남,70세,경상
2014061100100209,2014년 6월 11일 10시,수요일,강원도 삼척시 사직동,경상사고,0,0,1,0,차대차 - 추돌 - 진행중,안전운전불이행,습기,비,교차로 - 교차로안,승용,남,76세,상해없음,화물,남,53세,경상
2014061100100231,2014년 6월 11일 11시,수요일,강원도 강릉시 교동,중상사고,0,1,0,0,차대차 - 측면직각충돌,중앙선침범,건조,맑음,단일로 - 기타,화물,남,46세,상해없음,승용,남,54세,상해없음
2014061100100262,2014년 6월 11일 12시,수요일,강원도 원주시 일산동,중상사고,0,1,2,0,차대차 - 기타,안전운전불이행,건조,맑음,교차로 - 교차로안,승용,여,58세,중상,승용,남,43세,경상
2014061100100289,2014년 6월 11일 13시,수요일,강원도 속초시 청호동,경상사고,0,0,2,0,차대차 - 추돌 - 진행중,안전운전불이행,건조,흐림,단일로 - 기타,승용,남,36세,상해없음,승용,남,45세,경상
2014061100100290,2014년 6월 11일 13시,수요일,강원도 삼척시 하장면,중상사고,0,1,0,0,차대차 - 측면직각충돌,중앙선침범,습기,흐림,단일로 - 기타,건설기계,남,60세,상해없음,건설기계,남,41세,중상
2014061100100291,2014년 6월 11일 13시,수요일,강원도 정선군 화암면,경상사고,0,0,1,0,차대차 - 추돌 - 주정차중,안전운전불이행,건조,흐림,단일로 - 기타,승용,남,58세,상해없음,화물,남,51세,경상
2014061100100308,2014년 6월 11일 14시,수요일,강원도 홍천군 홍천읍,사망사고,1,0,2,0,차대차 - 추돌 - 주정차중,안전운전불이행,건조,맑음,교차로 - 교차로부근,화물,남,51세,사망,건설기계,남,52세,상해없음
2014061100100333,2014년 6월 11일 15시,수요일,강원도 속초시 조양동,경상사고,0,0,3,0,차대차 - 측면직각충돌,안전운전불이행,건조,맑음,단일로 - 기타,특수,남,23세,상해없음,승용,남,35세,경상
2014061100100373,2014년 6월 11일 16시,수요일,강원도 춘천시 퇴계동,경상사고,0,0,1,0,차대차 - 기타,신호위반,건조,맑음,교차로 - 교차로안,승용,여,58세,상해없음,승합,남,54세,경상
2014061100100374,2014년 6월 11일 16시,수요일,강원도 춘천시 약사동,중상사고,0,1,0,0,차대사람 - 기타,기타,건조,맑음,기타 - 기타,기타불명,기타불명,기타불명,기타불명,보행자,여,75세,중상
2014061100100444,2014년 6월 11일 18시,수요일,강원도 삼척시 교동,경상사고,0,0,2,0,차대사람 - 기타,보행자보호의무위반,건조,맑음,단일로 - 기타,승용,남,53세,기타불명,보행자,여,15세,경상
2014061100100543,2014년 6월 11일 21시,수요일,강원도 강릉시 죽헌동,경상사고,0,0,3,0,차대차 - 추돌 - 진행중,안전거리미확보,건조,맑음,교차로 - 교차로부근,승용,남,31세,상해없음,승용,여,25세,경상
2014061100100596,2014년 6월 11일 22시,수요일,강원도 춘천시 퇴계동,경상사고,0,0,3,0,차대차 - 측면직각충돌,중앙선침범,건조,맑음,기타 - 기타,승용,남,60세,상해없음,승용,남,41세,경상
2014061100100621,2014년 6월 11일 23시,수요일,강원도 원주시 태장동,경상사고,0,0,3,0,차대차 - 정면충돌,중앙선침범,건조,맑음,단일로 - 기타,승합,남,31세,상해없음,승합,남,53세,경상
2014061200100018,2014년 6월 12일 00시,목요일,강원도 원주시 흥업면,경상사고,0,0,1,0,차대차 - 기타,안전운전불이행,건조,맑음,교차로 - 교차로부근,승용,남,60세,상해없음,승용,여,35세,경상
2014061200100019,2014년 6월 12일 00시,목요일,강원도 정선군 사북읍,중상사고,0,1,2,0,차대차 - 측면직각충돌,직진우회전진행방해,건조,맑음,교차로 - 교차로안,승용,남,56세,상해없음,승용,남,47세,경상