사고번호,사고일시,요일,시군구,사고내용,사망자수,중상자수,경상자수,부상신고자수,사고유형,법규위반,노면상태,기상상태,도로형태,가해운전자 차종,가해운전자 성별,가해운전자 연령,가해운전자 상해정도,피해운전자 차종,피해운전자 성별,피해운전자 연령,피해운전자 상해정도
2014061700100067,2014년 6월 17일 06시,화요일,강원도 원주시 개운동,경상사고,0,0,3,0,차대차 - 기타,안전운전불이행,건조,맑음,교차로 - 교차로안,승용,여,48세,상해없음,승용,여,56세,경상
2014061700100090,2014년 6월 17일 07시,화요일,강원도 원주시 관설동,경상사고,0,0,3,0,차대차 - 기타,안전운전불이행,건조,맑음,단일로 - 기타,승용,남,46세,상해없음,승용,남,51세,경상
2014061700100091,2014년 6월 17일 07시,화요일,강원도 동해시 천곡동,중상사고,0,3,0,0,차대차 - 정면충돌,신호위반,건조,맑음,교차로 - 교차로안,승용,남,40세,중상,승합,여,40세,중상
2014061700100129,2014년 6월 17일 08시,화요일,강원도 춘천시 효자동,경상사고,0,0,1,0,차량단독 - 기타,기타,건조,맑음,단일로 - 기타,승용,남,59세,상해없음,,,,
2014061700100130,2014년 6월 17일 08시,화요일,강원도 춘천시 후평동,경상사고,0,0,3,1,차대차 - 기타,기타,건조,맑음,교차로 - 교차로안,승용,여,45세,상해없음,승용,여,35세,경상
2014061700100166,2014년 6월 17일 09시,화요일,강원도 원주시 단구동,경상사고,0,0,7,5,차대차 - 측면직각충돌,차로위반,건조,맑음,교차로 - 교차로부근,승용,여,61세,상해없음,승합,남,47세,경상
2014061700100167,2014년 6월 17일 09시,화요일,강원도 철원군 갈말읍,경상사고,0,0,2,0,차대차 - 측면직각충돌,교차로운행방법위반,건조,맑음,교차로 - 교차로안,화물,남,66세,경상,화물,남,56세,경상
2014061700100222,2014년 6월 17일 11시,화요일,강원도 원주시 부론면,경상사고,0,0,1,0,차대차 - 추돌 - 주정차중,안전거리미확보,건조,흐림,기타 - 기타,승용,남,20세,상해없음,승용,여,33세,경상
2014061700100252,2014년 6월 17일 12시,화요일,강원도 홍천군 홍천읍,경상사고,0,0,1,0,차대차 - 기타,중앙선침범,건조,맑음,교차로 - 교차로안,승용,여,56세,상해없음,승용,여,42세,경상
2014061700100253,2014년 6월 17일 12시,화요일,강원도 태백시 장성동,경상사고,0,0,1,0,차대사람 - 횡단중,안전운전불이행,건조,맑음,교차로 - 교차로안,승용,여,51세,상해없음,보행자,남,37세,경상
2014061700100282,2014년 6월 17일 13시,화요일,강원도 삼척시 사직동,경상사고,0,0,5,0,차대차 - 추돌 - 진행중,안전운전불이행,건조,맑음,교차로 - 교차로안,화물,남,33세,상해없음,화물,남,34세,경상
2014061700100349,2014년 6월 17일 15시,화요일,강원도 원주시 무실동,경상사고,0,0,2,0,차대차 - 측면직각충돌,신호위반,건조,맑음,교차로 - 교차로안,승용,남,56세,상해없음,승용,남,62세,경상
2014061700100377,2014년 6월 17일 16시,화요일,강원도 춘천시 동면,경상사고,0,0,1,0,차대차 - 기타,안전운전불이행,습기,비,기타 - 기타,승용,남,30세,상해없음,자전거,남,18세,경상
2014061700100378,2014년 6월 17일 16시,화요일,강원도 원주시 무실동,경상사고,0,0,1,0,차대차 - 측면직각충돌,안전운전불이행,건조,맑음,교차로 - 교차로안,승용,여,49세,상해없음,화물,남,32세,경상
2014061700100447,2014년 6월 17일 18시,화요일,강원도 원주시 무실동,경상사고,0,0,1,0,차대차 - 기타,안전운전불이행,건조,맑음,교차로 - 교차로부근,승용,남,59세,상해없음,승용,남,42세,경상
2014061700100483,2014년 6월 17일 19시,화요일,강원도 원주시 단구동,경상사고,0,0,1,0,차대차 - 기타,안전운전불이행,건조,맑음,단일로 - 기타,승용,여,38세,상해없음,자전거,남,17세,경상
2014061700100550,2014년 6월 17일 21시,화요일,강원도 횡성군 횡성읍,중상사고,0,1,0,0,차대차 - 추돌 - 진행중,안전운전불이행,건조,맑음,단일로 - 기타,승합,남,47세,상해없음,화물,여,50세,상해없음
2014061700100612,2014년 6월 17일 23시,화요일,강원도 횡성군 횡성읍,경상사고,0,0,1,0,차대차 - 기타,안전운전불이행,건조,맑음,기타 - 기타,승용,남,66세,상해없음,승용,여,46세,상해없음
2014061800100007,2014년 6월 18일 00시,수요일,강원도 춘천시 효자동,경상사고,0,0,3,0,차대차 - 기타,교차로운행방법위반,건조,맑음,교차로 - 교차로안,승용,남,53세,상해없음,승용,여,34세,경상
2014061800100044,2014년 6월 18일 03시,수요일,강원도 원주시 개운동,경상사고,0,0,1,0,차대차 - 측면직각충돌,차로위반,건조,맑음,단일로 - 기타,화물,남,36세,상해없음,이륜,남,17세,경상
2014061800100045,2014년 6월 18일 03시,수요일,강원도 속초시 청호동,경상사고,0,0,2,0,차대차 - 측면직각충돌,불법유턴,습기,맑음,단일로 - 기타,승용,남,53세,상해없음,승용,남,19세,경상
2014061800100092,2014년 6월 18일 07시,수요일,강원도 화천군 사내면,경상사고,0,0,1,0,차대차 - 정면충돌,안전운전불이행,건조,맑음,단일로 - 기타,승용,여,34세,상해없음,승용,남,56세,경상
2014061800100120,2014년 6월 18일 08시,수요일,강원도 춘천시 석사동,경상사고,0,0,1,0,차대사람 - 기타,기타,건조,맑음,단일로 - 기타,승용,남,63세,상해없음,보행자,남,12세,경상
2014061800100121,2014년 6월 18일 08시,수요일,강원도 홍천군 서면,중상사고,0,2,0,0,차대차 - 측면직각충돌,중앙선침범,건조,맑음,단일로 - 기타,승용,남,51세,상해없음,승용,남,34세,중상
2014061800100122,2014년 6월 18일 08시,수요일,강원도 양구군 양구읍,경상사고,0,0,1,0,차대차 - 측면직각충돌,안전운전불이행,건조,맑음,교차로 - 교차로안,승용,여,28세,상해없음,농기계,남,71세,경상
2014061800100161,2014년 6월 18일 09시,수요일,강원도 원주시 단계동,경상사고,0,0,4,0,차대차 - 측면직각충돌,직진우회전진행방해,건조,맑음,교차로 - 교차로안,승용,남,53세,경상,승용,여,27세,경상
2014061800100162,2014년 6월 18일 09시,수요일,강원도 삼척시 정상동,중상사고,0,1,0,0,차대차 - 기타,안전운전불이행,건조,맑음,교차로 - 교차로부근,승용,남,58세,상해없음,승용,여,61세,중상
2014061800100198,2014년 6월 18일 10시,수요일,강원도 춘천시 신북읍,사망사고,1,0,0,0,차대사람 - 횡단중,안전운전불이행,건조,맑음,단일로 - 기타,승용,남,83세,상해없음,보행자,남,78세,사망
2014061800100199,2014년 6월 18일 10시,수요일,강원도 춘천시 칠전동,경상사고,0,0,1,0,차대차 - 측면직각충돌,안전운전불이행,건조,맑음,단일로 - 기타,승용,여,39세,상해없음,승용,여,33세,경상
2014061800100224,2014년 6월 18일 11시,수요일,강원도 철원군 갈말읍,중상사고,0,1,1,0,차대차 - 측면직각충돌,안전운전불이행,건조,맑음,교차로 - 교차로안,승용,남,67세,경상,승용,남,32세,중상
2014061800100257,2014년 6월 18일 12시,수요일,강원도 춘천시 서면,경상사고,0,0,3,0,차대차 - 측면직각충돌,중앙선침범,건조,맑음,단일로 - 기타,승용,남,71세,상해없음,화물,남,59세,경상
2014061800100258,2014년 6월 18일 12시,수요일,강원도 춘천시 소양로1가,중상사고,0,1,0,0,차대차 - 측면직각충돌,안전운전불이행,건조,맑음,교차로 - 교차로안,승용,남,54세,상해없음,자전거,남,70세,중상
2014061800100259,2014년 6월 18일 12시,수요일,강원도 영월군 상동읍,중상사고,0,1,0,0,차대사람 - 기타,안전운전불이행,건조,맑음,기타 - 기타,화물,남,49세,상해없음,보행자,여,46세,중상
2014061800100283,2014년 6월 18일 13시,수요일,강원도 춘천시 낙원동,중상사고,0,1,1,0,차대사람 - 기타,보행자보호의무위반,건조,맑음,단일로 - 기타,승용,남,76세,상해없음,보행자,여,63세,중상
2014061800100284,2014년 6월 18일 13시,수요일,강원도 원주시 소초면,경상사고,0,0,1,0,차대차 - 추돌 - 진행중,안전거리미확보,건조,맑음,단일로 - 기타,승용,남,49세,상해없음,화물,남,61세,경상
2014061800100285,2014년 6월 18일 13시,수요일,강원도 정선군 정선읍,사망사고,1,0,0,0,차대차 - 추돌 - 진행중,신호위반,건조,맑음,교차로 - 교차로안,화물,남,61세,상해없음,자전거,남,66세,사망
2014061800100318,2014년 6월 18일 14시,수요일,강원도 속초시 조양동,경상사고,0,0,1,0,차대차 - 기타,기타,건조,맑음,단일로 - 기타,화물,남,54세,상해없음,이륜,남,51세,경상
2014061800100355,2014년 6월 18일 15시,수요일,강원도 양양군 양양읍,경상사고,0,0,1,0,차량단독 - 기타,안전운전불이행,건조,맑음,단일로 - 기타,승합,남,57세,상해없음,,,,
2014061800100356,2014년 6월 18일 15시,수요일,강원도 인제군 북면,중상사고,0,3,0,0,차대차 - 측면직각충돌,안전운전불이행,건조,맑음,교차로 - 교차로안,승용,남,29세,상해없음,승용,여,52세,중상
2014061800100357,2014년 6월 18일 15시,수요일,강원도 철원군 서면,경상사고,0,0,1,0,차대차 - 정면충돌,중앙선침범,건조,맑음,단일로 - 기타,승용,여,64세,상해없음,승용,여,47세,경상
2014061800100398,2014년 6월 18일 16시,수요일,강원도 원주시 단구동,경상사고,0,0,1,0,차대차 - 기타,안전운전불이행,건조,맑음,단일로 - 기타,승용,여,48세,상해없음,승용,남,50세,기타불명
2014061800100435,2014년 6월 18일 17시,수요일,강원도 춘천시 동내면,경상사고,0,0,1,0,차대차 - 측면직각충돌,안전거리미확보,건조,맑음,단일로 - 기타,승용,남,54세,상해없음,화물,남,45세,경상
2014061800100436,2014년 6월 18일 17시,수요일,강원도 춘천시 퇴계동,경상사고,0,0,1,0,차대차 - 측면직각충돌,안전운전불이행,건조,맑음,교차로 - 교차로부근,승합,남,57세,상해없음,승용,남,22세,경상
2014061800100437,2014년 6월 18일 17시,수요일,강원도 강릉시 연곡면,중상사고,0,1,0,0,차량단독 - 기타,안전운전불이행,건조,맑음,단일로 - 기타,원동기,남,16세,중상,,,,
2014061800100438,2014년 6월 18일 17시,수요일,강원도 강릉시 포남동,경상사고,0,0,3,0,차대차 - 기타,안전운전불이행,건조,맑음,교차로 - 교차로안,승용,남,53세,상해없음,승용,여,27세,경상
2014061800100439,2014년 6월 18일 17시,수요일,강원도 원주시 문막읍,경상사고,0,0,1,0,차대차 - 기타,안전운전불이행,건조,맑음,단일로 - 기타,승합,남,46세,상해없음,자전거,남,31세,경상
2014061800100486,2014년 6월 18일 18시,수요일,강원도 춘천시 우두동,경상사고,0,0,3,0,차대차 - 측면직각충돌,안전운전불이행,건조,맑음,단일로 - 기타,승용,남,56세,상해없음,화물,남,64세,경상
2014061800100487,2014년 6월 18일 18시,수요일,강원도 원주시 가현동,경상사고,0,0,1,0,차대차 - 추돌 - 진행중,차로위반,건조,맑음,단일로 - 기타,승용,남,24세,상해없음,화물,남,48세,경상
2014061800100553,2014년 6월 18일 20시,수요일,강원도 강릉시 옥천동,경상사고,0,0,1,0,차대차 - 추돌 - 진행중,안전운전불이행,건조,맑음,교차로 - 교차로안,승용,남,67세,상해없음,승용,여,53세,경상
2014061800100554,2014년 6월 18일 20시,수요일,강원도 태백시 황지동,경상사고,0,0,1,0,차대차 - 기타,교차로운행방법위반,건조,맑음,교차로 - 교차로안,승용,남,69세,상해없음,승용,남,41세,경상
2014061800100592,2014년 6월 18일 21시,수요일,강원도 강릉시 교동,경상사고,0,0,1,0,차대차 - 기타,중앙선침범,건조,맑음,단일로 - 기타,승용,남,26세,상해없음,승용,남,31세,경상
2014061800100655,2014년 6월 18일 23시,수요일,강원도 원주시 무실동,경상사고,0,0,3,0,차대차 - 측면직각충돌,안전운전불이행,건조,맑음,교차로 - 교차로부근,이륜,남,39세,경상,승용,여,41세,경상
2014061900100059,2014년 6월 19일 04시,목요일,강원도 춘천시 석사동,경상사고,0,0,2,0,차대차 - 측면직각충돌,교차로운행방법위반,건조,맑음,교차로 - 교차로안,승용,여,34세,상해없음,승용,여,31세,경상
2014061900100067,2014년 6월 19일 05시,목요일,강원도 횡성군 횡성읍,경상사고,0,0,1,0,차대차 - 추돌 - 진행중,안전운전불이행,습기,흐림,단일로 - 기타,승용,남,44세,상해없음,건설기계,남,34세,경상
2014061900100083,2014년 6월 19일 06시,목요일,강원도 원주시 평원동,경상사고,0,0,1,0,차대사람 - 기타,안전운전불이행,건조,맑음,단일로 - 기타,승용,남,65세,상해없음,보행자,남,74세,경상
2014061900100129,2014년 6월 19일 08시,목요일,강원도 춘천시 남산면,사망사고,1,0,0,0,차량단독 - 전도전복,안전운전불이행,건조,맑음,단일로 - 기타,농기계,남,75세,사망,,,,
2014061900100130,2014년 6월 19일 08시,목요일,강원도 춘천시 후평동,경상사고,0,0,1,0,차대차 - 측면직각충돌,직진우회전진행방해,건조,맑음,교차로 - 교차로안,승용,여,40세,상해없음,승용,남,49세,경상
2014061900100131,2014년 6월 19일 08시,목요일,강원도 강릉시 초당동,중상사고,0,1,0,0,차대차 - 측면직각충돌,안전운전불이행,건조,맑음,교차로 - 교차로안,승용,남,52세,상해없음,자전거,남,55세,중상
2014061900100199,2014년 6월 19일 10시,목요일,강원도 태백시 황지동,경상사고,0,0,1,0,차대차 - 기타,안전운전불이행,건조,맑음,단일로 - 기타,승용,남,27세,상해없음,승용,여,51세,상해없음
2014061900100225,2014년 6월 19일 11시,목요일,강원도 횡성군 우천면,사망사고,1,0,0,0,차대사람 - 기타,안전운전불이행,건조,흐림,단일로 - 기타,화물,남,48세,상해없음,보행자,남,57세,사망
2014061900100255,2014년 6월 19일 12시,목요일,강원도 고성군 거진읍,경상사고,0,0,1,0,차대차 - 측면직각충돌,안전운전불이행,건조,맑음,교차로 - 교차로안,승용,남,60세,상해없음,이륜,남,59세,경상
2014061900100269,2014년 6월 19일 13시,목요일,강원도 원주시 단계동,중상사고,0,1,0,0,차대사람 - 길가장자리구역통행중,안전운전불이행,건조,맑음,단일로 - 기타,승용,여,38세,기타불명,보행자,남,45세,중상
2014061900100297,2014년 6월 19일 14시,목요일,강원도 강릉시 왕산면,사망사고,1,1,1,0,차량단독 - 전도전복,안전운전불이행,건조,맑음,단일로 - 기타,승용,남,72세,상해없음,,,,
2014061900100298,2014년 6월 19일 14시,목요일,강원도 원주시 명륜동,경상사고,0,0,2,0,차대차 - 추돌 - 진행중,안전운전불이행,건조,맑음,교차로 - 교차로부근,승용,남,29세,상해없음,승용,여,28세,경상
2014061900100299,2014년 6월 19일 14시,목요일,강원도 원주시 무실동,경상사고,0,0,1,0,차대사람 - 기타,안전운전불이행,건조,맑음,단일로 - 기타,승용,남,58세,상해없음,보행자,여,9세,경상
2014061900100300,2014년 6월 19일 14시,목요일,강원도 양양군 양양읍,중상사고,0,5,0,0,차대차 - 측면직각충돌,신호위반,건조,흐림,교차로 - 교차로안,승용,여,65세,상해없음,화물,남,64세,중상
2014061900100412,2014년 6월 19일 17시,목요일,강원도 춘천시 동면,경상사고,0,0,3,0,차대차 - 측면직각충돌,안전운전불이행,건조,맑음,단일로 - 기타,승용,여,56세,상해없음,화물,남,32세,경상
2014061900100413,2014년 6월 19일 17시,목요일,강원도 강릉시 주문진읍,중상사고,0,1,0,0,차대차 - 기타,중앙선침범,건조,맑음,단일로 - 기타,화물,남,53세,상해없음,원동기,남,20세,중상
2014061900100542,2014년 6월 19일 20시,목요일,강원도 강릉시 교동,중상사고,0,1,0,0,차대사람 - 기타,안전운전불이행,건조,맑음,단일로 - 기타,이륜,남,65세,상해없음,보행자,여,39세,중상
2014061900100613,2014년 6월 19일 22시,목요일,강원도 원주시 무실동,경상사고,0,0,1,0,차대사람 - 기타,안전운전불이행,건조,맑음,단일로 - 기타,승용,여,38세,상해없음,보행자,여,39세,경상
2014061900100638,2014년 6월 19일 23시,목요일,강원도 원주시 단계동,경상사고,0,0,1,0,차대차 - 추돌 - 진행중,안전운전불이행,건조,맑음,단일로 - 기타,승용,남,25세,상해없음,승용,여,44세,경상
2014061900100639,2014년 6월 19일 23시,목요일,강원도 고성군 간성읍,경상사고,0,0,1,0,차대사람 - 기타,중앙선침범,습기,비,교차로 - 교차로안,승용,남,55세,상해없음,보행자,남,45세,경상
2014062000100011,2014년 6월 20일 00시,금요일,강원도 강릉시 입암동,경상사고,0,0,2,0,차대차 - 측면직각충돌,신호위반,습기,비,교차로 - 교차로안,승합,남,53세,상해없음,승용,남,26세,경상
2014062000100012,2014년 6월 20일 00시,금요일,강원도 동해시 단봉동,중상사고,0,1,0,0,차량단독 - 공작물충돌,안전운전불이행,습기,비,단일로 - 기타,승용,남,44세,상해없음,,,,
2014062000100136,2014년 6월 20일 08시,금요일,강원도 원주시 무실동,경상사고,0,0,1,0,차대차 - 기타,신호위반,건조,맑음,교차로 - 교차로안,승용,여,43세,상해없음,승용,여,31세,경상
2014062000100137,2014년 6월 20일 08시,금요일,강원도 원주시 개운동,경상사고,0,0,1,0,차대차 - 기타,안전운전불이행,건조,맑음,교차로 - 교차로안,기타불명,기타불명,기타불명,기타불명,자전거,남,13세,경상
2014062000100190,2014년 6월 20일 10시,금요일,강원도 동해시 효가동,경상사고,0,0,1,0,차대차 - 추돌 - 주정차중,안전거리미확보,건조,흐림,단일로 - 기타,건설기계,남,53세,상해없음,승용,남,32세,경상
2014062000100248,2014년 6월 20일 12시,금요일,강원도 원주시 호저면,부상신고사고,0,0,0,1,차대차 - 추돌 - 진행중,안전운전불이행,건조,맑음,단일로 - 교량,승용,남,33세,부상신고,화물,남,58세,상해없음
2014062000100273,2014년 6월 20일 13시,금요일,강원도 춘천시 후평동,경상사고,0,0,1,0,차대차 - 측면직각충돌,신호위반,건조,맑음,교차로 - 교차로안,승용,남,63세,상해없음,승용,여,49세,경상
2014062000100274,2014년 6월 20일 13시,금요일,강원도 횡성군 횡성읍,경상사고,0,0,1,0,차대사람 - 기타,안전거리미확보,건조,맑음,교차로 - 교차로부근,승용,남,50세,상해없음,보행자,여,17세,경상
2014062000100275,2014년 6월 20일 13시,금요일,강원도 고성군 거진읍,경상사고,0,0,1,0,차대차 - 기타,교차로운행방법위반,건조,맑음,교차로 - 교차로안,승용,여,47세,상해없음,자전거,여,68세,경상
2014062000100276,2014년 6월 20일 13시,금요일,강원도 동해시 천곡동,중상사고,0,1,0,0,차대사람 - 횡단중,안전운전불이행,건조,맑음,교차로 - 교차로부근,기타불명,기타불명,기타불명,기타불명,보행자,남,50세,중상
2014062000100306,2014년 6월 20일 14시,금요일,강원도 고성군 토성면,경상사고,0,0,2,0,차대차 - 측면직각충돌,안전운전불이행,건조,맑음,교차로 - 교차로부근,승용,남,61세,상해없음,승용,여,59세,경상
2014062000100341,2014년 6월 20일 15시,금요일,강원도 춘천시 동내면,중상사고,0,1,0,0,차대차 - 측면직각충돌,교차로운행방법위반,건조,맑음,교차로 - 교차로안,승용,여,47세,상해없음,승용,여,52세,중상
2014062000100342,2014년 6월 20일 15시,금요일,강원도 춘천시 낙원동,중상사고,0,1,0,0,차대사람 - 기타,안전운전불이행,건조,맑음,단일로 - 기타,승용,여,48세,상해없음,보행자,남,74세,중상
2014062000100343,2014년 6월 20일 15시,금요일,강원도 원주시 무실동,경상사고,0,0,1,0,차대차 - 기타,안전거리미확보,건조,맑음,교차로 - 교차로부근,승합,남,58세,상해없음,원동기,남,38세,경상
2014062000100379,2014년 6월 20일 16시,금요일,강원도 춘천시 동면,경상사고,0,0,1,0,차대사람 - 기타,안전운전불이행,건조,맑음,단일로 - 기타,화물,남,29세,상해없음,보행자,남,38세,경상
2014062000100380,2014년 6월 20일 16시,금요일,강원도 삼척시 당저동,경상사고,0,0,1,0,차대차 - 기타,안전운전불이행,건조,맑음,단일로 - 기타,승용,남,50세,상해없음,자전거,남,8세,경상
2014062000100381,2014년 6월 20일 16시,금요일,강원도 태백시 황지동,중상사고,0,1,0,0,차대차 - 기타,교차로운행방법위반,건조,맑음,교차로 - 교차로부근,승용,남,69세,상해없음,승용,남,44세,상해없음
2014062000100382,2014년 6월 20일 16시,금요일,강원도 동해시 평릉동,중상사고,0,1,1,0,차대차 - 기타,직진우회전진행방해,건조,맑음,교차로 - 교차로안,승용,남,71세,상해없음,승용,여,32세,중상
2014062000100421,2014년 6월 20일 17시,금요일,강원도 춘천시 후평동,경상사고,0,0,3,0,차대차 - 추돌 - 진행중,안전운전불이행,건조,맑음,교차로 - 교차로부근,승합,남,47세,상해없음,승용,여,44세,경상
2014062000100422,2014년 6월 20일 17시,금요일,강원도 원주시 단계동,경상사고,0,0,1,0,차대차 - 기타,차로위반,건조,맑음,교차로 - 교차로부근,승용,여,57세,상해없음,승용,남,74세,경상
2014062000100423,2014년 6월 20일 17시,금요일,강원도 원주시 태장동,경상사고,0,0,2,0,차대차 - 추돌 - 주정차중,안전운전불이행,건조,맑음,교차로 - 교차로부근,화물,남,38세,상해없음,승용,남,61세,경상
2014062000100478,2014년 6월 20일 18시,금요일,강원도 강릉시 연곡면,중상사고,0,1,1,0,차대차 - 기타,안전운전불이행,기타,기타,단일로 - 기타,이륜,남,16세,중상,승용,여,43세,경상
2014062000100517,2014년 6월 20일 19시,금요일,강원도 춘천시 동내면,경상사고,0,0,2,0,차대차 - 추돌 - 진행중,안전운전불이행,건조,맑음,단일로 - 기타,승용,여,28세,상해없음,승용,여,40세,경상
2014062000100518,2014년 6월 20일 19시,금요일,강원도 원주시 단계동,경상사고,0,0,1,0,차대차 - 기타,안전운전불이행,건조,맑음,교차로 - 교차로안,원동기,남,20세,경상,승용,남,50세,상해없음
2014062000100519,2014년 6월 20일 19시,금요일,강원도 삼척시 원덕읍,중상사고,0,2,2,0,차대차 - 측면직각충돌,안전운전불이행,건조,맑음,단일로 - 기타,승용,여,59세,중상,승용,남,25세,경상
2014062000100605,2014년 6월 20일 21시,금요일,강원도 강릉시 교동,중상사고,0,1,0,0,차대사람 - 기타,안전운전불이행,건조,맑음,단일로 - 기타,화물,남,38세,상해없음,보행자,남,5세,중상
2014062000100644,2014년 6월 20일 22시,금요일,강원도 춘천시 약사동,중상사고,0,1,0,0,차대차 - 기타,기타,건조,맑음,단일로 - 기타,승용,여,54세,상해없음,자전거,여,71세,중상
2014062000100645,2014년 6월 20일 22시,금요일,강원도 춘천시 후평동,경상사고,0,0,1,0,차대차 - 추돌 - 진행중,안전운전불이행,건조,맑음,단일로 - 기타,승용,여,36세,상해없음,승용,남,36세,경상
2014062000100646,2014년 6월 20일 22시,금요일,강원도 강릉시 포남동,경상사고,0,0,1,0,차대차 - 기타,교차로운행방법위반,건조,맑음,교차로 - 교차로부근,승용,여,38세,상해없음,이륜,남,17세,경상
2014062100100023,2014년 6월 21일 00시,토요일,강원도 춘천시 석사동,경상사고,0,0,3,0,차대차 - 측면직각충돌,교차로운행방법위반,건조,맑음,교차로 - 교차로안,승용,남,57세,상해없음,승용,남,38세,경상
2014062100100058,2014년 6월 21일 01시,토요일,강원도 춘천시 약사동,중상사고,0,2,0,0,차대사람 - 기타,안전운전불이행,습기,비,단일로 - 기타,승용,남,41세,상해없음,보행자,남,34세,중상
2014062100100059,2014년 6월 21일 01시,토요일,강원도 원주시 문막읍,경상사고,0,0,1,0,차대차 - 기타,안전운전불이행,습기,비,기타 - 기타,승용,남,42세,상해없음,승용,여,23세,경상
2014062100100086,2014년 6월 21일 02시,토요일,강원도 동해시 나안동,중상사고,0,1,1,0,차대차 - 측면직각충돌,안전운전불이행,건조,흐림,교차로 - 교차로부근,특수,남,39세,상해없음,승용,남,33세,경상
2014062100100181,2014년 6월 21일 08시,토요일,강원도 철원군 근남면,중상사고,0,2,2,0,차대차 - 측면직각충돌,교차로운행방법위반,건조,맑음,교차로 - 교차로안,승용,여,61세,상해없음,승용,남,44세,상해없음
2014062100100205,2014년 6월 21일 09시,토요일,강원도 태백시 황지동,중상사고,0,1,0,1,차대차 - 추돌 - 진행중,안전거리미확보,건조,맑음,단일로 - 기타,승용,남,72세,상해없음,승용,여,35세,중상
2014062100100232,2014년 6월 21일 10시,토요일,강원도 원주시 단계동,경상사고,0,0,4,0,차대차 - 추돌 - 진행중,신호위반,건조,맑음,교차로 - 교차로안,승용,남,45세,상해없음,화물,남,57세,경상
2014062100100233,2014년 6월 21일 10시,토요일,강원도 화천군 하남면,중상사고,0,1,1,0,차대차 - 측면직각충돌,직진우회전진행방해,건조,맑음,교차로 - 교차로안,승용,여,37세,상해없음,승용,여,49세,중상
2014062100100266,2014년 6월 21일 11시,토요일,강원도 강릉시 강동면,경상사고,0,0,2,0,차대차 - 기타,안전운전불이행,습기,비,교차로 - 교차로안,화물,남,45세,상해없음,승용,남,45세,상해없음
2014062100100267,2014년 6월 21일 11시,토요일,강원도 원주시 단계동,경상사고,0,0,1,0,차대차 - 추돌 - 진행중,중앙선침범,건조,맑음,교차로 - 교차로부근,승용,남,19세,상해없음,승용,남,58세,경상
2014062100100295,2014년 6월 21일 12시,토요일,강원도 홍천군 홍천읍,중상사고,0,1,1,0,차대차 - 기타,교차로운행방법위반,건조,맑음,교차로 - 교차로안,승용,남,25세,상해없음,승용,남,64세,중상
2014062100100318,2014년 6월 21일 13시,토요일,강원도 원주시 단계동,경상사고,0,0,1,0,차대차 - 추돌 - 진행중,직진우회전진행방해,건조,맑음,교차로 - 교차로안,승용,여,30세,상해없음,승용,여,43세,경상
2014062100100319,2014년 6월 21일 13시,토요일,강원도 원주시 단구동,경상사고,0,0,1,0,차대차 - 추돌 - 진행중,안전운전불이행,건조,맑음,교차로 - 교차로부근,승용,여,38세,상해없음,자전거,남,14세,경상
2014062100100348,2014년 6월 21일 14시,토요일,강원도 춘천시 교동,경상사고,0,0,1,0,차대사람 - 보도통행중,안전운전불이행,건조,맑음,단일로 - 기타,승용,여,37세,상해없음,보행자,남,40세,경상
2014062100100383,2014년 6월 21일 15시,토요일,강원도 평창군 봉평면,경상사고,0,0,2,0,차대차 - 측면직각충돌,안전운전불이행,건조,맑음,단일로 - 기타,승용,남,41세,상해없음,승용,여,49세,경상
2014062100100449,2014년 6월 21일 17시,토요일,강원도 춘천시 퇴계동,사망사고,1,0,0,0,차대사람 - 횡단중,안전운전불이행,건조,맑음,기타 - 기타,승용,남,43세,상해없음,보행자,여,21세,사망
2014062100100450,2014년 6월 21일 17시,토요일,강원도 속초시 조양동,경상사고,0,0,3,0,차대차 - 측면직각충돌,중앙선침범,건조,맑음,단일로 - 기타,승용,여,30세,상해없음,승용,남,36세,경상
2014062100100490,2014년 6월 21일 18시,토요일,강원도 춘천시 온의동,경상사고,0,0,2,0,차량단독 - 기타,기타,건조,맑음,단일로 - 기타,승합,남,54세,상해없음,,,,
2014062100100524,2014년 6월 21일 19시,토요일,강원도 원주시 단계동,중상사고,0,1,0,0,차대차 - 추돌 - 진행중,안전운전불이행,습기,비,교차로 - 교차로부근,승용,여,48세,상해없음,자전거,남,17세,중상
2014062100100556,2014년 6월 21일 20시,토요일,강원도 강릉시 안현동,경상사고,0,0,1,0,차대사람 - 길가장자리구역통행중,안전운전불이행,건조,맑음,단일로 - 기타,승용,남,67세,상해없음,보행자,남,43세,경상
2014062100100557,2014년 6월 21일 20시,토요일,강원도 원주시 태장동,경상사고,0,0,1,0,차대사람 - 횡단중,신호위반,습기,비,단일로 - 횡단보도상,승용,여,43세,상해없음,보행자,여,21세,경상
2014062100100558,2014년 6월 21일 20시,토요일,강원도 원주시 개운동,경상사고,0,0,1,0,차대차 - 추돌 - 진행중,안전거리미확보,습기,기타,단일로 - 기타,승용,여,26세,상해없음,승용,남,45세,경상