사고번호,사고일시,요일,시군구,사고내용,사망자수,중상자수,경상자수,부상신고자수,사고유형,법규위반,노면상태,기상상태,도로형태,가해운전자 차종,가해운전자 성별,가해운전자 연령,가해운전자 상해정도,피해운전자 차종,피해운전자 성별,피해운전자 연령,피해운전자 상해정도
2014070800100381,2014년 7월 8일 15시,화요일,강원도 강릉시 연곡면,경상사고,0,0,3,0,차대차 - 기타,안전운전불이행,건조,맑음,교차로 - 교차로안,승용,남,43세,상해없음,승용,남,29세,경상
2014070800100422,2014년 7월 8일 16시,화요일,강원도 춘천시 동내면,경상사고,0,0,1,0,차대차 - 측면직각충돌,기타,건조,맑음,단일로 - 기타,승용,여,28세,상해없음,화물,남,51세,경상
2014070800100454,2014년 7월 8일 17시,화요일,강원도 삼척시 교동,경상사고,0,0,1,0,차대차 - 측면직각충돌,안전운전불이행,건조,맑음,교차로 - 교차로부근,승용,남,51세,상해없음,자전거,남,10세,경상
2014070800100495,2014년 7월 8일 18시,화요일,강원도 강릉시 사천면,경상사고,0,0,2,0,차대차 - 기타,안전운전불이행,건조,맑음,단일로 - 기타,승용,여,52세,상해없음,화물,남,71세,경상
2014070800100496,2014년 7월 8일 18시,화요일,강원도 정선군 정선읍,중상사고,0,1,1,0,차대차 - 측면직각충돌,교차로운행방법위반,건조,맑음,교차로 - 교차로안,승용,남,32세,상해없음,승용,남,52세,경상
2014070800100529,2014년 7월 8일 19시,화요일,강원도 춘천시 동내면,경상사고,0,0,3,0,차대차 - 측면직각충돌,신호위반,건조,맑음,교차로 - 교차로안,승용,남,51세,상해없음,승용,남,35세,경상
2014070800100530,2014년 7월 8일 19시,화요일,강원도 평창군 대관령면,중상사고,0,1,0,0,차대사람 - 길가장자리구역통행중,안전운전불이행,건조,맑음,단일로 - 기타,화물,남,63세,상해없음,보행자,남,30세,중상
2014070800100531,2014년 7월 8일 19시,화요일,강원도 동해시 천곡동,중상사고,0,1,0,0,차대차 - 기타,중앙선침범,건조,맑음,교차로 - 교차로안,승용,남,60세,상해없음,승용,여,59세,중상
2014070800100570,2014년 7월 8일 20시,화요일,강원도 춘천시 소양로2가,부상신고사고,0,0,0,1,차대차 - 측면직각충돌,안전운전불이행,건조,맑음,단일로 - 기타,이륜,남,83세,부상신고,승용,남,26세,상해없음
2014070800100571,2014년 7월 8일 20시,화요일,강원도 강릉시 금학동,부상신고사고,0,0,0,1,차대사람 - 기타,안전운전불이행,건조,맑음,단일로 - 기타,기타불명,기타불명,기타불명,기타불명,보행자,여,20세,부상신고
2014070800100572,2014년 7월 8일 20시,화요일,강원도 원주시 단구동,경상사고,0,0,2,0,차대차 - 기타,안전운전불이행,건조,흐림,단일로 - 기타,승합,남,52세,상해없음,승용,여,45세,경상
2014070800100658,2014년 7월 8일 23시,화요일,강원도 평창군 평창읍,경상사고,0,0,2,0,차대차 - 측면직각충돌,안전운전불이행,습기,흐림,교차로 - 교차로안,승합,남,47세,상해없음,승용,남,50세,상해없음
2014070900100017,2014년 7월 9일 00시,수요일,강원도 원주시 개운동,경상사고,0,0,3,0,차대차 - 기타,교차로운행방법위반,습기,흐림,교차로 - 교차로안,승용,여,59세,상해없음,승용,여,57세,경상
2014070900100125,2014년 7월 9일 08시,수요일,강원도 춘천시 우두동,경상사고,0,0,1,0,차대사람 - 기타,기타,건조,맑음,단일로 - 기타,기타불명,기타불명,기타불명,기타불명,보행자,남,41세,경상
2014070900100126,2014년 7월 9일 08시,수요일,강원도 철원군 동송읍,경상사고,0,0,2,0,차대차 - 측면직각충돌,안전운전불이행,건조,맑음,교차로 - 교차로안,화물,남,45세,상해없음,승용,여,49세,경상
2014070900100155,2014년 7월 9일 09시,수요일,강원도 춘천시 효자동,중상사고,0,1,0,0,차량단독 - 공작물충돌,안전운전불이행,건조,맑음,단일로 - 기타,승용,여,24세,상해없음,,,,
2014070900100244,2014년 7월 9일 12시,수요일,강원도 평창군 대화면,중상사고,0,1,0,0,차대사람 - 차도통행중,안전운전불이행,건조,맑음,교차로 - 교차로부근,승용,여,62세,상해없음,보행자,남,71세,중상
2014070900100245,2014년 7월 9일 12시,수요일,강원도 정선군 남면,사망사고,1,0,0,0,차량단독 - 전도전복,안전운전불이행,습기,비,단일로 - 기타,화물,남,59세,사망,,,,
2014070900100246,2014년 7월 9일 12시,수요일,강원도 동해시 대진동,중상사고,0,1,0,0,차량단독 - 전도전복,안전운전불이행,건조,흐림,단일로 - 기타,이륜,남,45세,중상,,,,
2014070900100267,2014년 7월 9일 13시,수요일,강원도 춘천시 신동,경상사고,0,0,2,0,차대차 - 추돌 - 주정차중,안전운전불이행,건조,맑음,교차로 - 교차로부근,승용,남,30세,기타불명,승용,여,62세,경상
2014070900100268,2014년 7월 9일 13시,수요일,강원도 원주시 소초면,중상사고,0,1,1,0,차대차 - 추돌 - 진행중,안전거리미확보,건조,맑음,교차로 - 교차로부근,화물,남,43세,상해없음,승용,여,67세,경상
2014070900100301,2014년 7월 9일 14시,수요일,강원도 원주시 단계동,경상사고,0,0,1,0,차대사람 - 기타,보행자보호의무위반,습기,맑음,단일로 - 횡단보도상,승용,여,36세,상해없음,보행자,남,60세,경상
2014070900100302,2014년 7월 9일 14시,수요일,강원도 동해시 발한동,중상사고,0,1,0,0,차대사람 - 기타,안전운전불이행,습기,비,단일로 - 기타,자전거,남,14세,상해없음,보행자,여,66세,중상
2014070900100334,2014년 7월 9일 15시,수요일,강원도 춘천시 석사동,경상사고,0,0,2,0,차대차 - 기타,안전운전불이행,습기,비,단일로 - 기타,화물,남,57세,상해없음,승용,여,34세,경상
2014070900100335,2014년 7월 9일 15시,수요일,강원도 평창군 진부면,경상사고,0,0,4,0,차대차 - 정면충돌,중앙선침범,습기,맑음,단일로 - 기타,화물,남,38세,상해없음,승합,남,68세,경상
2014070900100377,2014년 7월 9일 16시,수요일,강원도 강릉시 교동,경상사고,0,0,1,0,차대차 - 측면직각충돌,안전운전불이행,건조,맑음,단일로 - 기타,승용,남,31세,상해없음,승용,여,33세,경상
2014070900100378,2014년 7월 9일 16시,수요일,강원도 원주시 무실동,중상사고,0,1,2,0,차대차 - 추돌 - 주정차중,안전운전불이행,습기,맑음,교차로 - 교차로부근,화물,여,37세,상해없음,승용,여,39세,중상
2014070900100411,2014년 7월 9일 17시,수요일,강원도 원주시 행구동,중상사고,0,3,1,0,차대차 - 기타,중앙선침범,습기,흐림,단일로 - 기타,승용,남,54세,상해없음,승용,남,61세,중상
2014070900100412,2014년 7월 9일 17시,수요일,강원도 태백시 황지동,중상사고,0,1,0,0,차대사람 - 기타,안전운전불이행,건조,맑음,단일로 - 기타,승용,여,37세,상해없음,보행자,남,8세,중상
2014070900100413,2014년 7월 9일 17시,수요일,강원도 횡성군 둔내면,중상사고,0,1,1,0,차대차 - 기타,안전운전불이행,습기,비,단일로 - 기타,화물,남,57세,상해없음,화물,남,30세,상해없음
2014070900100449,2014년 7월 9일 18시,수요일,강원도 원주시 평원동,경상사고,0,0,1,0,차대차 - 측면직각충돌,신호위반,습기,비,교차로 - 교차로안,승용,남,43세,상해없음,승용,남,53세,경상
2014070900100450,2014년 7월 9일 18시,수요일,강원도 홍천군 화촌면,경상사고,0,0,1,0,차량단독 - 기타,기타,습기,맑음,단일로 - 기타,승용,여,55세,경상,,,,
2014070900100451,2014년 7월 9일 18시,수요일,강원도 홍천군 화촌면,경상사고,0,0,1,0,차대차 - 기타,안전운전불이행,습기,비,단일로 - 기타,화물,남,58세,상해없음,승용,남,28세,경상
2014070900100505,2014년 7월 9일 19시,수요일,강원도 속초시 금호동,부상신고사고,0,0,0,1,차대차 - 추돌 - 주정차중,안전운전불이행,건조,맑음,기타 - 기타,승용,여,35세,상해없음,승용,남,56세,부상신고
2014070900100531,2014년 7월 9일 20시,수요일,강원도 춘천시 중앙로3가,경상사고,0,0,2,0,차대차 - 측면직각충돌,안전거리미확보,건조,맑음,단일로 - 기타,승용,여,35세,상해없음,승합,남,45세,경상
2014070900100568,2014년 7월 9일 21시,수요일,강원도 속초시 영랑동,경상사고,0,0,1,0,차대사람 - 횡단중,안전운전불이행,건조,맑음,단일로 - 기타,승용,남,75세,상해없음,보행자,남,66세,경상
2014070900100632,2014년 7월 9일 23시,수요일,강원도 강릉시 교동,경상사고,0,0,2,0,차대차 - 측면직각충돌,안전운전불이행,건조,맑음,단일로 - 기타,승용,여,43세,상해없음,승합,남,72세,경상
2014071000100080,2014년 7월 10일 05시,목요일,강원도 홍천군 홍천읍,경상사고,0,0,1,0,차량단독 - 기타,안전운전불이행,건조,맑음,교차로 - 교차로부근,이륜,남,19세,상해없음,,,,
2014071000100081,2014년 7월 10일 05시,목요일,강원도 철원군 동송읍,중상사고,0,1,0,0,차대차 - 측면직각충돌,교차로운행방법위반,건조,맑음,교차로 - 교차로안,원동기,남,47세,중상,승용,남,30세,상해없음
2014071000100092,2014년 7월 10일 06시,목요일,강원도 원주시 평원동,경상사고,0,0,1,0,차대사람 - 기타,안전운전불이행,건조,맑음,교차로 - 교차로부근,승용,남,62세,기타불명,보행자,여,68세,경상
2014071000100149,2014년 7월 10일 08시,목요일,강원도 강릉시 포남동,경상사고,0,0,1,0,차대차 - 기타,신호위반,건조,맑음,교차로 - 교차로안,승용,여,45세,상해없음,승용,여,51세,경상
2014071000100150,2014년 7월 10일 08시,목요일,강원도 평창군 용평면,중상사고,0,1,4,1,차대차 - 정면충돌,안전운전불이행,건조,맑음,단일로 - 기타,승용,남,41세,부상신고,승합,남,67세,경상
2014071000100151,2014년 7월 10일 08시,목요일,강원도 화천군 간동면,경상사고,0,0,2,0,차대차 - 정면충돌,안전거리미확보,건조,맑음,교차로 - 교차로부근,승용,남,43세,상해없음,승용,여,52세,경상
2014071000100152,2014년 7월 10일 08시,목요일,강원도 태백시 장성동,경상사고,0,0,2,0,차대차 - 기타,안전운전불이행,건조,맑음,단일로 - 기타,승용,남,36세,상해없음,승용,남,44세,상해없음
2014071000100196,2014년 7월 10일 09시,목요일,강원도 삼척시 근덕면,중상사고,0,1,0,0,차량단독 - 기타,안전운전불이행,건조,맑음,단일로 - 기타,이륜,여,66세,중상,,,,
2014071000100227,2014년 7월 10일 10시,목요일,강원도 원주시 단구동,중상사고,0,1,0,0,차대사람 - 기타,안전운전불이행,건조,맑음,기타 - 기타,승용,여,26세,상해없음,보행자,여,63세,중상
2014071000100228,2014년 7월 10일 10시,목요일,강원도 동해시 천곡동,경상사고,0,0,1,0,차대차 - 추돌 - 진행중,안전운전불이행,건조,맑음,교차로 - 교차로부근,승용,남,48세,상해없음,승용,남,64세,경상
2014071000100262,2014년 7월 10일 11시,목요일,강원도 평창군 진부면,중상사고,0,1,0,0,차대차 - 측면직각충돌,신호위반,건조,맑음,교차로 - 교차로안,승용,남,37세,상해없음,이륜,여,67세,중상
2014071000100287,2014년 7월 10일 12시,목요일,강원도 원주시 반곡동,중상사고,0,1,0,0,차대차 - 측면직각충돌,안전운전불이행,건조,맑음,단일로 - 기타,화물,남,47세,상해없음,승합,남,51세,중상
2014071000100330,2014년 7월 10일 14시,목요일,강원도 평창군 용평면,경상사고,0,0,1,0,차량단독 - 공작물충돌,안전운전불이행,건조,맑음,단일로 - 기타,승용,남,23세,상해없음,,,,
2014071000100364,2014년 7월 10일 15시,목요일,강원도 춘천시 교동,경상사고,0,0,1,0,차대차 - 측면직각충돌,안전거리미확보,건조,맑음,교차로 - 교차로안,승용,남,54세,상해없음,이륜,남,22세,경상
2014071000100365,2014년 7월 10일 15시,목요일,강원도 원주시 단계동,중상사고,0,2,0,0,차대차 - 추돌 - 진행중,안전거리미확보,건조,맑음,교차로 - 교차로부근,화물,남,24세,상해없음,승용,남,68세,중상
2014071000100395,2014년 7월 10일 16시,목요일,강원도 원주시 판부면,경상사고,0,0,1,0,차대차 - 기타,기타,건조,맑음,교차로 - 교차로안,화물,남,36세,상해없음,승용,여,50세,경상
2014071000100396,2014년 7월 10일 16시,목요일,강원도 홍천군 홍천읍,중상사고,0,1,0,0,차대차 - 기타,신호위반,건조,맑음,교차로 - 교차로안,이륜,남,29세,중상,화물,남,37세,상해없음
2014071000100437,2014년 7월 10일 17시,목요일,강원도 춘천시 근화동,중상사고,0,1,0,0,차대차 - 측면직각충돌,신호위반,건조,맑음,단일로 - 기타,승용,여,23세,상해없음,자전거,남,79세,중상
2014071000100438,2014년 7월 10일 17시,목요일,강원도 원주시 명륜동,경상사고,0,0,1,0,차대차 - 기타,안전거리미확보,건조,맑음,단일로 - 기타,승용,남,67세,상해없음,승용,남,52세,경상
2014071000100533,2014년 7월 10일 19시,목요일,강원도 태백시 장성동,경상사고,0,0,3,0,차대차 - 기타,안전운전불이행,건조,맑음,교차로 - 교차로안,승용,남,25세,상해없음,승용,여,52세,경상
2014071000100534,2014년 7월 10일 19시,목요일,강원도 동해시 나안동,경상사고,0,0,1,0,차대차 - 추돌 - 진행중,안전거리미확보,건조,맑음,단일로 - 기타,승용,여,38세,상해없음,승용,여,55세,경상
2014071000100535,2014년 7월 10일 19시,목요일,강원도 동해시 동회동,중상사고,0,1,0,0,차대차 - 기타,안전운전불이행,건조,맑음,교차로 - 교차로안,이륜,남,25세,중상,승용,남,37세,상해없음
2014071000100639,2014년 7월 10일 22시,목요일,강원도 원주시 명륜동,중상사고,0,2,1,0,차대차 - 기타,안전운전불이행,건조,맑음,단일로 - 기타,화물,남,42세,기타불명,승용,남,47세,경상
2014071000100662,2014년 7월 10일 23시,목요일,강원도 동해시 효가동,경상사고,0,0,2,0,차대차 - 추돌 - 진행중,안전운전불이행,건조,맑음,교차로 - 교차로부근,승용,남,34세,상해없음,승용,남,28세,경상
2014071100100027,2014년 7월 11일 01시,금요일,강원도 원주시 단구동,중상사고,0,1,1,0,차대사람 - 기타,신호위반,건조,맑음,교차로 - 교차로안,승용,남,54세,상해없음,보행자,남,23세,중상
2014071100100107,2014년 7월 11일 07시,금요일,강원도 원주시 가현동,경상사고,0,0,1,0,차대사람 - 횡단중,신호위반,건조,맑음,단일로 - 횡단보도상,승용,남,48세,상해없음,보행자,남,20세,경상
2014071100100142,2014년 7월 11일 08시,금요일,강원도 철원군 김화읍,중상사고,0,1,2,0,차대차 - 측면직각충돌,안전운전불이행,건조,맑음,단일로 - 기타,승합,남,40세,상해없음,화물,남,70세,상해없음
2014071100100175,2014년 7월 11일 09시,금요일,강원도 춘천시 효자동,경상사고,0,0,1,0,차대차 - 측면직각충돌,안전운전불이행,건조,맑음,교차로 - 교차로안,승용,여,55세,상해없음,승용,여,54세,경상
2014071100100176,2014년 7월 11일 09시,금요일,강원도 영월군 영월읍,중상사고,0,1,1,0,차대차 - 추돌 - 주정차중,안전운전불이행,건조,맑음,단일로 - 교량,승용,남,29세,상해없음,승용,남,39세,경상
2014071100100212,2014년 7월 11일 10시,금요일,강원도 강릉시 홍제동,중상사고,0,1,0,0,차대차 - 측면직각충돌,안전운전불이행,건조,맑음,교차로 - 교차로안,승용,여,63세,상해없음,승용,남,42세,중상
2014071100100244,2014년 7월 11일 11시,금요일,강원도 춘천시 남산면,경상사고,0,0,1,0,차대차 - 기타,중앙선침범,건조,맑음,단일로 - 기타,화물,남,61세,상해없음,승용,남,44세,경상
2014071100100245,2014년 7월 11일 11시,금요일,강원도 강릉시 포남동,경상사고,0,0,1,0,차대차 - 기타,안전운전불이행,건조,맑음,단일로 - 기타,승용,남,43세,상해없음,승용,여,32세,경상
2014071100100246,2014년 7월 11일 11시,금요일,강원도 강릉시 홍제동,경상사고,0,0,1,0,차대차 - 기타,기타,건조,맑음,단일로 - 기타,특수,남,36세,상해없음,승용,여,46세,경상
2014071100100247,2014년 7월 11일 11시,금요일,강원도 원주시 단계동,경상사고,0,0,3,0,차대차 - 측면직각충돌,교차로운행방법위반,건조,맑음,교차로 - 교차로안,승용,남,54세,상해없음,승용,남,34세,경상
2014071100100275,2014년 7월 11일 12시,금요일,강원도 강릉시 교동,경상사고,0,0,1,0,차대차 - 기타,안전운전불이행,건조,맑음,단일로 - 기타,승용,여,35세,상해없음,승용,남,48세,경상
2014071100100276,2014년 7월 11일 12시,금요일,강원도 원주시 우산동,중상사고,0,2,0,0,차대차 - 추돌 - 진행중,안전거리미확보,건조,맑음,교차로 - 교차로부근,건설기계,남,49세,상해없음,승용,여,47세,중상
2014071100100301,2014년 7월 11일 13시,금요일,강원도 춘천시 중앙로1가,경상사고,0,0,1,0,차대차 - 기타,안전운전불이행,건조,맑음,교차로 - 교차로안,이륜,남,40세,상해없음,승용,여,55세,경상
2014071100100302,2014년 7월 11일 13시,금요일,강원도 태백시 황지동,경상사고,0,0,2,1,차대차 - 측면직각충돌,교차로운행방법위반,건조,맑음,교차로 - 교차로안,승용,남,57세,상해없음,승용,남,64세,상해없음
2014071100100341,2014년 7월 11일 14시,금요일,강원도 춘천시 효자동,경상사고,0,0,1,0,차대차 - 기타,교차로운행방법위반,건조,맑음,교차로 - 교차로안,승용,여,50세,상해없음,원동기,남,65세,경상
2014071100100342,2014년 7월 11일 14시,금요일,강원도 동해시 나안동,경상사고,0,0,3,0,차대차 - 추돌 - 주정차중,안전거리미확보,건조,맑음,교차로 - 교차로부근,승용,여,42세,상해없음,승용,남,72세,경상
2014071100100378,2014년 7월 11일 15시,금요일,강원도 춘천시 약사동,경상사고,0,0,3,0,차대차 - 측면직각충돌,안전거리미확보,건조,맑음,기타 - 기타,승용,여,53세,상해없음,승용,남,54세,경상
2014071100100379,2014년 7월 11일 15시,금요일,강원도 원주시 명륜동,중상사고,0,1,1,0,차대사람 - 차도통행중,안전운전불이행,건조,맑음,단일로 - 기타,화물,남,38세,상해없음,보행자,여,74세,경상
2014071100100380,2014년 7월 11일 15시,금요일,강원도 속초시 중앙동,경상사고,0,0,2,0,차대차 - 측면직각충돌,신호위반,건조,맑음,교차로 - 교차로안,승용,여,37세,상해없음,승용,여,44세,경상
2014071100100411,2014년 7월 11일 16시,금요일,강원도 춘천시 남산면,사망사고,1,0,0,0,차대사람 - 기타,안전운전불이행,건조,맑음,단일로 - 기타,화물,남,55세,상해없음,보행자,여,77세,사망
2014071100100463,2014년 7월 11일 17시,금요일,강원도 강릉시 포남동,경상사고,0,0,2,0,차대사람 - 횡단중,안전운전불이행,건조,맑음,단일로 - 기타,화물,남,31세,상해없음,보행자,남,82세,경상
2014071100100464,2014년 7월 11일 17시,금요일,강원도 삼척시 원덕읍,경상사고,0,0,1,0,차대차 - 측면직각충돌,안전운전불이행,건조,맑음,교차로 - 교차로안,승용,남,25세,상해없음,화물,남,56세,상해없음
2014071100100465,2014년 7월 11일 17시,금요일,강원도 태백시 화전동,경상사고,0,0,4,0,차대차 - 추돌 - 진행중,안전거리미확보,건조,맑음,교차로 - 교차로부근,화물,남,49세,상해없음,승용,남,25세,경상
2014071100100517,2014년 7월 11일 18시,금요일,강원도 춘천시 효자동,경상사고,0,0,1,0,차대사람 - 길가장자리구역통행중,안전운전불이행,건조,맑음,단일로 - 기타,승용,여,23세,상해없음,보행자,여,22세,경상
2014071100100518,2014년 7월 11일 18시,금요일,강원도 원주시 관설동,중상사고,0,1,0,0,차대차 - 측면직각충돌,안전운전불이행,건조,맑음,교차로 - 교차로안,승용,여,42세,상해없음,원동기,남,68세,중상
2014071100100519,2014년 7월 11일 18시,금요일,강원도 원주시 단계동,중상사고,0,1,1,0,차대사람 - 횡단중,보행자보호의무위반,건조,맑음,교차로 - 교차로부근,화물,남,53세,상해없음,보행자,여,8세,중상
2014071100100520,2014년 7월 11일 18시,금요일,강원도 횡성군 서원면,경상사고,0,0,2,0,차대차 - 정면충돌,중앙선침범,건조,맑음,단일로 - 기타,화물,남,53세,상해없음,화물,남,41세,경상
2014071100100521,2014년 7월 11일 18시,금요일,강원도 동해시 나안동,중상사고,0,1,0,0,차대사람 - 기타,안전운전불이행,건조,맑음,단일로 - 기타,승합,남,50세,기타불명,보행자,남,18세,중상
2014071100100568,2014년 7월 11일 19시,금요일,강원도 강릉시 초당동,경상사고,0,0,2,0,차대차 - 측면직각충돌,안전운전불이행,건조,맑음,교차로 - 교차로안,승용,남,45세,상해없음,승용,여,56세,경상
2014071100100569,2014년 7월 11일 19시,금요일,강원도 양양군 양양읍,경상사고,0,0,1,0,차대차 - 측면직각충돌,안전거리미확보,건조,맑음,단일로 - 기타,승용,남,51세,상해없음,승용,남,25세,상해없음
2014071100100617,2014년 7월 11일 20시,금요일,강원도 원주시 개운동,경상사고,0,0,1,0,차대차 - 측면직각충돌,안전운전불이행,건조,맑음,단일로 - 횡단보도상,승합,남,70세,상해없음,자전거,남,17세,경상
2014071100100652,2014년 7월 11일 21시,금요일,강원도 원주시 단구동,경상사고,0,0,1,0,차대차 - 기타,직진우회전진행방해,건조,맑음,교차로 - 교차로안,기타불명,기타불명,기타불명,기타불명,이륜,남,18세,경상
2014071100100698,2014년 7월 11일 22시,금요일,강원도 춘천시 효자동,부상신고사고,0,0,0,1,차대차 - 기타,안전운전불이행,건조,맑음,교차로 - 교차로안,기타불명,기타불명,기타불명,기타불명,자전거,남,23세,부상신고
2014071100100699,2014년 7월 11일 22시,금요일,강원도 강릉시 포남동,경상사고,0,0,1,0,차대차 - 측면직각충돌,안전운전불이행,건조,맑음,교차로 - 교차로안,승용,남,49세,상해없음,승용,남,43세,경상
2014071100100700,2014년 7월 11일 22시,금요일,강원도 원주시 단구동,경상사고,0,0,1,0,차대차 - 추돌 - 진행중,안전운전불이행,건조,맑음,단일로 - 기타,승용,여,48세,상해없음,이륜,남,23세,경상
2014071100100741,2014년 7월 11일 23시,금요일,강원도 원주시 단계동,경상사고,0,0,3,0,차대차 - 추돌 - 진행중,안전운전불이행,건조,맑음,단일로 - 기타,화물,남,45세,상해없음,승용,남,50세,경상
2014071100100742,2014년 7월 11일 23시,금요일,강원도 원주시 학성동,경상사고,0,0,1,0,차대차 - 추돌 - 진행중,안전운전불이행,건조,기타,기타 - 기타,이륜,남,17세,상해없음,이륜,남,60세,경상
2014071100100743,2014년 7월 11일 23시,금요일,강원도 인제군 인제읍,경상사고,0,0,1,0,차량단독 - 공작물충돌,안전운전불이행,건조,맑음,단일로 - 기타,승용,남,53세,상해없음,,,,
2014071200100100,2014년 7월 12일 04시,토요일,강원도 평창군 방림면,경상사고,0,0,2,0,차대차 - 추돌 - 주정차중,안전운전불이행,건조,맑음,단일로 - 기타,화물,남,59세,상해없음,승용,남,51세,경상
2014071200100142,2014년 7월 12일 07시,토요일,강원도 춘천시 효자동,경상사고,0,0,2,0,차대차 - 기타,중앙선침범,건조,맑음,단일로 - 기타,승용,남,22세,상해없음,화물,남,52세,기타불명
2014071200100223,2014년 7월 12일 10시,토요일,강원도 강릉시 초당동,경상사고,0,0,1,0,차대차 - 측면직각충돌,안전운전불이행,건조,맑음,교차로 - 교차로부근,승용,남,44세,상해없음,승용,여,36세,경상
2014071200100255,2014년 7월 12일 11시,토요일,강원도 춘천시 퇴계동,경상사고,0,0,1,0,차대차 - 추돌 - 진행중,안전운전불이행,건조,맑음,단일로 - 기타,승용,남,44세,상해없음,화물,남,37세,경상
2014071200100283,2014년 7월 12일 12시,토요일,강원도 속초시 청호동,경상사고,0,0,1,0,차대차 - 측면직각충돌,교차로운행방법위반,건조,맑음,교차로 - 교차로안,승용,여,47세,상해없음,승용,남,41세,경상
2014071200100318,2014년 7월 12일 13시,토요일,강원도 강릉시 송정동,경상사고,0,0,1,0,차대차 - 기타,안전운전불이행,건조,맑음,교차로 - 교차로안,승용,남,77세,상해없음,이륜,남,16세,경상
2014071200100319,2014년 7월 12일 13시,토요일,강원도 원주시 무실동,경상사고,0,0,2,0,차대차 - 추돌 - 진행중,안전운전불이행,건조,맑음,교차로 - 교차로부근,승용,여,47세,상해없음,승용,남,43세,경상
2014071200100320,2014년 7월 12일 13시,토요일,강원도 삼척시 남양동,경상사고,0,0,3,0,차대차 - 측면직각충돌,직진우회전진행방해,건조,맑음,교차로 - 교차로안,승용,남,28세,경상,승용,여,37세,경상
2014071200100345,2014년 7월 12일 14시,토요일,강원도 원주시 태장동,경상사고,0,0,1,0,차대차 - 측면직각충돌,안전운전불이행,건조,맑음,단일로 - 기타,화물,남,31세,상해없음,승용,여,28세,경상
2014071200100346,2014년 7월 12일 14시,토요일,강원도 원주시 태장동,중상사고,0,1,0,0,차대사람 - 보도통행중,안전운전불이행,건조,맑음,단일로 - 기타,승용,남,32세,기타불명,보행자,남,16세,중상
2014071200100347,2014년 7월 12일 14시,토요일,강원도 평창군 봉평면,경상사고,0,0,1,0,차대차 - 측면직각충돌,안전운전불이행,건조,맑음,교차로 - 교차로안,승용,남,39세,상해없음,승용,남,33세,상해없음
2014071200100374,2014년 7월 12일 15시,토요일,강원도 홍천군 두촌면,중상사고,0,2,0,0,차대차 - 기타,차로위반,건조,맑음,단일로 - 기타,승용,남,59세,상해없음,이륜,남,50세,중상
2014071200100405,2014년 7월 12일 16시,토요일,강원도 강릉시 성산면,사망사고,1,0,0,0,차량단독 - 공작물충돌,안전운전불이행,건조,맑음,단일로 - 기타,이륜,남,28세,사망,,,,
2014071200100427,2014년 7월 12일 17시,토요일,강원도 평창군 봉평면,중상사고,0,2,0,0,차대차 - 측면직각충돌,안전운전불이행,건조,맑음,기타 - 기타,승용,여,62세,상해없음,승용,남,59세,중상
2014071200100478,2014년 7월 12일 19시,토요일,강원도 속초시 장사동,경상사고,0,0,1,0,차대차 - 측면직각충돌,안전운전불이행,건조,맑음,단일로 - 기타,화물,남,48세,상해없음,이륜,남,27세,경상
2014071200100545,2014년 7월 12일 21시,토요일,강원도 삼척시 우지동,중상사고,0,1,0,0,차량단독 - 도로외이탈 - 추락,안전운전불이행,건조,맑음,단일로 - 기타,승용,남,64세,중상,,,,
2014071300100078,2014년 7월 13일 03시,일요일,강원도 원주시 단계동,경상사고,0,0,1,0,차대사람 - 기타,안전운전불이행,건조,맑음,교차로 - 교차로안,승용,남,58세,상해없음,보행자,남,22세,경상
2014071300100137,2014년 7월 13일 07시,일요일,강원도 동해시 동회동,경상사고,0,0,1,0,차대차 - 추돌 - 진행중,안전거리미확보,건조,맑음,단일로 - 기타,승합,남,48세,상해없음,승용,남,47세,경상
2014071300100155,2014년 7월 13일 08시,일요일,강원도 강릉시 남문동,경상사고,0,0,1,0,차대차 - 기타,안전운전불이행,건조,맑음,교차로 - 교차로안,승합,남,52세,상해없음,승용,여,58세,경상
2014071300100168,2014년 7월 13일 09시,일요일,강원도 홍천군 홍천읍,경상사고,0,0,2,0,차대차 - 기타,안전거리미확보,건조,맑음,교차로 - 교차로부근,승용,남,62세,상해없음,승용,남,22세,경상
2014071300100192,2014년 7월 13일 10시,일요일,강원도 양양군 서면,중상사고,0,1,0,0,차량단독 - 공작물충돌,안전운전불이행,건조,맑음,미분류 - 미분류,이륜,남,45세,중상,,,,
2014071300100201,2014년 7월 13일 11시,일요일,강원도 강릉시 연곡면,경상사고,0,0,4,0,차대차 - 기타,중앙선침범,건조,맑음,단일로 - 기타,승용,남,75세,상해없음,승용,남,46세,경상
2014071300100202,2014년 7월 13일 11시,일요일,강원도 양양군 서면,경상사고,0,0,2,0,차대차 - 추돌 - 진행중,안전운전불이행,건조,맑음,단일로 - 기타,이륜,남,36세,상해없음,승용,남,58세,경상
2014071300100217,2014년 7월 13일 12시,일요일,강원도 홍천군 서면,중상사고,0,1,3,0,차대차 - 기타,교차로운행방법위반,건조,맑음,교차로 - 교차로안,승용,남,28세,상해없음,승용,여,54세,중상
2014071300100246,2014년 7월 13일 13시,일요일,강원도 강릉시 교동,사망사고,1,0,0,0,차대사람 - 기타,기타,건조,맑음,단일로 - 기타,승용,남,64세,상해없음,보행자,여,56세,사망