사고번호,사고일시,요일,시군구,사고내용,사망자수,중상자수,경상자수,부상신고자수,사고유형,법규위반,노면상태,기상상태,도로형태,가해운전자 차종,가해운전자 성별,가해운전자 연령,가해운전자 상해정도,피해운전자 차종,피해운전자 성별,피해운전자 연령,피해운전자 상해정도
2014071300100247,2014년 7월 13일 13시,일요일,강원도 속초시 대포동,경상사고,0,0,2,0,차대차 - 추돌 - 주정차중,안전운전불이행,건조,맑음,교차로 - 교차로부근,승용,남,59세,상해없음,승합,남,45세,경상
2014071300100248,2014년 7월 13일 13시,일요일,강원도 홍천군 두촌면,경상사고,0,0,1,0,차대차 - 측면직각충돌,안전운전불이행,건조,맑음,단일로 - 기타,승용,남,50세,기타불명,승용,남,34세,상해없음
2014071300100286,2014년 7월 13일 14시,일요일,강원도 원주시 개운동,경상사고,0,0,1,0,차대차 - 측면직각충돌,신호위반,건조,맑음,교차로 - 교차로안,원동기,남,21세,경상,승용,남,34세,상해없음
2014071300100287,2014년 7월 13일 14시,일요일,강원도 원주시 행구동,중상사고,0,2,0,0,차대차 - 측면직각충돌,교차로운행방법위반,건조,맑음,교차로 - 교차로안,승용,여,44세,상해없음,승용,남,26세,중상
2014071300100288,2014년 7월 13일 14시,일요일,강원도 동해시 단봉동,중상사고,0,1,0,0,차대차 - 기타,안전운전불이행,건조,맑음,교차로 - 교차로부근,승용,여,54세,상해없음,자전거,남,13세,중상
2014071300100322,2014년 7월 13일 15시,일요일,강원도 고성군 죽왕면,중상사고,0,1,0,0,차대사람 - 횡단중,안전운전불이행,건조,맑음,단일로 - 기타,화물,남,53세,상해없음,보행자,남,76세,중상
2014071300100343,2014년 7월 13일 16시,일요일,강원도 원주시 태장동,경상사고,0,0,1,0,차대사람 - 기타,안전운전불이행,건조,맑음,단일로 - 기타,기타불명,기타불명,기타불명,기타불명,보행자,남,54세,경상
2014071300100344,2014년 7월 13일 16시,일요일,강원도 속초시 조양동,경상사고,0,0,1,0,차대차 - 측면직각충돌,교차로운행방법위반,건조,맑음,교차로 - 교차로안,승용,남,38세,상해없음,승용,남,58세,경상
2014071300100345,2014년 7월 13일 16시,일요일,강원도 태백시 황지동,경상사고,0,0,2,0,차대차 - 기타,차로위반,건조,맑음,교차로 - 교차로부근,승용,남,37세,상해없음,승용,남,43세,경상
2014071300100346,2014년 7월 13일 16시,일요일,강원도 정선군 화암면,경상사고,0,0,2,0,차대사람 - 보도통행중,기타,건조,맑음,기타 - 기타,승용,남,60세,상해없음,보행자,여,43세,경상
2014071300100374,2014년 7월 13일 17시,일요일,강원도 원주시 단구동,경상사고,0,0,1,0,차대차 - 기타,안전운전불이행,건조,맑음,교차로 - 교차로안,승용,남,33세,상해없음,이륜,남,48세,경상
2014071300100439,2014년 7월 13일 19시,일요일,강원도 양양군 서면,경상사고,0,0,1,0,차대사람 - 기타,안전운전불이행,건조,맑음,기타 - 기타,승용,여,53세,상해없음,보행자,여,50세,경상
2014071300100440,2014년 7월 13일 19시,일요일,강원도 춘천시 동내면,경상사고,0,0,2,0,차대차 - 추돌 - 진행중,안전운전불이행,건조,맑음,단일로 - 기타,승합,남,51세,상해없음,승용,여,30세,경상
2014071300100507,2014년 7월 13일 22시,일요일,강원도 영월군 남면,중상사고,0,1,0,0,차대차 - 기타,안전운전불이행,건조,맑음,단일로 - 기타,승용,남,59세,상해없음,승용,남,47세,중상
2014071300100523,2014년 7월 13일 23시,일요일,강원도 강릉시 사천면,경상사고,0,0,1,0,차대차 - 측면직각충돌,안전운전불이행,건조,맑음,단일로 - 기타,승용,여,31세,상해없음,화물,남,27세,경상
2014071400100020,2014년 7월 14일 01시,월요일,강원도 홍천군 두촌면,경상사고,0,0,1,0,차대차 - 추돌 - 주정차중,안전운전불이행,건조,맑음,기타 - 기타,화물,남,39세,기타불명,승용,남,31세,상해없음
2014071400100039,2014년 7월 14일 03시,월요일,강원도 정선군 사북읍,중상사고,0,1,1,0,차대차 - 측면직각충돌,교차로운행방법위반,건조,맑음,교차로 - 교차로안,승용,남,51세,상해없음,승용,여,61세,경상
2014071400100047,2014년 7월 14일 04시,월요일,강원도 강릉시 포남동,경상사고,0,0,1,0,차대차 - 기타,신호위반,건조,맑음,교차로 - 교차로안,승합,남,32세,상해없음,자전거,남,72세,경상
2014071400100064,2014년 7월 14일 06시,월요일,강원도 삼척시 원덕읍,경상사고,0,0,2,0,차대차 - 기타,안전운전불이행,건조,맑음,교차로 - 교차로안,승용,남,56세,경상,승용,남,66세,경상
2014071400100108,2014년 7월 14일 08시,월요일,강원도 원주시 호저면,중상사고,0,2,0,0,차대차 - 기타,안전거리미확보,건조,맑음,단일로 - 기타,승합,남,43세,상해없음,승용,남,40세,중상
2014071400100109,2014년 7월 14일 08시,월요일,강원도 평창군 대화면,중상사고,0,2,2,2,차대차 - 정면충돌,기타,건조,맑음,단일로 - 기타,승용,남,56세,상해없음,승합,남,55세,경상
2014071400100110,2014년 7월 14일 08시,월요일,강원도 고성군 거진읍,경상사고,0,0,1,0,차대차 - 추돌 - 진행중,안전운전불이행,건조,맑음,교차로 - 교차로안,승용,남,32세,상해없음,승용,남,69세,경상
2014071400100148,2014년 7월 14일 09시,월요일,강원도 원주시 단계동,경상사고,0,0,1,0,차대차 - 기타,신호위반,건조,맑음,교차로 - 교차로안,승용,여,43세,상해없음,승용,남,56세,경상
2014071400100174,2014년 7월 14일 10시,월요일,강원도 춘천시 교동,중상사고,0,1,0,0,차대사람 - 기타,안전운전불이행,건조,맑음,단일로 - 기타,건설기계,남,57세,상해없음,보행자,여,34세,중상
2014071400100175,2014년 7월 14일 10시,월요일,강원도 춘천시 근화동,중상사고,0,1,1,0,차대차 - 추돌 - 진행중,안전거리미확보,건조,맑음,교차로 - 교차로부근,승용,남,62세,상해없음,승용,여,46세,경상
2014071400100176,2014년 7월 14일 10시,월요일,강원도 동해시 효가동,중상사고,0,2,0,0,차대차 - 추돌 - 주정차중,안전거리미확보,건조,맑음,교차로 - 교차로안,승합,남,44세,상해없음,승용,남,21세,중상
2014071400100223,2014년 7월 14일 12시,월요일,강원도 춘천시 근화동,경상사고,0,0,1,0,차대차 - 측면직각충돌,신호위반,건조,맑음,교차로 - 교차로안,화물,남,61세,상해없음,승용,남,60세,경상
2014071400100224,2014년 7월 14일 12시,월요일,강원도 춘천시 효자동,경상사고,0,0,1,0,차대차 - 측면직각충돌,안전운전불이행,건조,맑음,단일로 - 기타,승용,여,58세,상해없음,승용,여,62세,경상
2014071400100249,2014년 7월 14일 13시,월요일,강원도 삼척시 근덕면,경상사고,0,0,1,0,차대차 - 기타,안전운전불이행,건조,맑음,단일로 - 터널,승용,남,73세,경상,화물,여,27세,상해없음
2014071400100280,2014년 7월 14일 14시,월요일,강원도 춘천시 사북면,중상사고,0,1,0,0,차대차 - 측면직각충돌,안전운전불이행,건조,맑음,단일로 - 기타,화물,남,57세,상해없음,승용,여,55세,중상
2014071400100281,2014년 7월 14일 14시,월요일,강원도 춘천시 퇴계동,중상사고,0,1,5,0,차대차 - 정면충돌,중앙선침범,건조,맑음,교차로 - 교차로부근,승용,여,58세,상해없음,승용,남,41세,경상
2014071400100307,2014년 7월 14일 15시,월요일,강원도 원주시 태장동,경상사고,0,0,2,0,차대차 - 추돌 - 진행중,안전거리미확보,건조,맑음,단일로 - 기타,승용,남,37세,상해없음,승용,여,31세,경상
2014071400100308,2014년 7월 14일 15시,월요일,강원도 속초시 조양동,경상사고,0,0,2,0,차대차 - 측면직각충돌,안전운전불이행,건조,맑음,단일로 - 기타,승합,남,59세,상해없음,승용,여,42세,경상
2014071400100309,2014년 7월 14일 15시,월요일,강원도 동해시 천곡동,경상사고,0,0,1,0,차대사람 - 횡단중,신호위반,건조,맑음,교차로 - 교차로부근,승용,여,68세,기타불명,보행자,여,39세,경상
2014071400100336,2014년 7월 14일 16시,월요일,강원도 춘천시 운교동,중상사고,0,1,0,0,차대사람 - 횡단중,안전운전불이행,건조,맑음,단일로 - 기타,이륜,남,51세,상해없음,보행자,남,66세,중상
2014071400100337,2014년 7월 14일 16시,월요일,강원도 원주시 단계동,경상사고,0,0,2,1,차대차 - 측면직각충돌,교차로운행방법위반,건조,맑음,교차로 - 교차로안,승용,남,58세,상해없음,승합,남,50세,경상
2014071400100338,2014년 7월 14일 16시,월요일,강원도 횡성군 안흥면,중상사고,0,2,1,0,차대차 - 추돌 - 진행중,안전운전불이행,건조,맑음,기타 - 기타,승용,남,56세,중상,화물,남,30세,경상
2014071400100373,2014년 7월 14일 17시,월요일,강원도 춘천시 중앙로1가,부상신고사고,0,0,0,1,차대차 - 측면직각충돌,교차로운행방법위반,건조,맑음,교차로 - 교차로안,승용,남,52세,상해없음,승합,남,50세,부상신고
2014071400100374,2014년 7월 14일 17시,월요일,강원도 원주시 단구동,경상사고,0,0,2,0,차대차 - 기타,교차로운행방법위반,건조,맑음,교차로 - 교차로안,승용,남,18세,경상,승용,여,49세,경상
2014071400100375,2014년 7월 14일 17시,월요일,강원도 원주시 명륜동,중상사고,0,1,0,0,차대사람 - 기타,안전운전불이행,건조,맑음,교차로 - 교차로부근,승용,여,49세,상해없음,보행자,남,48세,중상
2014071400100412,2014년 7월 14일 18시,월요일,강원도 춘천시 퇴계동,중상사고,0,1,0,0,차대차 - 측면직각충돌,안전운전불이행,건조,맑음,교차로 - 교차로안,승용,남,63세,상해없음,승용,여,36세,중상
2014071400100413,2014년 7월 14일 18시,월요일,강원도 원주시 소초면,경상사고,0,0,1,0,차대차 - 추돌 - 진행중,안전거리미확보,건조,맑음,교차로 - 교차로부근,승용,남,48세,상해없음,승용,남,28세,경상
2014071400100414,2014년 7월 14일 18시,월요일,강원도 삼척시 노곡면,경상사고,0,0,1,0,차량단독 - 기타,안전운전불이행,건조,맑음,단일로 - 기타,원동기,남,67세,경상,,,,
2014071400100490,2014년 7월 14일 20시,월요일,강원도 평창군 대화면,중상사고,0,2,1,0,차대사람 - 길가장자리구역통행중,안전운전불이행,건조,맑음,단일로 - 기타,화물,남,62세,상해없음,보행자,남,55세,중상
2014071400100491,2014년 7월 14일 20시,월요일,강원도 횡성군 횡성읍,중상사고,0,1,0,0,차대사람 - 길가장자리구역통행중,안전운전불이행,건조,맑음,단일로 - 기타,승용,남,21세,상해없음,보행자,여,52세,중상
2014071400100523,2014년 7월 14일 21시,월요일,강원도 춘천시 조양동,중상사고,0,1,0,0,차대사람 - 기타,안전운전불이행,건조,맑음,단일로 - 기타,승용,여,47세,상해없음,보행자,남,19세,중상
2014071400100558,2014년 7월 14일 22시,월요일,강원도 춘천시 신북읍,중상사고,0,1,0,0,차대사람 - 기타,안전운전불이행,건조,맑음,단일로 - 기타,승용,남,68세,상해없음,보행자,남,55세,중상
2014071500100079,2014년 7월 15일 07시,화요일,강원도 원주시 평원동,경상사고,0,0,1,0,차대사람 - 기타,안전운전불이행,건조,맑음,단일로 - 기타,승용,남,57세,상해없음,보행자,여,53세,경상
2014071500100080,2014년 7월 15일 07시,화요일,강원도 화천군 간동면,중상사고,0,1,2,0,차대차 - 측면직각충돌,교차로운행방법위반,건조,맑음,교차로 - 교차로부근,이륜,남,75세,중상,승용,남,33세,경상
2014071500100111,2014년 7월 15일 08시,화요일,강원도 횡성군 서원면,중상사고,0,1,0,0,차대차 - 기타,기타,건조,맑음,단일로 - 기타,화물,남,59세,상해없음,자전거,남,49세,중상
2014071500100163,2014년 7월 15일 10시,화요일,강원도 태백시 황지동,경상사고,0,0,1,0,차대차 - 측면직각충돌,교차로운행방법위반,건조,맑음,교차로 - 교차로안,승합,남,48세,상해없음,승합,남,55세,경상
2014071500100194,2014년 7월 15일 11시,화요일,강원도 원주시 문막읍,경상사고,0,0,1,0,차대차 - 추돌 - 진행중,안전거리미확보,건조,맑음,교차로 - 교차로안,승용,여,54세,상해없음,승용,남,34세,경상
2014071500100195,2014년 7월 15일 11시,화요일,강원도 고성군 거진읍,중상사고,0,1,2,0,차대차 - 측면직각충돌,교차로운행방법위반,건조,맑음,교차로 - 교차로안,승용,남,65세,상해없음,건설기계,남,48세,경상
2014071500100261,2014년 7월 15일 13시,화요일,강원도 영월군 영월읍,경상사고,0,0,4,0,차대차 - 정면충돌,안전운전불이행,건조,맑음,교차로 - 교차로부근,화물,남,56세,경상,승용,여,44세,경상
2014071500100317,2014년 7월 15일 15시,화요일,강원도 인제군 남면,중상사고,0,1,1,0,차대차 - 추돌 - 진행중,안전거리미확보,건조,맑음,단일로 - 기타,화물,남,41세,상해없음,화물,남,65세,중상
2014071500100344,2014년 7월 15일 16시,화요일,강원도 춘천시 온의동,사망사고,1,0,0,0,차대사람 - 기타,안전운전불이행,건조,맑음,단일로 - 기타,승용,남,75세,상해없음,보행자,남,80세,사망
2014071500100345,2014년 7월 15일 16시,화요일,강원도 횡성군 둔내면,중상사고,0,1,0,0,차량단독 - 기타,안전운전불이행,건조,맑음,기타 - 기타,화물,남,43세,상해없음,,,,
2014071500100380,2014년 7월 15일 17시,화요일,강원도 춘천시 동내면,경상사고,0,0,1,0,차대차 - 기타,안전운전불이행,건조,맑음,단일로 - 기타,승용,남,59세,상해없음,자전거,남,6세,경상
2014071500100381,2014년 7월 15일 17시,화요일,강원도 삼척시 남양동,경상사고,0,0,1,0,차대차 - 측면직각충돌,안전운전불이행,건조,맑음,교차로 - 교차로부근,원동기,여,47세,상해없음,승용,남,54세,경상
2014071500100437,2014년 7월 15일 18시,화요일,강원도 강릉시 내곡동,경상사고,0,0,2,0,차대차 - 기타,안전운전불이행,기타,기타,단일로 - 기타,승용,남,34세,상해없음,승용,여,46세,경상
2014071500100476,2014년 7월 15일 19시,화요일,강원도 춘천시 근화동,경상사고,0,0,1,0,차대차 - 측면직각충돌,안전운전불이행,건조,맑음,기타 - 기타,승용,남,32세,상해없음,자전거,남,19세,경상
2014071500100513,2014년 7월 15일 20시,화요일,강원도 동해시 송정동,경상사고,0,0,4,0,차대차 - 기타,안전거리미확보,건조,맑음,교차로 - 교차로부근,승합,남,47세,상해없음,승용,남,40세,경상
2014071500100556,2014년 7월 15일 21시,화요일,강원도 춘천시 석사동,중상사고,0,1,0,0,차대차 - 기타,신호위반,습기,비,교차로 - 교차로안,승합,남,55세,상해없음,승용,여,24세,중상
2014071500100557,2014년 7월 15일 21시,화요일,강원도 철원군 서면,중상사고,0,1,0,0,차대사람 - 길가장자리구역통행중,안전운전불이행,습기,흐림,단일로 - 기타,화물,남,56세,상해없음,보행자,남,65세,중상
2014071500100590,2014년 7월 15일 22시,화요일,강원도 춘천시 후평동,사망사고,1,0,0,0,차대사람 - 기타,안전운전불이행,습기,비,단일로 - 횡단보도부근,승합,남,52세,상해없음,보행자,남,47세,사망
2014071500100591,2014년 7월 15일 22시,화요일,강원도 춘천시 퇴계동,경상사고,0,0,1,0,차대사람 - 기타,안전운전불이행,습기,비,단일로 - 횡단보도상,승용,남,45세,상해없음,보행자,남,40세,경상
2014071500100592,2014년 7월 15일 22시,화요일,강원도 원주시 단계동,경상사고,0,0,3,0,차대차 - 측면직각충돌,직진우회전진행방해,건조,맑음,교차로 - 교차로안,승용,남,34세,상해없음,승용,남,28세,경상
2014071500100593,2014년 7월 15일 22시,화요일,강원도 원주시 태장동,중상사고,0,1,0,0,차대차 - 측면직각충돌,안전운전불이행,건조,맑음,단일로 - 기타,승용,남,30세,상해없음,이륜,남,16세,중상
2014071500100594,2014년 7월 15일 22시,화요일,강원도 원주시 일산동,경상사고,0,0,2,0,차대차 - 추돌 - 진행중,안전운전불이행,건조,맑음,단일로 - 기타,승용,남,28세,상해없음,승용,남,22세,경상
2014071500100634,2014년 7월 15일 23시,화요일,강원도 강릉시 회산동,사망사고,1,0,0,0,차량단독 - 전도전복,안전운전불이행,건조,맑음,단일로 - 기타,승용,남,28세,사망,,,,
2014071600100064,2014년 7월 16일 06시,수요일,강원도 화천군 하남면,경상사고,0,0,2,0,차대차 - 측면직각충돌,안전운전불이행,건조,맑음,기타 - 기타,승용,남,73세,기타불명,승용,남,57세,경상
2014071600100076,2014년 7월 16일 07시,수요일,강원도 삼척시 도계읍,중상사고,0,1,0,0,차대차 - 추돌 - 진행중,안전운전불이행,건조,맑음,교차로 - 교차로안,승용,여,52세,상해없음,원동기,여,53세,중상
2014071600100102,2014년 7월 16일 08시,수요일,강원도 원주시 명륜동,경상사고,0,0,1,0,차대차 - 추돌 - 주정차중,안전거리미확보,건조,맑음,단일로 - 기타,승용,남,51세,상해없음,승용,여,34세,경상
2014071600100146,2014년 7월 16일 09시,수요일,강원도 춘천시 신북읍,중상사고,0,2,2,1,차량단독 - 전도전복,기타,건조,맑음,단일로 - 기타,승합,남,32세,상해없음,,,,
2014071600100147,2014년 7월 16일 09시,수요일,강원도 속초시 조양동,경상사고,0,0,1,0,차대사람 - 기타,안전운전불이행,건조,맑음,단일로 - 기타,승용,남,47세,상해없음,보행자,여,52세,경상
2014071600100148,2014년 7월 16일 09시,수요일,강원도 정선군 신동읍,중상사고,0,1,0,0,차대차 - 측면직각충돌,안전운전불이행,건조,맑음,단일로 - 기타,화물,남,70세,상해없음,이륜,남,67세,중상
2014071600100149,2014년 7월 16일 09시,수요일,강원도 동해시 망상동,경상사고,0,0,6,0,차대차 - 추돌 - 주정차중,안전운전불이행,건조,맑음,단일로 - 기타,승용,여,40세,상해없음,승용,여,37세,경상
2014071600100181,2014년 7월 16일 10시,수요일,강원도 원주시 소초면,중상사고,0,1,0,0,차대차 - 측면직각충돌,직진우회전진행방해,건조,맑음,교차로 - 교차로안,승용,남,56세,상해없음,이륜,남,62세,중상
2014071600100231,2014년 7월 16일 12시,수요일,강원도 춘천시 교동,경상사고,0,0,1,0,차대사람 - 기타,보행자보호의무위반,건조,맑음,단일로 - 횡단보도상,승용,남,21세,상해없음,보행자,여,61세,경상
2014071600100262,2014년 7월 16일 13시,수요일,강원도 춘천시 신북읍,경상사고,0,0,1,0,차대차 - 기타,안전운전불이행,건조,맑음,단일로 - 기타,승용,여,52세,상해없음,화물,남,52세,경상
2014071600100263,2014년 7월 16일 13시,수요일,강원도 원주시 행구동,사망사고,1,0,0,0,차대사람 - 기타,안전운전불이행,건조,맑음,교차로 - 교차로안,건설기계,남,51세,상해없음,보행자,남,80세,사망
2014071600100264,2014년 7월 16일 13시,수요일,강원도 정선군 고한읍,중상사고,0,2,0,0,차대차 - 측면직각충돌,안전운전불이행,건조,맑음,교차로 - 교차로안,승용,남,70세,상해없음,이륜,남,73세,중상
2014071600100297,2014년 7월 16일 14시,수요일,강원도 원주시 봉산동,경상사고,0,0,1,0,차대차 - 측면직각충돌,교차로운행방법위반,건조,맑음,교차로 - 교차로안,승용,남,44세,상해없음,이륜,남,38세,경상
2014071600100298,2014년 7월 16일 14시,수요일,강원도 원주시 인동,경상사고,0,0,2,1,차대차 - 측면직각충돌,안전거리미확보,건조,맑음,교차로 - 교차로부근,승용,남,70세,부상신고,화물,남,44세,경상
2014071600100333,2014년 7월 16일 15시,수요일,강원도 고성군 현내면,경상사고,0,0,2,0,차대차 - 측면직각충돌,중앙선침범,건조,맑음,단일로 - 기타,승용,남,53세,상해없음,승용,남,53세,경상
2014071600100334,2014년 7월 16일 15시,수요일,강원도 양구군 양구읍,중상사고,0,1,0,0,차대차 - 측면직각충돌,안전운전불이행,건조,맑음,교차로 - 교차로부근,승합,남,59세,상해없음,자전거,남,7세,중상
2014071600100335,2014년 7월 16일 15시,수요일,강원도 동해시 천곡동,경상사고,0,0,1,0,차대차 - 측면직각충돌,안전운전불이행,건조,맑음,단일로 - 기타,승용,남,36세,상해없음,이륜,남,70세,경상
2014071600100375,2014년 7월 16일 16시,수요일,강원도 강릉시 교동,중상사고,0,2,0,0,차량단독 - 기타,안전운전불이행,건조,맑음,단일로 - 기타,승용,남,48세,상해없음,,,,
2014071600100416,2014년 7월 16일 17시,수요일,강원도 춘천시 신동,중상사고,0,1,0,0,차량단독 - 전도전복,안전운전불이행,건조,맑음,단일로 - 기타,화물,남,53세,상해없음,,,,
2014071600100417,2014년 7월 16일 17시,수요일,강원도 원주시 단계동,경상사고,0,0,1,0,차대사람 - 길가장자리구역통행중,안전운전불이행,건조,맑음,단일로 - 기타,승용,여,40세,상해없음,보행자,여,82세,경상
2014071600100418,2014년 7월 16일 17시,수요일,강원도 영월군 남면,중상사고,0,1,0,0,차대차 - 정면충돌,안전운전불이행,건조,맑음,단일로 - 기타,승용,남,68세,상해없음,승용,남,65세,상해없음
2014071600100462,2014년 7월 16일 18시,수요일,강원도 춘천시 남산면,중상사고,0,1,2,0,차대차 - 측면직각충돌,중앙선침범,건조,맑음,단일로 - 기타,승용,남,62세,상해없음,승용,남,53세,경상
2014071600100463,2014년 7월 16일 18시,수요일,강원도 고성군 죽왕면,경상사고,0,0,1,0,차대차 - 추돌 - 진행중,안전운전불이행,건조,맑음,단일로 - 기타,승용,여,32세,상해없음,승용,남,35세,경상
2014071600100507,2014년 7월 16일 19시,수요일,강원도 춘천시 효자동,부상신고사고,0,0,0,1,차대차 - 기타,안전운전불이행,건조,맑음,단일로 - 기타,승용,남,46세,상해없음,원동기,남,66세,부상신고
2014071600100508,2014년 7월 16일 19시,수요일,강원도 영월군 영월읍,중상사고,0,1,0,0,차대차 - 측면직각충돌,교차로운행방법위반,건조,맑음,교차로 - 교차로안,승합,남,56세,상해없음,승용,남,43세,상해없음
2014071600100545,2014년 7월 16일 20시,수요일,강원도 영월군 영월읍,중상사고,0,1,0,0,차대사람 - 차도통행중,안전운전불이행,건조,맑음,교차로 - 교차로부근,화물,남,57세,상해없음,보행자,남,17세,중상
2014071600100588,2014년 7월 16일 21시,수요일,강원도 강릉시 교동,경상사고,0,0,2,0,차대차 - 측면직각충돌,신호위반,건조,맑음,교차로 - 교차로안,원동기,남,16세,상해없음,승용,여,51세,상해없음
2014071600100589,2014년 7월 16일 21시,수요일,강원도 원주시 단구동,부상신고사고,0,0,0,1,차대차 - 측면직각충돌,안전운전불이행,건조,맑음,교차로 - 교차로부근,자전거,남,12세,부상신고,승용,여,50세,상해없음
2014071700100012,2014년 7월 17일 00시,목요일,강원도 원주시 단구동,경상사고,0,0,1,0,차대사람 - 기타,안전운전불이행,건조,맑음,교차로 - 교차로안,승용,남,46세,상해없음,보행자,남,45세,경상
2014071700100033,2014년 7월 17일 01시,목요일,강원도 태백시 화전동,중상사고,0,2,1,0,차대차 - 추돌 - 진행중,안전운전불이행,건조,맑음,단일로 - 기타,승용,남,30세,상해없음,승용,남,57세,중상
2014071700100135,2014년 7월 17일 08시,목요일,강원도 평창군 봉평면,경상사고,0,0,2,1,차대차 - 측면직각충돌,안전운전불이행,건조,맑음,교차로 - 교차로안,승용,여,31세,부상신고,승용,여,33세,경상
2014071700100136,2014년 7월 17일 08시,목요일,강원도 동해시 천곡동,경상사고,0,0,1,0,차대차 - 측면직각충돌,안전운전불이행,건조,맑음,단일로 - 기타,승용,남,38세,상해없음,승용,여,40세,경상
2014071700100180,2014년 7월 17일 09시,목요일,강원도 춘천시 우두동,경상사고,0,0,2,0,차대차 - 측면직각충돌,안전거리미확보,건조,맑음,단일로 - 기타,승용,남,82세,상해없음,승합,남,47세,경상
2014071700100215,2014년 7월 17일 10시,목요일,강원도 춘천시 퇴계동,경상사고,0,0,1,0,차대차 - 추돌 - 진행중,안전거리미확보,건조,맑음,단일로 - 기타,승용,여,39세,상해없음,승용,여,38세,경상
2014071700100216,2014년 7월 17일 10시,목요일,강원도 삼척시 남양동,경상사고,0,0,2,0,차대차 - 측면직각충돌,안전운전불이행,건조,맑음,교차로 - 교차로안,승용,남,54세,상해없음,승용,여,37세,상해없음
2014071700100239,2014년 7월 17일 11시,목요일,강원도 원주시 무실동,중상사고,0,1,3,0,차대차 - 기타,신호위반,건조,맑음,교차로 - 교차로안,승용,남,73세,경상,승용,남,29세,중상
2014071700100271,2014년 7월 17일 12시,목요일,강원도 동해시 묵호진동,경상사고,0,0,2,0,차대차 - 추돌 - 진행중,안전거리미확보,건조,맑음,교차로 - 교차로안,승용,남,41세,상해없음,승용,남,50세,경상
2014071700100391,2014년 7월 17일 16시,목요일,강원도 강릉시 강동면,경상사고,0,0,1,0,차대차 - 측면직각충돌,안전운전불이행,건조,맑음,단일로 - 기타,화물,남,57세,상해없음,자전거,남,61세,경상
2014071700100392,2014년 7월 17일 16시,목요일,강원도 양구군 남면,사망사고,1,0,0,0,차량단독 - 전도전복,안전운전불이행,건조,맑음,단일로 - 기타,원동기,남,67세,사망,,,,
2014071700100433,2014년 7월 17일 17시,목요일,강원도 춘천시 남산면,부상신고사고,0,0,0,1,차대차 - 추돌 - 주정차중,안전운전불이행,건조,맑음,기타 - 기타,이륜,여,31세,상해없음,이륜,여,29세,부상신고
2014071700100434,2014년 7월 17일 17시,목요일,강원도 평창군 평창읍,중상사고,0,1,0,0,차대차 - 기타,안전운전불이행,건조,맑음,교차로 - 교차로안,승용,남,59세,상해없음,자전거,남,9세,중상
2014071700100435,2014년 7월 17일 17시,목요일,강원도 동해시 천곡동,경상사고,0,0,1,0,차대차 - 추돌 - 진행중,교차로운행방법위반,건조,맑음,교차로 - 교차로안,승용,여,52세,상해없음,승용,여,40세,상해없음
2014071700100481,2014년 7월 17일 18시,목요일,강원도 강릉시 죽헌동,경상사고,0,0,4,0,차대차 - 추돌 - 진행중,안전운전불이행,건조,맑음,단일로 - 기타,승합,남,67세,경상,승용,남,50세,경상
2014071700100554,2014년 7월 17일 20시,목요일,강원도 춘천시 후평동,경상사고,0,0,1,0,차대사람 - 기타,보행자보호의무위반,건조,맑음,단일로 - 기타,승용,여,23세,상해없음,보행자,남,30세,경상
2014071700100555,2014년 7월 17일 20시,목요일,강원도 원주시 관설동,중상사고,0,1,0,0,차대차 - 측면직각충돌,신호위반,습기,비,교차로 - 교차로안,승용,남,54세,기타불명,이륜,남,70세,중상
2014071700100626,2014년 7월 17일 22시,목요일,강원도 동해시 천곡동,경상사고,0,0,1,0,차대사람 - 기타,안전운전불이행,건조,맑음,단일로 - 기타,승용,남,39세,상해없음,보행자,남,61세,경상
2014071800100010,2014년 7월 18일 00시,금요일,강원도 원주시 단구동,경상사고,0,0,2,0,차대차 - 기타,신호위반,건조,맑음,교차로 - 교차로안,승용,여,25세,상해없음,승용,남,49세,경상
2014071800100040,2014년 7월 18일 02시,금요일,강원도 춘천시 온의동,중상사고,0,1,0,0,차대차 - 측면직각충돌,안전운전불이행,건조,맑음,단일로 - 기타,승용,남,28세,상해없음,승용,남,51세,중상
2014071800100041,2014년 7월 18일 02시,금요일,강원도 원주시 단계동,경상사고,0,0,1,0,차대차 - 기타,안전운전불이행,건조,맑음,단일로 - 기타,승용,여,32세,상해없음,승용,남,60세,경상
2014071800100095,2014년 7월 18일 06시,금요일,강원도 춘천시 퇴계동,경상사고,0,0,1,0,차량단독 - 공작물충돌,안전운전불이행,건조,맑음,단일로 - 기타,승용,남,31세,상해없음,,,,
2014071800100096,2014년 7월 18일 06시,금요일,강원도 동해시 단봉동,경상사고,0,0,1,0,차량단독 - 공작물충돌,안전운전불이행,습기,비,단일로 - 기타,승용,남,24세,상해없음,,,,
2014071800100146,2014년 7월 18일 08시,금요일,강원도 춘천시 동면,경상사고,0,0,3,0,차대차 - 측면직각충돌,중앙선침범,건조,맑음,교차로 - 교차로부근,승용,여,39세,상해없음,승용,여,41세,경상