사고번호,사고일시,요일,시군구,사고내용,사망자수,중상자수,경상자수,부상신고자수,사고유형,법규위반,노면상태,기상상태,도로형태,가해운전자 차종,가해운전자 성별,가해운전자 연령,가해운전자 상해정도,피해운전자 차종,피해운전자 성별,피해운전자 연령,피해운전자 상해정도
2014072300100238,2014년 7월 23일 12시,수요일,강원도 삼척시 미로면,경상사고,0,0,1,0,차대차 - 추돌 - 진행중,안전운전불이행,건조,맑음,단일로 - 기타,화물,남,56세,상해없음,화물,남,64세,상해없음
2014072300100271,2014년 7월 23일 13시,수요일,강원도 홍천군 두촌면,중상사고,0,1,0,0,차대차 - 기타,안전운전불이행,건조,맑음,단일로 - 기타,승용,남,43세,상해없음,이륜,남,74세,중상
2014072300100299,2014년 7월 23일 14시,수요일,강원도 강릉시 남문동,경상사고,0,0,1,0,차대사람 - 기타,안전운전불이행,건조,맑음,단일로 - 기타,자전거,남,73세,상해없음,보행자,여,55세,경상
2014072300100300,2014년 7월 23일 14시,수요일,강원도 태백시 황지동,경상사고,0,0,1,0,차대사람 - 횡단중,안전운전불이행,건조,맑음,교차로 - 교차로안,화물,남,48세,상해없음,보행자,남,29세,경상
2014072300100329,2014년 7월 23일 15시,수요일,강원도 양구군 남면,경상사고,0,0,5,2,차대차 - 추돌 - 진행중,안전운전불이행,건조,맑음,단일로 - 터널,승용,남,77세,부상신고,승용,남,65세,경상
2014072300100359,2014년 7월 23일 16시,수요일,강원도 강릉시 포남동,중상사고,0,1,6,1,차대차 - 정면충돌,중앙선침범,건조,맑음,단일로 - 기타,승용,남,54세,상해없음,승용,남,42세,경상
2014072300100360,2014년 7월 23일 16시,수요일,강원도 원주시 문막읍,중상사고,0,1,0,0,차량단독 - 기타,기타,건조,맑음,교차로 - 교차로안,승합,남,49세,상해없음,,,,
2014072300100434,2014년 7월 23일 18시,수요일,강원도 강릉시 교동,경상사고,0,0,1,0,차대차 - 기타,중앙선침범,건조,맑음,단일로 - 기타,승용,여,64세,상해없음,승용,여,33세,경상
2014072300100469,2014년 7월 23일 19시,수요일,강원도 강릉시 옥천동,중상사고,0,1,0,0,차대차 - 측면직각충돌,안전운전불이행,건조,맑음,교차로 - 교차로안,원동기,남,60세,중상,승용,여,57세,상해없음
2014072300100470,2014년 7월 23일 19시,수요일,강원도 삼척시 원덕읍,경상사고,0,0,7,0,차량단독 - 공작물충돌,안전운전불이행,건조,맑음,교차로 - 교차로안,승합,남,51세,상해없음,,,,
2014072300100501,2014년 7월 23일 20시,수요일,강원도 춘천시 석사동,경상사고,0,0,1,0,차대차 - 기타,안전운전불이행,습기,비,단일로 - 기타,화물,남,44세,상해없음,자전거,남,17세,경상
2014072300100502,2014년 7월 23일 20시,수요일,강원도 속초시 조양동,중상사고,0,1,0,0,차대사람 - 횡단중,신호위반,건조,맑음,교차로 - 교차로안,승용,여,39세,상해없음,보행자,여,57세,중상
2014072300100503,2014년 7월 23일 20시,수요일,강원도 영월군 영월읍,중상사고,0,1,0,0,차대사람 - 기타,안전운전불이행,습기,흐림,단일로 - 기타,승용,남,20세,상해없음,보행자,남,53세,중상
2014072300100547,2014년 7월 23일 21시,수요일,강원도 강릉시 내곡동,중상사고,0,2,0,0,차대차 - 정면충돌,안전운전불이행,건조,맑음,교차로 - 교차로안,승용,남,57세,상해없음,승용,여,28세,중상
2014072300100587,2014년 7월 23일 22시,수요일,강원도 춘천시 후평동,경상사고,0,0,1,0,차대사람 - 횡단중,안전운전불이행,건조,맑음,단일로 - 기타,원동기,남,22세,상해없음,보행자,남,45세,경상
2014072300100588,2014년 7월 23일 22시,수요일,강원도 원주시 명륜동,경상사고,0,0,1,0,차대차 - 측면직각충돌,안전운전불이행,습기,비,교차로 - 교차로안,승용,남,57세,상해없음,승용,남,28세,경상
2014072300100589,2014년 7월 23일 22시,수요일,강원도 속초시 교동,경상사고,0,0,1,0,차대차 - 측면직각충돌,신호위반,건조,맑음,교차로 - 교차로안,승용,여,25세,상해없음,승용,여,57세,경상
2014072300100590,2014년 7월 23일 22시,수요일,강원도 양양군 양양읍,중상사고,0,2,0,0,차대차 - 측면직각충돌,안전운전불이행,건조,맑음,교차로 - 교차로안,승용,남,36세,상해없음,승합,남,50세,상해없음
2014072300100630,2014년 7월 23일 23시,수요일,강원도 원주시 중앙동,경상사고,0,0,4,0,차대차 - 정면충돌,중앙선침범,습기,비,단일로 - 기타,승용,여,26세,상해없음,승용,여,52세,경상
2014072400100019,2014년 7월 24일 00시,목요일,강원도 강릉시 포남동,경상사고,0,0,2,0,차대차 - 측면직각충돌,안전운전불이행,건조,맑음,교차로 - 교차로안,승용,여,49세,상해없음,승용,남,32세,경상
2014072400100020,2014년 7월 24일 00시,목요일,강원도 원주시 단구동,경상사고,0,0,1,0,차대차 - 추돌 - 진행중,중앙선침범,습기,비,교차로 - 교차로부근,승용,남,28세,상해없음,이륜,남,40세,경상
2014072400100127,2014년 7월 24일 07시,목요일,강원도 원주시 단구동,경상사고,0,0,1,0,차대차 - 측면직각충돌,교차로운행방법위반,습기,비,교차로 - 교차로안,승용,남,34세,상해없음,승용,여,28세,경상
2014072400100149,2014년 7월 24일 08시,목요일,강원도 춘천시 석사동,경상사고,0,0,1,0,차대차 - 측면직각충돌,안전운전불이행,습기,비,단일로 - 기타,승용,남,40세,상해없음,원동기,여,72세,경상
2014072400100207,2014년 7월 24일 10시,목요일,강원도 강릉시 안현동,중상사고,0,1,1,0,차대차 - 기타,직진우회전진행방해,건조,흐림,교차로 - 교차로안,화물,남,70세,중상,화물,남,47세,상해없음
2014072400100244,2014년 7월 24일 11시,목요일,강원도 원주시 단계동,경상사고,0,0,1,0,차대사람 - 기타,안전운전불이행,건조,맑음,단일로 - 기타,화물,남,52세,상해없음,보행자,여,15세,경상
2014072400100281,2014년 7월 24일 12시,목요일,강원도 춘천시 효자동,경상사고,0,0,1,0,차대차 - 측면직각충돌,기타,건조,맑음,단일로 - 기타,승용,여,56세,상해없음,화물,남,48세,경상
2014072400100313,2014년 7월 24일 13시,목요일,강원도 원주시 관설동,경상사고,0,0,1,0,차대차 - 기타,안전운전불이행,건조,맑음,단일로 - 기타,승용,여,40세,상해없음,이륜,남,53세,경상
2014072400100314,2014년 7월 24일 13시,목요일,강원도 인제군 북면,경상사고,0,0,4,0,차대차 - 추돌 - 주정차중,안전거리미확보,건조,맑음,단일로 - 기타,승용,여,56세,상해없음,승용,여,22세,경상
2014072400100345,2014년 7월 24일 14시,목요일,강원도 춘천시 효자동,부상신고사고,0,0,0,1,차대차 - 추돌 - 진행중,안전운전불이행,건조,맑음,기타 - 기타,기타불명,기타불명,40세,기타불명,이륜,남,30세,부상신고
2014072400100346,2014년 7월 24일 14시,목요일,강원도 원주시 개운동,경상사고,0,0,1,0,차대차 - 측면직각충돌,교차로운행방법위반,건조,맑음,교차로 - 교차로안,승용,남,46세,상해없음,승용,남,69세,경상
2014072400100347,2014년 7월 24일 14시,목요일,강원도 원주시 단구동,부상신고사고,0,0,0,1,차대사람 - 기타,보행자보호의무위반,건조,맑음,교차로 - 교차로부근,기타불명,기타불명,기타불명,기타불명,보행자,남,11세,부상신고
2014072400100376,2014년 7월 24일 15시,목요일,강원도 춘천시 후평동,경상사고,0,0,1,0,차대차 - 측면직각충돌,교차로운행방법위반,건조,맑음,교차로 - 교차로안,승용,여,51세,상해없음,자전거,남,78세,경상
2014072400100377,2014년 7월 24일 15시,목요일,강원도 강릉시 주문진읍,경상사고,0,0,1,0,차대차 - 기타,안전운전불이행,건조,맑음,교차로 - 교차로부근,승용,여,58세,상해없음,화물,남,54세,경상
2014072400100378,2014년 7월 24일 15시,목요일,강원도 정선군 정선읍,경상사고,0,0,1,0,차대차 - 정면충돌,중앙선침범,건조,맑음,단일로 - 기타,화물,남,61세,상해없음,화물,남,34세,경상
2014072400100413,2014년 7월 24일 16시,목요일,강원도 춘천시 퇴계동,중상사고,0,1,0,0,차대차 - 측면직각충돌,기타,건조,맑음,단일로 - 기타,승용,남,70세,상해없음,이륜,남,55세,중상
2014072400100414,2014년 7월 24일 16시,목요일,강원도 속초시 동명동,중상사고,0,1,0,0,차대차 - 측면직각충돌,안전거리미확보,건조,맑음,단일로 - 기타,승합,남,62세,상해없음,이륜,남,65세,중상
2014072400100415,2014년 7월 24일 16시,목요일,강원도 태백시 황지동,경상사고,0,0,2,0,차대차 - 기타,교차로운행방법위반,건조,맑음,교차로 - 교차로안,승용,남,72세,상해없음,승용,여,35세,경상
2014072400100416,2014년 7월 24일 16시,목요일,강원도 인제군 남면,중상사고,0,2,0,0,차대차 - 추돌 - 진행중,과속,건조,흐림,교차로 - 교차로부근,이륜,남,42세,중상,화물,남,21세,상해없음
2014072400100457,2014년 7월 24일 17시,목요일,강원도 속초시 동명동,경상사고,0,0,1,0,차대차 - 측면직각충돌,안전운전불이행,건조,맑음,교차로 - 교차로안,승용,남,32세,상해없음,이륜,남,53세,경상
2014072400100495,2014년 7월 24일 18시,목요일,강원도 춘천시 후평동,경상사고,0,0,2,0,차대차 - 측면직각충돌,신호위반,건조,맑음,교차로 - 교차로안,승용,여,52세,상해없음,승용,남,25세,경상
2014072400100531,2014년 7월 24일 19시,목요일,강원도 원주시 소초면,경상사고,0,0,1,0,차대차 - 기타,불법유턴,건조,맑음,단일로 - 기타,승용,여,57세,상해없음,승용,남,58세,경상
2014072400100532,2014년 7월 24일 19시,목요일,강원도 양양군 양양읍,경상사고,0,0,1,0,차대차 - 추돌 - 주정차중,안전운전불이행,건조,맑음,단일로 - 기타,승용,남,71세,기타불명,승용,여,45세,상해없음
2014072400100571,2014년 7월 24일 20시,목요일,강원도 고성군 간성읍,경상사고,0,0,1,0,차대차 - 기타,안전운전불이행,건조,맑음,단일로 - 기타,승용,남,51세,상해없음,승용,남,34세,경상
2014072400100599,2014년 7월 24일 21시,목요일,강원도 원주시 개운동,중상사고,0,1,2,0,차대차 - 기타,안전운전불이행,건조,맑음,단일로 - 기타,이륜,남,22세,경상,승용,남,27세,상해없음
2014072400100600,2014년 7월 24일 21시,목요일,강원도 원주시 일산동,경상사고,0,0,1,0,차대차 - 추돌 - 주정차중,안전운전불이행,건조,맑음,단일로 - 기타,승용,남,54세,상해없음,승용,여,34세,경상
2014072400100601,2014년 7월 24일 21시,목요일,강원도 동해시 천곡동,경상사고,0,0,1,0,차대차 - 추돌 - 진행중,차로위반,건조,맑음,교차로 - 교차로부근,승용,남,22세,상해없음,승용,남,48세,상해없음
2014072400100602,2014년 7월 24일 21시,목요일,강원도 동해시 동회동,중상사고,0,1,3,0,차대차 - 측면직각충돌,직진우회전진행방해,건조,맑음,교차로 - 교차로안,화물,남,36세,상해없음,승용,여,46세,경상
2014072500100027,2014년 7월 25일 00시,금요일,강원도 춘천시 온의동,경상사고,0,0,2,0,차대차 - 측면직각충돌,안전운전불이행,건조,맑음,교차로 - 교차로안,승용,남,49세,상해없음,승용,남,62세,경상
2014072500100028,2014년 7월 25일 00시,금요일,강원도 강릉시 교동,경상사고,0,0,1,0,차대차 - 기타,안전운전불이행,건조,맑음,단일로 - 기타,승용,남,49세,상해없음,승용,남,44세,경상
2014072500100029,2014년 7월 25일 00시,금요일,강원도 원주시 태장동,중상사고,0,1,0,0,차대차 - 기타,교차로운행방법위반,습기,흐림,교차로 - 교차로안,승용,남,29세,상해없음,이륜,남,17세,중상
2014072500100088,2014년 7월 25일 03시,금요일,강원도 춘천시 퇴계동,경상사고,0,0,1,0,차대차 - 측면직각충돌,안전운전불이행,습기,비,교차로 - 교차로부근,승용,남,30세,상해없음,이륜,남,43세,경상
2014072500100089,2014년 7월 25일 03시,금요일,강원도 춘천시 효자동,경상사고,0,0,1,0,차대차 - 추돌 - 주정차중,안전운전불이행,습기,비,교차로 - 교차로부근,승용,남,29세,상해없음,승용,남,47세,경상
2014072500100117,2014년 7월 25일 06시,금요일,강원도 강릉시 성남동,경상사고,0,0,1,0,차대차 - 측면직각충돌,안전운전불이행,기타,흐림,단일로 - 기타,승용,남,57세,상해없음,승용,남,36세,경상
2014072500100134,2014년 7월 25일 07시,금요일,강원도 원주시 호저면,경상사고,0,0,1,0,차대차 - 추돌 - 주정차중,안전거리미확보,건조,맑음,단일로 - 기타,화물,남,56세,상해없음,화물,남,53세,경상
2014072500100162,2014년 7월 25일 08시,금요일,강원도 원주시 문막읍,경상사고,0,0,2,0,차대차 - 기타,안전거리미확보,건조,맑음,단일로 - 기타,승용,남,29세,상해없음,승용,남,20세,경상
2014072500100163,2014년 7월 25일 08시,금요일,강원도 철원군 갈말읍,부상신고사고,0,0,0,1,차량단독 - 공작물충돌,안전운전불이행,습기,비,단일로 - 기타,승용,남,39세,상해없음,,,,
2014072500100197,2014년 7월 25일 09시,금요일,강원도 춘천시 우두동,경상사고,0,0,1,0,차대차 - 추돌 - 진행중,안전운전불이행,건조,맑음,단일로 - 기타,승용,여,25세,상해없음,승용,여,50세,경상
2014072500100198,2014년 7월 25일 09시,금요일,강원도 원주시 부론면,중상사고,0,2,1,0,차대차 - 측면직각충돌,차로위반,건조,흐림,단일로 - 기타,승용,남,69세,상해없음,승용,남,29세,상해없음
2014072500100226,2014년 7월 25일 10시,금요일,강원도 고성군 간성읍,중상사고,0,1,0,0,차대차 - 정면충돌,중앙선침범,건조,흐림,단일로 - 기타,화물,남,59세,상해없음,승용,남,59세,중상
2014072500100254,2014년 7월 25일 11시,금요일,강원도 원주시 단계동,경상사고,0,0,1,0,차대차 - 측면직각충돌,직진우회전진행방해,건조,맑음,교차로 - 교차로안,승용,남,31세,상해없음,화물,남,42세,경상
2014072500100360,2014년 7월 25일 14시,금요일,강원도 원주시 명륜동,경상사고,0,0,5,0,차대차 - 측면직각충돌,안전운전불이행,건조,맑음,교차로 - 교차로부근,승용,남,71세,상해없음,승용,여,51세,경상
2014072500100361,2014년 7월 25일 14시,금요일,강원도 정선군 정선읍,경상사고,0,0,1,1,차대차 - 측면직각충돌,중앙선침범,건조,맑음,단일로 - 기타,승용,남,51세,상해없음,승용,여,28세,경상
2014072500100395,2014년 7월 25일 15시,금요일,강원도 태백시 황지동,경상사고,0,0,1,0,차대차 - 추돌 - 진행중,안전거리미확보,건조,맑음,교차로 - 교차로안,승용,남,58세,상해없음,승용,남,47세,상해없음
2014072500100430,2014년 7월 25일 16시,금요일,강원도 춘천시 중앙로1가,경상사고,0,0,1,0,차대차 - 기타,교차로운행방법위반,건조,맑음,교차로 - 교차로안,승용,여,49세,상해없음,승용,여,33세,경상
2014072500100431,2014년 7월 25일 16시,금요일,강원도 원주시 단구동,경상사고,0,0,1,2,차대차 - 측면직각충돌,안전운전불이행,건조,맑음,교차로 - 교차로안,승용,여,46세,상해없음,화물,남,46세,경상
2014072500100432,2014년 7월 25일 16시,금요일,강원도 원주시 봉산동,경상사고,0,0,1,0,차대차 - 추돌 - 주정차중,안전운전불이행,건조,맑음,교차로 - 교차로부근,승용,남,54세,기타불명,승용,남,43세,경상
2014072500100433,2014년 7월 25일 16시,금요일,강원도 평창군 대화면,중상사고,0,3,1,2,차대차 - 정면충돌,안전운전불이행,건조,맑음,단일로 - 기타,승용,여,52세,상해없음,승용,남,35세,중상
2014072500100469,2014년 7월 25일 17시,금요일,강원도 춘천시 효자동,경상사고,0,0,2,0,차대차 - 추돌 - 주정차중,안전운전불이행,습기,흐림,단일로 - 기타,화물,남,56세,상해없음,승용,여,47세,경상
2014072500100519,2014년 7월 25일 18시,금요일,강원도 원주시 문막읍,경상사고,0,0,1,0,차대차 - 측면직각충돌,안전운전불이행,건조,맑음,교차로 - 교차로안,승용,남,40세,상해없음,원동기,남,17세,경상
2014072500100559,2014년 7월 25일 19시,금요일,강원도 강릉시 포남동,경상사고,0,0,2,0,차대차 - 측면직각충돌,신호위반,습기,비,교차로 - 교차로안,승용,남,43세,상해없음,승용,남,34세,경상
2014072500100561,2014년 7월 25일 19시,금요일,강원도 속초시 조양동,중상사고,0,1,1,0,차대차 - 추돌 - 주정차중,안전운전불이행,건조,맑음,단일로 - 기타,승용,남,23세,상해없음,승용,남,66세,중상
2014072500100612,2014년 7월 25일 20시,금요일,강원도 강릉시 사천면,중상사고,0,3,1,0,차대차 - 기타,신호위반,습기,맑음,교차로 - 교차로안,승용,남,22세,상해없음,승용,남,36세,중상
2014072500100613,2014년 7월 25일 20시,금요일,강원도 원주시 단구동,경상사고,0,0,1,1,차대차 - 기타,신호위반,건조,맑음,교차로 - 교차로안,원동기,남,16세,부상신고,승용,남,43세,경상
2014072500100677,2014년 7월 25일 21시,금요일,강원도 원주시 단구동,경상사고,0,0,1,0,차대차 - 기타,안전운전불이행,건조,맑음,교차로 - 교차로안,승용,남,51세,상해없음,승용,여,43세,경상
2014072500100678,2014년 7월 25일 21시,금요일,강원도 영월군 김삿갓면,중상사고,0,1,0,0,차대차 - 정면충돌,중앙선침범,건조,흐림,단일로 - 기타,화물,남,58세,상해없음,승용,남,62세,중상
2014072500100766,2014년 7월 25일 23시,금요일,강원도 춘천시 중앙로1가,경상사고,0,0,1,0,차대차 - 기타,교차로운행방법위반,습기,비,교차로 - 교차로안,승용,남,67세,상해없음,이륜,남,21세,경상
2014072500100767,2014년 7월 25일 23시,금요일,강원도 홍천군 홍천읍,중상사고,0,1,0,0,차대차 - 기타,교차로운행방법위반,습기,비,교차로 - 교차로안,승용,남,67세,상해없음,이륜,남,16세,중상
2014072600100049,2014년 7월 26일 01시,토요일,강원도 원주시 단계동,경상사고,0,0,1,0,차대차 - 측면직각충돌,교차로운행방법위반,건조,맑음,교차로 - 교차로안,승용,여,20세,상해없음,승용,남,54세,상해없음
2014072600100073,2014년 7월 26일 02시,토요일,강원도 인제군 인제읍,중상사고,0,1,1,0,차대차 - 기타,중앙선침범,습기,비,단일로 - 기타,기타불명,기타불명,기타불명,기타불명,승용,남,42세,경상
2014072600100119,2014년 7월 26일 04시,토요일,강원도 원주시 중앙동,부상신고사고,0,0,0,1,차대사람 - 차도통행중,안전운전불이행,건조,맑음,단일로 - 기타,기타불명,기타불명,기타불명,기타불명,보행자,여,20세,부상신고
2014072600100178,2014년 7월 26일 07시,토요일,강원도 강릉시 옥천동,중상사고,0,1,0,0,차대사람 - 기타,불법유턴,건조,맑음,기타 - 기타,화물,남,31세,기타불명,보행자,남,41세,중상
2014072600100195,2014년 7월 26일 08시,토요일,강원도 춘천시 근화동,부상신고사고,0,0,0,1,차대차 - 기타,안전운전불이행,습기,맑음,교차로 - 교차로부근,화물,남,69세,상해없음,승용,남,37세,부상신고
2014072600100196,2014년 7월 26일 08시,토요일,강원도 강릉시 송정동,경상사고,0,0,2,0,차대차 - 기타,신호위반,건조,맑음,교차로 - 교차로안,승용,남,59세,상해없음,승용,남,29세,경상
2014072600100197,2014년 7월 26일 08시,토요일,강원도 인제군 인제읍,사망사고,1,0,0,0,차량단독 - 도로외이탈 - 추락,기타,습기,비,단일로 - 기타,화물,남,45세,사망,,,,
2014072600100219,2014년 7월 26일 09시,토요일,강원도 속초시 교동,중상사고,0,1,0,0,차대사람 - 차도통행중,안전운전불이행,건조,맑음,단일로 - 기타,승용,여,30세,상해없음,보행자,남,43세,중상
2014072600100238,2014년 7월 26일 10시,토요일,강원도 원주시 태장동,경상사고,0,0,2,0,차대차 - 기타,안전운전불이행,건조,맑음,단일로 - 기타,승용,여,19세,상해없음,승용,여,34세,경상
2014072600100239,2014년 7월 26일 10시,토요일,강원도 삼척시 남양동,중상사고,0,1,0,0,차대사람 - 횡단중,안전운전불이행,건조,맑음,단일로 - 기타,화물,남,54세,상해없음,보행자,여,86세,중상
2014072600100269,2014년 7월 26일 11시,토요일,강원도 영월군 영월읍,중상사고,0,3,0,0,차대차 - 추돌 - 주정차중,안전거리미확보,습기,비,단일로 - 기타,승용,남,65세,중상,건설기계,남,44세,상해없음
2014072600100325,2014년 7월 26일 13시,토요일,강원도 춘천시 효자동,경상사고,0,0,1,0,차대차 - 측면직각충돌,직진우회전진행방해,건조,맑음,교차로 - 교차로안,이륜,남,44세,상해없음,이륜,남,65세,경상
2014072600100352,2014년 7월 26일 14시,토요일,강원도 원주시 개운동,경상사고,0,0,2,0,차대차 - 기타,교차로운행방법위반,습기,비,교차로 - 교차로안,승용,남,61세,경상,승용,남,55세,상해없음
2014072600100383,2014년 7월 26일 15시,토요일,강원도 원주시 무실동,부상신고사고,0,0,0,1,차대차 - 기타,안전운전불이행,습기,비,교차로 - 교차로부근,기타불명,기타불명,기타불명,기타불명,이륜,남,40세,부상신고
2014072600100384,2014년 7월 26일 15시,토요일,강원도 원주시 단구동,경상사고,0,0,1,0,차대사람 - 기타,안전운전불이행,건조,맑음,교차로 - 교차로안,승합,여,58세,상해없음,보행자,남,31세,경상
2014072600100385,2014년 7월 26일 15시,토요일,강원도 홍천군 북방면,중상사고,0,1,2,0,차대차 - 기타,중앙선침범,건조,맑음,단일로 - 기타,승용,남,66세,상해없음,승용,남,44세,경상
2014072600100386,2014년 7월 26일 15시,토요일,강원도 인제군 인제읍,중상사고,0,2,0,0,차대차 - 추돌 - 주정차중,안전거리미확보,습기,비,교차로 - 교차로부근,승합,여,31세,상해없음,승합,여,42세,상해없음
2014072600100414,2014년 7월 26일 16시,토요일,강원도 양양군 강현면,경상사고,0,0,3,0,차대차 - 측면직각충돌,직진우회전진행방해,건조,맑음,교차로 - 교차로안,화물,남,22세,상해없음,승용,남,29세,경상
2014072600100415,2014년 7월 26일 16시,토요일,강원도 고성군 토성면,경상사고,0,0,1,0,차대차 - 추돌 - 주정차중,안전운전불이행,건조,맑음,단일로 - 기타,화물,남,40세,상해없음,화물,남,69세,경상
2014072600100510,2014년 7월 26일 19시,토요일,강원도 원주시 단구동,중상사고,0,1,4,0,차대차 - 기타,차로위반,건조,흐림,기타 - 기타,승용,여,59세,상해없음,승용,남,53세,경상
2014072600100511,2014년 7월 26일 19시,토요일,강원도 속초시 교동,중상사고,0,1,5,0,차대차 - 추돌 - 진행중,교차로운행방법위반,건조,맑음,교차로 - 교차로안,승용,남,50세,경상,승용,남,44세,경상
2014072600100544,2014년 7월 26일 20시,토요일,강원도 동해시 발한동,중상사고,0,1,0,0,차대사람 - 횡단중,안전운전불이행,건조,맑음,단일로 - 기타,승용,여,23세,상해없음,보행자,남,47세,중상
2014072600100545,2014년 7월 26일 20시,토요일,강원도 동해시 발한동,중상사고,0,1,0,0,차대사람 - 횡단중,안전운전불이행,건조,흐림,단일로 - 기타,승용,남,37세,상해없음,보행자,남,45세,중상
2014072600100570,2014년 7월 26일 21시,토요일,강원도 춘천시 근화동,경상사고,0,0,1,0,차대차 - 측면직각충돌,차로위반,건조,맑음,단일로 - 기타,승용,남,24세,상해없음,승용,남,40세,상해없음
2014072600100632,2014년 7월 26일 23시,토요일,강원도 강릉시 교동,경상사고,0,0,2,0,차대차 - 측면직각충돌,안전운전불이행,건조,맑음,단일로 - 기타,승용,여,22세,상해없음,화물,남,64세,경상
2014072600100633,2014년 7월 26일 23시,토요일,강원도 속초시 교동,경상사고,0,0,1,0,차대차 - 추돌 - 주정차중,안전운전불이행,습기,비,교차로 - 교차로안,승용,남,22세,상해없음,승용,여,53세,기타불명
2014072700100013,2014년 7월 27일 00시,일요일,강원도 원주시 단계동,중상사고,0,1,0,0,차대사람 - 횡단중,보행자보호의무위반,건조,맑음,단일로 - 횡단보도상,승용,여,34세,상해없음,보행자,여,21세,중상
2014072700100039,2014년 7월 27일 01시,일요일,강원도 강릉시 안현동,경상사고,0,0,4,0,차대차 - 기타,안전운전불이행,건조,흐림,교차로 - 교차로안,승용,남,24세,상해없음,승용,남,32세,경상
2014072700100040,2014년 7월 27일 01시,일요일,강원도 원주시 단계동,중상사고,0,1,0,0,차대차 - 기타,교차로운행방법위반,건조,흐림,교차로 - 교차로안,승용,남,27세,상해없음,원동기,남,17세,중상
2014072700100097,2014년 7월 27일 06시,일요일,강원도 춘천시 효자동,중상사고,0,1,0,0,차량단독 - 공작물충돌,안전운전불이행,건조,맑음,단일로 - 기타,승용,남,23세,상해없음,,,,
2014072700100157,2014년 7월 27일 10시,일요일,강원도 춘천시 남산면,부상신고사고,0,0,0,1,차대차 - 측면직각충돌,교차로운행방법위반,건조,맑음,교차로 - 교차로안,승용,여,40세,상해없음,승용,남,28세,부상신고
2014072700100182,2014년 7월 27일 11시,일요일,강원도 춘천시 남산면,경상사고,0,0,1,0,차대차 - 기타,안전운전불이행,건조,맑음,기타 - 기타,승용,남,31세,상해없음,승용,남,41세,경상
2014072700100183,2014년 7월 27일 11시,일요일,강원도 홍천군 홍천읍,경상사고,0,0,1,0,차대차 - 추돌 - 진행중,안전운전불이행,건조,맑음,단일로 - 기타,승용,여,55세,상해없음,이륜,남,61세,경상
2014072700100211,2014년 7월 27일 12시,일요일,강원도 강릉시 주문진읍,중상사고,0,1,0,0,차대차 - 기타,안전운전불이행,건조,맑음,단일로 - 기타,승용,남,70세,상해없음,승용,남,61세,중상
2014072700100234,2014년 7월 27일 13시,일요일,강원도 춘천시 근화동,경상사고,0,0,3,0,차대차 - 기타,안전거리미확보,건조,맑음,단일로 - 기타,화물,남,45세,상해없음,승용,남,42세,경상
2014072700100235,2014년 7월 27일 13시,일요일,강원도 원주시 관설동,경상사고,0,0,1,0,차대차 - 측면직각충돌,교차로운행방법위반,건조,맑음,교차로 - 교차로안,승용,남,38세,상해없음,승용,여,46세,경상
2014072700100262,2014년 7월 27일 14시,일요일,강원도 춘천시 효자동,경상사고,0,0,1,0,차대차 - 기타,안전운전불이행,건조,맑음,기타 - 기타,승합,남,50세,상해없음,자전거,여,16세,경상
2014072700100302,2014년 7월 27일 15시,일요일,강원도 원주시 문막읍,중상사고,0,1,1,0,차대차 - 추돌 - 진행중,안전거리미확보,건조,맑음,교차로 - 교차로부근,승용,남,58세,상해없음,승용,여,50세,중상
2014072700100342,2014년 7월 27일 16시,일요일,강원도 강릉시 교동,경상사고,0,0,3,0,차대차 - 기타,안전운전불이행,건조,맑음,교차로 - 교차로안,승용,남,30세,상해없음,승용,여,54세,경상
2014072700100377,2014년 7월 27일 17시,일요일,강원도 춘천시 후평동,중상사고,0,2,0,0,차대차 - 기타,안전거리미확보,건조,맑음,교차로 - 교차로안,승용,남,62세,상해없음,승용,남,51세,중상
2014072700100378,2014년 7월 27일 17시,일요일,강원도 춘천시 중앙로1가,경상사고,0,0,1,0,차대차 - 측면직각충돌,안전거리미확보,건조,맑음,단일로 - 기타,승용,여,30세,상해없음,승용,남,71세,경상
2014072700100379,2014년 7월 27일 17시,일요일,강원도 속초시 청호동,경상사고,0,0,2,0,차대차 - 측면직각충돌,안전거리미확보,건조,맑음,단일로 - 기타,승용,남,43세,상해없음,승용,남,56세,경상
2014072700100380,2014년 7월 27일 17시,일요일,강원도 홍천군 화촌면,중상사고,0,2,5,0,차대차 - 기타,신호위반,건조,맑음,교차로 - 교차로안,승용,남,19세,상해없음,승용,남,50세,경상
2014072700100381,2014년 7월 27일 17시,일요일,강원도 화천군 사내면,중상사고,0,1,0,0,차대사람 - 횡단중,안전운전불이행,건조,맑음,단일로 - 기타,승용,남,21세,상해없음,보행자,남,68세,중상
2014072700100421,2014년 7월 27일 18시,일요일,강원도 강릉시 포남동,경상사고,0,0,1,0,차대차 - 측면직각충돌,안전운전불이행,건조,맑음,교차로 - 교차로안,승용,여,38세,상해없음,이륜,남,26세,경상
2014072700100422,2014년 7월 27일 18시,일요일,강원도 원주시 명륜동,경상사고,0,0,2,0,차대차 - 측면직각충돌,안전운전불이행,건조,맑음,교차로 - 교차로부근,승용,남,42세,상해없음,승합,남,56세,상해없음