사고번호,사고일시,요일,시군구,사고내용,사망자수,중상자수,경상자수,부상신고자수,사고유형,법규위반,노면상태,기상상태,도로형태,가해운전자 차종,가해운전자 성별,가해운전자 연령,가해운전자 상해정도,피해운전자 차종,피해운전자 성별,피해운전자 연령,피해운전자 상해정도
2014072700100423,2014년 7월 27일 18시,일요일,강원도 영월군 영월읍,경상사고,0,0,2,0,차대차 - 측면직각충돌,중앙선침범,건조,맑음,단일로 - 기타,승용,남,53세,상해없음,이륜,남,72세,경상
2014072700100452,2014년 7월 27일 19시,일요일,강원도 속초시 조양동,경상사고,0,0,3,0,차대차 - 측면직각충돌,신호위반,건조,맑음,교차로 - 교차로안,승용,남,24세,상해없음,승용,여,47세,경상
2014072700100453,2014년 7월 27일 19시,일요일,강원도 홍천군 홍천읍,중상사고,0,1,0,0,차대차 - 기타,교차로운행방법위반,건조,맑음,교차로 - 교차로안,이륜,남,18세,중상,승용,남,43세,상해없음
2014072700100454,2014년 7월 27일 19시,일요일,강원도 철원군 철원읍,사망사고,1,2,0,0,차대차 - 정면충돌,교차로운행방법위반,건조,맑음,교차로 - 교차로안,승용,여,71세,중상,승용,남,34세,중상
2014072700100455,2014년 7월 27일 19시,일요일,강원도 양구군 방산면,사망사고,1,0,0,0,차량단독 - 공작물충돌,안전운전불이행,건조,맑음,단일로 - 기타,승용,남,50세,사망,,,,
2014072700100486,2014년 7월 27일 20시,일요일,강원도 횡성군 우천면,경상사고,0,0,4,0,차대차 - 기타,교차로운행방법위반,건조,맑음,교차로 - 교차로안,승용,남,43세,상해없음,승용,남,59세,경상
2014072700100516,2014년 7월 27일 21시,일요일,강원도 강릉시 연곡면,경상사고,0,0,1,0,차대차 - 기타,안전운전불이행,건조,맑음,교차로 - 교차로안,승용,여,49세,상해없음,승용,남,46세,상해없음
2014072700100543,2014년 7월 27일 22시,일요일,강원도 춘천시 후평동,중상사고,0,1,0,0,차대사람 - 기타,안전운전불이행,건조,맑음,교차로 - 교차로부근,승용,남,30세,상해없음,보행자,남,56세,중상
2014072800100014,2014년 7월 28일 01시,월요일,강원도 정선군 사북읍,중상사고,0,1,0,0,차량단독 - 기타,안전운전불이행,건조,기타,교차로 - 교차로안,승용,남,28세,상해없음,,,,
2014072800100046,2014년 7월 28일 06시,월요일,강원도 강릉시 강문동,경상사고,0,0,4,0,차대차 - 측면직각충돌,안전운전불이행,건조,맑음,단일로 - 기타,화물,남,56세,상해없음,승용,남,60세,경상
2014072800100112,2014년 7월 28일 09시,월요일,강원도 원주시 행구동,경상사고,0,0,1,0,차량단독 - 기타,안전운전불이행,기타,기타,단일로 - 기타,승합,남,61세,상해없음,,,,
2014072800100138,2014년 7월 28일 10시,월요일,강원도 원주시 부론면,중상사고,0,1,0,0,차대차 - 측면직각충돌,안전운전불이행,건조,맑음,단일로 - 기타,승합,남,26세,상해없음,이륜,여,73세,중상
2014072800100139,2014년 7월 28일 10시,월요일,강원도 태백시 황지동,중상사고,0,2,0,0,차대차 - 추돌 - 주정차중,안전거리미확보,건조,맑음,단일로 - 기타,승합,남,54세,상해없음,승용,남,55세,상해없음
2014072800100169,2014년 7월 28일 11시,월요일,강원도 춘천시 석사동,경상사고,0,0,1,0,차대차 - 측면직각충돌,안전거리미확보,건조,맑음,단일로 - 기타,화물,남,54세,상해없음,승용,여,59세,경상
2014072800100170,2014년 7월 28일 11시,월요일,강원도 강릉시 교동,경상사고,0,0,1,0,차량단독 - 기타,안전운전불이행,건조,맑음,단일로 - 기타,승합,남,34세,기타불명,,,,
2014072800100171,2014년 7월 28일 11시,월요일,강원도 원주시 개운동,경상사고,0,0,1,0,차대차 - 측면직각충돌,안전거리미확보,건조,기타,단일로 - 기타,승용,남,59세,상해없음,승용,기타불명,기타불명,기타불명
2014072800100207,2014년 7월 28일 12시,월요일,강원도 춘천시 신북읍,경상사고,0,0,5,0,차대차 - 추돌 - 진행중,안전거리미확보,건조,맑음,단일로 - 기타,승용,여,30세,상해없음,승용,남,64세,경상
2014072800100208,2014년 7월 28일 12시,월요일,강원도 삼척시 남양동,중상사고,0,1,0,0,차대사람 - 기타,불법유턴,건조,맑음,기타 - 기타,승용,여,56세,상해없음,보행자,남,66세,중상
2014072800100209,2014년 7월 28일 12시,월요일,강원도 고성군 토성면,중상사고,0,1,0,0,차대차 - 측면직각충돌,안전운전불이행,건조,맑음,단일로 - 기타,승용,여,54세,상해없음,승용,남,30세,중상
2014072800100273,2014년 7월 28일 14시,월요일,강원도 영월군 김삿갓면,중상사고,0,1,0,0,차대사람 - 횡단중,안전운전불이행,건조,맑음,단일로 - 기타,화물,남,69세,상해없음,보행자,남,37세,중상
2014072800100274,2014년 7월 28일 14시,월요일,강원도 인제군 기린면,중상사고,0,1,0,0,차대차 - 측면직각충돌,안전운전불이행,건조,맑음,교차로 - 교차로안,승합,남,44세,상해없음,승용,여,59세,중상
2014072800100305,2014년 7월 28일 15시,월요일,강원도 춘천시 신북읍,경상사고,0,0,2,0,차대차 - 측면직각충돌,중앙선침범,건조,맑음,단일로 - 기타,화물,남,61세,상해없음,승용,남,36세,경상
2014072800100306,2014년 7월 28일 15시,월요일,강원도 태백시 문곡동,중상사고,0,1,0,0,차대차 - 추돌 - 진행중,안전운전불이행,건조,맑음,단일로 - 기타,승용,남,77세,상해없음,자전거,남,56세,중상
2014072800100344,2014년 7월 28일 16시,월요일,강원도 속초시 교동,경상사고,0,0,1,0,차대사람 - 횡단중,안전운전불이행,건조,맑음,단일로 - 기타,승용,남,34세,상해없음,보행자,남,6세,경상
2014072800100345,2014년 7월 28일 16시,월요일,강원도 양양군 양양읍,경상사고,0,0,1,0,차대차 - 측면직각충돌,안전운전불이행,건조,맑음,교차로 - 교차로안,승용,여,47세,상해없음,승용,남,54세,경상
2014072800100346,2014년 7월 28일 16시,월요일,강원도 춘천시 동산면,중상사고,0,2,1,0,차대차 - 추돌 - 주정차중,안전거리미확보,건조,흐림,단일로 - 기타,승용,남,49세,중상,화물,남,42세,경상
2014072800100388,2014년 7월 28일 17시,월요일,강원도 강릉시 견소동,경상사고,0,0,1,0,차대차 - 측면직각충돌,안전운전불이행,건조,맑음,기타 - 기타,승용,여,48세,상해없음,자전거,남,6세,경상
2014072800100422,2014년 7월 28일 18시,월요일,강원도 영월군 중동면,중상사고,0,1,1,0,차대차 - 기타,기타,건조,맑음,단일로 - 기타,화물,여,55세,상해없음,이륜,남,70세,중상
2014072800100489,2014년 7월 28일 20시,월요일,강원도 춘천시 퇴계동,경상사고,0,0,1,0,차대사람 - 기타,기타,건조,맑음,단일로 - 기타,자전거,남,23세,상해없음,보행자,여,58세,경상
2014072800100490,2014년 7월 28일 20시,월요일,강원도 원주시 태장동,경상사고,0,0,1,0,차대차 - 측면직각충돌,안전운전불이행,건조,맑음,교차로 - 교차로안,이륜,남,18세,경상,승용,남,27세,상해없음
2014072800100491,2014년 7월 28일 20시,월요일,강원도 고성군 죽왕면,경상사고,0,0,1,0,차대사람 - 횡단중,안전운전불이행,건조,맑음,교차로 - 교차로안,기타불명,기타불명,기타불명,기타불명,보행자,여,13세,경상
2014072800100528,2014년 7월 28일 21시,월요일,강원도 횡성군 횡성읍,중상사고,0,2,0,0,차대차 - 측면직각충돌,직진우회전진행방해,건조,맑음,교차로 - 교차로안,승용,여,23세,상해없음,원동기,남,63세,중상
2014072800100561,2014년 7월 28일 22시,월요일,강원도 원주시 태장동,경상사고,0,0,1,0,차대차 - 추돌 - 주정차중,안전운전불이행,건조,맑음,단일로 - 기타,승합,여,24세,경상,화물,남,50세,기타불명
2014072900100031,2014년 7월 29일 01시,화요일,강원도 양양군 양양읍,중상사고,0,1,1,0,차대차 - 추돌 - 진행중,안전운전불이행,건조,맑음,교차로 - 교차로부근,승용,남,26세,상해없음,승용,남,32세,중상
2014072900100060,2014년 7월 29일 04시,화요일,강원도 원주시 무실동,경상사고,0,0,1,0,차대차 - 기타,안전거리미확보,습기,비,단일로 - 기타,화물,남,25세,상해없음,승용,여,42세,경상
2014072900100077,2014년 7월 29일 06시,화요일,강원도 원주시 단구동,경상사고,0,0,1,0,차대차 - 추돌 - 진행중,직진우회전진행방해,건조,맑음,교차로 - 교차로안,승용,여,61세,상해없음,승용,남,53세,상해없음
2014072900100078,2014년 7월 29일 06시,화요일,강원도 평창군 미탄면,중상사고,0,1,2,0,차량단독 - 공작물충돌,안전운전불이행,습기,비,기타 - 기타,승용,남,29세,상해없음,,,,
2014072900100091,2014년 7월 29일 07시,화요일,강원도 춘천시 석사동,경상사고,0,0,6,0,차대차 - 측면직각충돌,신호위반,건조,맑음,교차로 - 교차로안,화물,남,43세,상해없음,승합,여,52세,경상
2014072900100092,2014년 7월 29일 07시,화요일,강원도 춘천시 신동,경상사고,0,0,2,0,차대차 - 측면직각충돌,안전운전불이행,건조,맑음,교차로 - 교차로안,화물,남,53세,상해없음,승용,남,68세,경상
2014072900100146,2014년 7월 29일 09시,화요일,강원도 영월군 남면,중상사고,0,1,1,0,차대차 - 기타,교차로운행방법위반,건조,맑음,교차로 - 교차로안,승용,남,79세,경상,이륜,남,72세,중상
2014072900100172,2014년 7월 29일 10시,화요일,강원도 춘천시 소양로1가,중상사고,0,1,0,0,차대차 - 기타,안전운전불이행,건조,맑음,단일로 - 기타,승용,여,59세,기타불명,승용,남,28세,중상
2014072900100210,2014년 7월 29일 11시,화요일,강원도 춘천시 효자동,경상사고,0,0,2,0,차대차 - 추돌 - 주정차중,안전운전불이행,건조,맑음,단일로 - 기타,승용,여,43세,상해없음,화물,남,56세,경상
2014072900100211,2014년 7월 29일 11시,화요일,강원도 강릉시 주문진읍,부상신고사고,0,0,0,1,차대사람 - 기타,안전운전불이행,건조,맑음,단일로 - 기타,자전거,남,46세,상해없음,보행자,남,68세,부상신고
2014072900100212,2014년 7월 29일 11시,화요일,강원도 원주시 태장동,부상신고사고,0,0,0,1,차대차 - 측면직각충돌,불법유턴,건조,맑음,교차로 - 교차로부근,원동기,남,83세,부상신고,승용,남,22세,상해없음
2014072900100213,2014년 7월 29일 11시,화요일,강원도 속초시 대포동,경상사고,0,0,2,0,차대차 - 측면직각충돌,안전운전불이행,건조,맑음,교차로 - 교차로안,승용,남,42세,상해없음,승용,남,44세,경상
2014072900100214,2014년 7월 29일 11시,화요일,강원도 고성군 토성면,경상사고,0,0,1,0,차대차 - 측면직각충돌,안전운전불이행,건조,맑음,교차로 - 교차로안,특수,여,43세,상해없음,화물,남,54세,경상
2014072900100215,2014년 7월 29일 11시,화요일,강원도 동해시 구미동,중상사고,0,1,0,0,차대차 - 기타,기타,건조,맑음,단일로 - 기타,화물,남,40세,상해없음,이륜,남,28세,중상
2014072900100243,2014년 7월 29일 12시,화요일,강원도 속초시 교동,사망사고,1,0,0,0,차대차 - 측면직각충돌,안전운전불이행,건조,맑음,교차로 - 교차로안,원동기,남,46세,사망,승합,남,40세,상해없음
2014072900100244,2014년 7월 29일 12시,화요일,강원도 동해시 효가동,경상사고,0,0,1,0,차대차 - 기타,안전거리미확보,건조,맑음,단일로 - 기타,승용,남,59세,상해없음,승용,남,48세,경상
2014072900100275,2014년 7월 29일 13시,화요일,강원도 강릉시 옥천동,부상신고사고,0,0,0,1,차대사람 - 기타,신호위반,건조,맑음,단일로 - 횡단보도상,승용,남,62세,상해없음,보행자,여,61세,부상신고
2014072900100369,2014년 7월 29일 16시,화요일,강원도 춘천시 남산면,경상사고,0,0,1,0,차대사람 - 횡단중,안전운전불이행,건조,맑음,단일로 - 기타,승용,여,34세,상해없음,보행자,여,7세,경상
2014072900100370,2014년 7월 29일 16시,화요일,강원도 강릉시 교동,경상사고,0,0,1,0,차대차 - 기타,안전운전불이행,건조,맑음,교차로 - 교차로부근,승용,여,43세,상해없음,승용,남,66세,상해없음
2014072900100371,2014년 7월 29일 16시,화요일,강원도 강릉시 주문진읍,경상사고,0,0,1,0,차대사람 - 기타,안전운전불이행,건조,맑음,단일로 - 기타,승용,여,22세,상해없음,보행자,남,65세,경상
2014072900100403,2014년 7월 29일 17시,화요일,강원도 강릉시 안현동,경상사고,0,0,1,0,차대사람 - 기타,보행자보호의무위반,건조,맑음,단일로 - 횡단보도상,원동기,남,20세,상해없음,보행자,남,39세,경상
2014072900100404,2014년 7월 29일 17시,화요일,강원도 영월군 중동면,경상사고,0,0,1,1,차대차 - 측면직각충돌,안전운전불이행,습기,비,교차로 - 교차로부근,승용,남,51세,상해없음,건설기계,남,46세,부상신고
2014072900100436,2014년 7월 29일 18시,화요일,강원도 춘천시 석사동,경상사고,0,0,1,0,차대차 - 기타,중앙선침범,건조,맑음,기타 - 기타,승용,남,66세,상해없음,승용,여,40세,경상
2014072900100472,2014년 7월 29일 19시,화요일,강원도 원주시 개운동,경상사고,0,0,1,0,차대차 - 측면직각충돌,직진우회전진행방해,건조,맑음,교차로 - 교차로안,승용,남,24세,상해없음,원동기,남,40세,경상
2014072900100504,2014년 7월 29일 20시,화요일,강원도 춘천시 후평동,중상사고,0,1,0,0,차대차 - 기타,교차로운행방법위반,건조,맑음,교차로 - 교차로안,승용,남,22세,상해없음,자전거,남,50세,중상
2014072900100505,2014년 7월 29일 20시,화요일,강원도 원주시 관설동,경상사고,0,0,2,0,차대차 - 측면직각충돌,교차로운행방법위반,건조,맑음,교차로 - 교차로안,승용,남,67세,상해없음,승용,여,21세,경상
2014072900100593,2014년 7월 29일 23시,화요일,강원도 춘천시 근화동,경상사고,0,0,1,0,차대차 - 추돌 - 진행중,안전운전불이행,건조,맑음,교차로 - 교차로부근,승용,남,32세,상해없음,승용,남,56세,경상
2014072900100594,2014년 7월 29일 23시,화요일,강원도 정선군 사북읍,경상사고,0,0,2,1,차대차 - 측면직각충돌,안전운전불이행,건조,맑음,단일로 - 기타,승용,남,39세,상해없음,승용,여,43세,경상
2014073000100011,2014년 7월 30일 00시,수요일,강원도 원주시 단계동,중상사고,0,2,0,0,차대차 - 정면충돌,중앙선침범,건조,맑음,단일로 - 기타,승용,남,32세,상해없음,승용,여,42세,중상
2014073000100012,2014년 7월 30일 00시,수요일,강원도 삼척시 남양동,경상사고,0,0,1,0,차대차 - 기타,안전운전불이행,건조,흐림,단일로 - 교량,자전거,남,16세,경상,화물,남,41세,기타불명
2014073000100045,2014년 7월 30일 04시,수요일,강원도 원주시 문막읍,경상사고,0,0,1,0,차량단독 - 공작물충돌,안전운전불이행,건조,맑음,단일로 - 기타,승합,남,53세,상해없음,,,,
2014073000100056,2014년 7월 30일 05시,수요일,강원도 평창군 대화면,중상사고,0,2,0,0,차량단독 - 공작물충돌,안전운전불이행,건조,맑음,단일로 - 기타,승용,남,54세,상해없음,,,,
2014073000100071,2014년 7월 30일 07시,수요일,강원도 동해시 구미동,중상사고,0,1,0,0,차대차 - 추돌 - 진행중,안전운전불이행,건조,맑음,단일로 - 기타,승용,남,58세,상해없음,승용,남,40세,중상
2014073000100072,2014년 7월 30일 07시,수요일,강원도 동해시 천곡동,중상사고,0,1,0,0,차대차 - 기타,신호위반,건조,맑음,교차로 - 교차로안,승용,남,71세,상해없음,승용,남,46세,중상
2014073000100097,2014년 7월 30일 08시,수요일,강원도 춘천시 교동,경상사고,0,0,3,0,차대차 - 측면직각충돌,안전거리미확보,건조,맑음,교차로 - 교차로부근,승용,남,23세,상해없음,승용,남,27세,경상
2014073000100098,2014년 7월 30일 08시,수요일,강원도 원주시 단구동,경상사고,0,0,1,0,차대차 - 측면직각충돌,교차로운행방법위반,건조,맑음,교차로 - 교차로안,승용,남,44세,상해없음,승용,여,62세,경상
2014073000100099,2014년 7월 30일 08시,수요일,강원도 인제군 인제읍,경상사고,0,0,2,0,차대차 - 추돌 - 진행중,안전거리미확보,건조,맑음,단일로 - 기타,승용,여,38세,상해없음,승용,남,42세,경상
2014073000100212,2014년 7월 30일 11시,수요일,강원도 강릉시 홍제동,경상사고,0,0,1,0,차대차 - 측면직각충돌,신호위반,기타,기타,교차로 - 교차로안,승용,남,42세,상해없음,자전거,남,78세,경상
2014073000100213,2014년 7월 30일 11시,수요일,강원도 삼척시 도계읍,중상사고,0,1,0,0,차대사람 - 기타,안전운전불이행,건조,맑음,단일로 - 기타,승용,남,65세,상해없음,보행자,남,66세,중상
2014073000100243,2014년 7월 30일 12시,수요일,강원도 양구군 양구읍,경상사고,0,0,2,0,차대차 - 측면직각충돌,안전운전불이행,건조,맑음,교차로 - 교차로부근,승용,남,35세,상해없음,자전거,남,10세,경상
2014073000100275,2014년 7월 30일 13시,수요일,강원도 원주시 학성동,경상사고,0,0,1,0,차대차 - 기타,신호위반,건조,맑음,교차로 - 교차로안,화물,남,44세,상해없음,원동기,남,55세,경상
2014073000100314,2014년 7월 30일 14시,수요일,강원도 원주시 문막읍,경상사고,0,0,2,0,차대차 - 기타,안전운전불이행,건조,맑음,교차로 - 교차로부근,승합,남,53세,상해없음,승용,남,34세,경상
2014073000100315,2014년 7월 30일 14시,수요일,강원도 삼척시 남양동,중상사고,0,1,0,0,차량단독 - 기타,안전운전불이행,건조,맑음,단일로 - 기타,승합,남,49세,상해없음,,,,
2014073000100353,2014년 7월 30일 15시,수요일,강원도 춘천시 소양로1가,경상사고,0,0,1,0,차대차 - 추돌 - 진행중,안전운전불이행,건조,맑음,교차로 - 교차로안,기타불명,기타불명,기타불명,기타불명,승용,여,65세,경상
2014073000100354,2014년 7월 30일 15시,수요일,강원도 원주시 단구동,경상사고,0,0,1,0,차대차 - 기타,직진우회전진행방해,건조,맑음,교차로 - 교차로안,승용,남,59세,상해없음,원동기,남,22세,경상
2014073000100355,2014년 7월 30일 15시,수요일,강원도 양양군 강현면,중상사고,0,3,2,0,차대차 - 측면직각충돌,교차로운행방법위반,건조,맑음,교차로 - 교차로안,승용,남,46세,상해없음,승합,남,19세,경상
2014073000100356,2014년 7월 30일 15시,수요일,강원도 태백시 황지동,중상사고,0,2,1,0,차대차 - 기타,교차로운행방법위반,건조,맑음,교차로 - 교차로안,승용,남,66세,경상,승용,여,52세,중상
2014073000100386,2014년 7월 30일 16시,수요일,강원도 춘천시 온의동,경상사고,0,0,1,0,차대차 - 측면직각충돌,안전운전불이행,건조,맑음,기타 - 기타,화물,남,53세,기타불명,승용,여,62세,경상
2014073000100426,2014년 7월 30일 17시,수요일,강원도 원주시 문막읍,경상사고,0,0,1,0,차대차 - 기타,신호위반,건조,맑음,교차로 - 교차로안,승용,여,45세,상해없음,승용,남,33세,경상
2014073000100458,2014년 7월 30일 18시,수요일,강원도 춘천시 서면,경상사고,0,0,1,0,차대차 - 추돌 - 진행중,안전거리미확보,건조,맑음,단일로 - 기타,승용,남,47세,상해없음,승용,여,39세,경상
2014073000100459,2014년 7월 30일 18시,수요일,강원도 강릉시 사천면,경상사고,0,0,1,0,차대차 - 기타,안전운전불이행,기타,기타,단일로 - 기타,승합,남,69세,상해없음,승용,남,34세,경상
2014073000100505,2014년 7월 30일 19시,수요일,강원도 강릉시 교동,경상사고,0,0,2,0,차대차 - 기타,안전운전불이행,건조,맑음,교차로 - 교차로부근,승용,남,61세,상해없음,승용,남,45세,경상
2014073000100533,2014년 7월 30일 20시,수요일,강원도 춘천시 효자동,중상사고,0,1,0,0,차대사람 - 횡단중,보행자보호의무위반,건조,맑음,단일로 - 횡단보도상,승용,여,25세,상해없음,보행자,여,21세,중상
2014073000100534,2014년 7월 30일 20시,수요일,강원도 속초시 교동,경상사고,0,0,2,0,차대차 - 추돌 - 주정차중,안전운전불이행,건조,맑음,교차로 - 교차로안,승용,남,22세,상해없음,승용,여,34세,경상
2014073000100535,2014년 7월 30일 20시,수요일,강원도 평창군 대관령면,중상사고,0,1,0,0,차대차 - 측면직각충돌,교차로운행방법위반,건조,맑음,교차로 - 교차로안,승합,남,49세,상해없음,승용,남,54세,중상
2014073000100649,2014년 7월 30일 23시,수요일,강원도 영월군 영월읍,중상사고,0,1,1,0,차대차 - 측면직각충돌,교차로운행방법위반,건조,맑음,교차로 - 교차로안,승용,남,40세,상해없음,승용,남,24세,중상
2014073100100030,2014년 7월 31일 01시,목요일,강원도 춘천시 효자동,부상신고사고,0,0,0,1,차대사람 - 기타,안전운전불이행,건조,맑음,단일로 - 기타,승용,남,23세,상해없음,보행자,남,22세,부상신고
2014073100100147,2014년 7월 31일 08시,목요일,강원도 춘천시 석사동,경상사고,0,0,2,0,차대차 - 측면직각충돌,교차로운행방법위반,건조,맑음,교차로 - 교차로안,승용,남,80세,상해없음,화물,남,42세,경상
2014073100100148,2014년 7월 31일 08시,목요일,강원도 동해시 발한동,경상사고,0,0,1,0,차대차 - 추돌 - 진행중,교차로운행방법위반,건조,맑음,교차로 - 교차로안,승용,남,50세,상해없음,승용,여,62세,경상
2014073100100174,2014년 7월 31일 09시,목요일,강원도 춘천시 후평동,경상사고,0,0,1,0,차대사람 - 기타,안전운전불이행,건조,맑음,기타 - 기타,승용,남,47세,상해없음,보행자,남,41세,경상
2014073100100175,2014년 7월 31일 09시,목요일,강원도 속초시 대포동,경상사고,0,0,1,0,차대차 - 기타,안전운전불이행,건조,맑음,단일로 - 기타,승용,남,54세,상해없음,승합,남,46세,상해없음
2014073100100176,2014년 7월 31일 09시,목요일,강원도 양양군 양양읍,경상사고,0,0,1,0,차대사람 - 횡단중,안전운전불이행,건조,맑음,단일로 - 기타,승용,남,60세,상해없음,보행자,여,43세,경상
2014073100100213,2014년 7월 31일 10시,목요일,강원도 속초시 노학동,경상사고,0,0,3,0,차대차 - 측면직각충돌,중앙선침범,건조,맑음,교차로 - 교차로부근,승용,남,60세,상해없음,승용,남,34세,경상
2014073100100242,2014년 7월 31일 11시,목요일,강원도 삼척시 원덕읍,경상사고,0,0,1,0,차량단독 - 기타,안전운전불이행,건조,맑음,단일로 - 기타,농기계,남,67세,경상,,,,
2014073100100243,2014년 7월 31일 11시,목요일,강원도 동해시 북평동,경상사고,0,0,1,0,차대차 - 기타,직진우회전진행방해,건조,맑음,교차로 - 교차로부근,승용,남,42세,상해없음,원동기,여,55세,경상
2014073100100272,2014년 7월 31일 12시,목요일,강원도 원주시 단계동,경상사고,0,0,1,0,차대차 - 추돌 - 진행중,안전운전불이행,건조,맑음,단일로 - 기타,승용,남,35세,상해없음,승용,남,25세,경상
2014073100100273,2014년 7월 31일 12시,목요일,강원도 양양군 현북면,경상사고,0,0,1,0,차대차 - 측면직각충돌,중앙선침범,건조,맑음,단일로 - 기타,화물,남,40세,상해없음,화물,남,45세,경상
2014073100100274,2014년 7월 31일 12시,목요일,강원도 영월군 남면,중상사고,0,2,1,1,차대차 - 기타,중앙선침범,건조,맑음,단일로 - 기타,승용,남,79세,경상,승용,남,49세,부상신고
2014073100100304,2014년 7월 31일 13시,목요일,강원도 원주시 명륜동,중상사고,0,1,0,0,차대사람 - 횡단중,보행자보호의무위반,건조,맑음,단일로 - 횡단보도상,이륜,남,17세,상해없음,보행자,여,18세,중상
2014073100100305,2014년 7월 31일 13시,목요일,강원도 원주시 문막읍,경상사고,0,0,7,0,차대차 - 기타,안전운전불이행,건조,맑음,기타 - 기타,승용,여,90세 이상,상해없음,승용,남,28세,상해없음
2014073100100352,2014년 7월 31일 14시,목요일,강원도 원주시 단계동,중상사고,0,1,0,0,차대차 - 기타,안전운전불이행,건조,맑음,교차로 - 교차로부근,화물,남,57세,상해없음,화물,남,55세,중상
2014073100100382,2014년 7월 31일 15시,목요일,강원도 태백시 황지동,중상사고,0,1,0,0,차대차 - 기타,중앙선침범,습기,비,단일로 - 기타,승용,여,51세,상해없음,승용,남,58세,중상
2014073100100409,2014년 7월 31일 16시,목요일,강원도 삼척시 원덕읍,경상사고,0,0,1,0,차대차 - 기타,안전운전불이행,습기,맑음,단일로 - 기타,화물,남,59세,상해없음,승용,남,39세,기타불명
2014073100100410,2014년 7월 31일 16시,목요일,강원도 고성군 토성면,경상사고,0,0,4,0,차대사람 - 기타,기타,건조,맑음,단일로 - 기타,승용,남,48세,상해없음,보행자,여,35세,경상
2014073100100461,2014년 7월 31일 17시,목요일,강원도 춘천시 동내면,경상사고,0,0,1,1,차대차 - 기타,안전운전불이행,습기,비,교차로 - 교차로안,자전거,여,54세,부상신고,원동기,남,64세,경상
2014073100100462,2014년 7월 31일 17시,목요일,강원도 춘천시 근화동,경상사고,0,0,2,0,차대차 - 기타,교차로운행방법위반,건조,맑음,교차로 - 교차로안,승용,남,31세,상해없음,승용,남,67세,경상
2014073100100463,2014년 7월 31일 17시,목요일,강원도 강릉시 연곡면,경상사고,0,0,3,0,차량단독 - 공작물충돌,안전운전불이행,습기,비,단일로 - 기타,승용,남,45세,경상,,,,
2014073100100464,2014년 7월 31일 17시,목요일,강원도 철원군 서면,경상사고,0,0,1,0,차대차 - 추돌 - 주정차중,안전운전불이행,건조,맑음,단일로 - 기타,승합,남,47세,상해없음,승합,남,48세,상해없음
2014073100100506,2014년 7월 31일 18시,목요일,강원도 강릉시 홍제동,경상사고,0,0,1,0,차대차 - 측면직각충돌,안전운전불이행,건조,맑음,교차로 - 교차로안,승용,여,21세,상해없음,승용,여,37세,경상
2014073100100507,2014년 7월 31일 18시,목요일,강원도 삼척시 정하동,경상사고,0,0,1,0,차대차 - 기타,안전운전불이행,건조,맑음,교차로 - 교차로부근,승용,여,29세,상해없음,이륜,남,30세,경상
2014073100100552,2014년 7월 31일 19시,목요일,강원도 원주시 원동,경상사고,0,0,3,0,차대차 - 정면충돌,중앙선침범,건조,맑음,단일로 - 기타,승용,남,45세,상해없음,승용,남,42세,경상
2014073100100553,2014년 7월 31일 19시,목요일,강원도 정선군 정선읍,경상사고,0,0,1,0,차대차 - 측면직각충돌,안전운전불이행,습기,비,단일로 - 기타,승용,남,60세,상해없음,승용,남,41세,경상
2014073100100584,2014년 7월 31일 20시,목요일,강원도 춘천시 우두동,경상사고,0,0,2,0,차대차 - 측면직각충돌,안전거리미확보,건조,맑음,교차로 - 교차로부근,승용,남,48세,기타불명,승용,남,35세,경상
2014073100100617,2014년 7월 31일 21시,목요일,강원도 강릉시 강문동,경상사고,0,0,4,0,차량단독 - 도로외이탈 - 추락,안전운전불이행,습기,비,단일로 - 교량,승용,남,18세,상해없음,,,,
2014073100100656,2014년 7월 31일 22시,목요일,강원도 동해시 망상동,경상사고,0,0,4,0,차대차 - 기타,중앙선침범,건조,흐림,단일로 - 기타,승용,남,42세,상해없음,승용,남,45세,경상
2014080100100010,2014년 8월 1일 00시,금요일,강원도 원주시 개운동,경상사고,0,0,1,0,차대차 - 측면직각충돌,신호위반,건조,맑음,교차로 - 교차로안,승용,남,27세,상해없음,승용,여,29세,경상
2014080100100053,2014년 8월 1일 02시,금요일,강원도 철원군 근남면,중상사고,0,1,0,0,차량단독 - 공작물충돌,안전운전불이행,건조,맑음,단일로 - 기타,화물,남,59세,중상,,,,
2014080100100086,2014년 8월 1일 06시,금요일,강원도 원주시 문막읍,경상사고,0,0,2,0,차량단독 - 전도전복,안전운전불이행,건조,맑음,교차로 - 교차로부근,화물,남,56세,경상,,,,
2014080100100120,2014년 8월 1일 08시,금요일,강원도 춘천시 동면,경상사고,0,0,2,0,차대차 - 추돌 - 주정차중,안전운전불이행,건조,맑음,교차로 - 교차로부근,화물,남,34세,상해없음,화물,남,31세,경상
2014080100100121,2014년 8월 1일 08시,금요일,강원도 원주시 지정면,경상사고,0,0,2,0,차대차 - 추돌 - 진행중,안전거리미확보,건조,맑음,단일로 - 기타,승용,남,29세,경상,승용,남,42세,상해없음