사고번호,사고일시,요일,시군구,사고내용,사망자수,중상자수,경상자수,부상신고자수,사고유형,법규위반,노면상태,기상상태,도로형태,가해운전자 차종,가해운전자 성별,가해운전자 연령,가해운전자 상해정도,피해운전자 차종,피해운전자 성별,피해운전자 연령,피해운전자 상해정도
2014080100100139,2014년 8월 1일 09시,금요일,강원도 춘천시 동면,중상사고,0,2,0,0,차대차 - 측면직각충돌,교차로운행방법위반,건조,맑음,교차로 - 교차로부근,승용,남,38세,상해없음,승용,남,67세,중상
2014080100100140,2014년 8월 1일 09시,금요일,강원도 태백시 하사미동,중상사고,0,2,0,0,차량단독 - 전도전복,안전운전불이행,건조,맑음,기타 - 기타,화물,남,51세,상해없음,,,,
2014080100100167,2014년 8월 1일 10시,금요일,강원도 원주시 명륜동,경상사고,0,0,1,0,차대차 - 추돌 - 주정차중,안전거리미확보,건조,맑음,교차로 - 교차로부근,승용,여,53세,상해없음,승용,남,32세,경상
2014080100100168,2014년 8월 1일 10시,금요일,강원도 삼척시 마달동,중상사고,0,2,6,0,차대차 - 측면직각충돌,신호위반,건조,맑음,교차로 - 교차로안,승용,남,34세,경상,승용,남,37세,경상
2014080100100200,2014년 8월 1일 11시,금요일,강원도 강릉시 사천면,경상사고,0,0,1,0,차대차 - 기타,안전운전불이행,건조,맑음,단일로 - 기타,승용,남,55세,상해없음,승용,남,44세,경상
2014080100100201,2014년 8월 1일 11시,금요일,강원도 삼척시 정상동,경상사고,0,0,4,0,차대차 - 추돌 - 진행중,안전운전불이행,건조,맑음,단일로 - 기타,승용,남,64세,상해없음,승용,남,45세,경상
2014080100100239,2014년 8월 1일 12시,금요일,강원도 삼척시 등봉동,경상사고,0,0,2,0,차대차 - 측면직각충돌,안전운전불이행,건조,맑음,단일로 - 기타,승용,남,64세,상해없음,승용,남,44세,상해없음
2014080100100275,2014년 8월 1일 13시,금요일,강원도 춘천시 중앙로1가,경상사고,0,0,1,0,차대사람 - 횡단중,중앙선침범,건조,맑음,교차로 - 교차로부근,승용,남,62세,상해없음,보행자,여,40세,경상
2014080100100276,2014년 8월 1일 13시,금요일,강원도 원주시 태장동,중상사고,0,1,0,0,차대차 - 기타,안전운전불이행,건조,맑음,기타 - 기타,기타불명,기타불명,기타불명,기타불명,승용,남,23세,중상
2014080100100306,2014년 8월 1일 14시,금요일,강원도 동해시 천곡동,경상사고,0,0,1,0,차대차 - 기타,교차로운행방법위반,건조,맑음,교차로 - 교차로안,승합,남,50세,상해없음,자전거,남,40세,경상
2014080100100339,2014년 8월 1일 15시,금요일,강원도 강릉시 주문진읍,경상사고,0,0,1,0,차대사람 - 기타,안전운전불이행,건조,맑음,단일로 - 기타,승합,남,50세,상해없음,보행자,여,20세,경상
2014080100100340,2014년 8월 1일 15시,금요일,강원도 평창군 대화면,경상사고,0,0,2,1,차대차 - 기타,중앙선침범,건조,맑음,단일로 - 기타,화물,남,55세,상해없음,승용,남,51세,부상신고
2014080100100341,2014년 8월 1일 15시,금요일,강원도 홍천군 서면,경상사고,0,0,7,0,차대차 - 추돌 - 주정차중,안전거리미확보,건조,맑음,단일로 - 터널,승용,남,21세,상해없음,승용,남,55세,경상
2014080100100378,2014년 8월 1일 16시,금요일,강원도 춘천시 동면,경상사고,0,0,2,0,차대차 - 추돌 - 진행중,교차로운행방법위반,건조,맑음,교차로 - 교차로안,승용,여,24세,상해없음,화물,남,43세,경상
2014080100100379,2014년 8월 1일 16시,금요일,강원도 삼척시 도계읍,부상신고사고,0,0,0,1,차량단독 - 공작물충돌,안전운전불이행,건조,맑음,단일로 - 기타,승용,남,32세,부상신고,,,,
2014080100100380,2014년 8월 1일 16시,금요일,강원도 삼척시 원덕읍,중상사고,0,1,0,0,차대차 - 측면직각충돌,안전운전불이행,건조,맑음,교차로 - 교차로안,승합,남,42세,상해없음,원동기,남,50세,중상
2014080100100381,2014년 8월 1일 16시,금요일,강원도 정선군 북평면,중상사고,0,1,0,0,차대사람 - 기타,안전운전불이행,건조,맑음,기타 - 기타,승용,남,35세,상해없음,보행자,여,71세,중상
2014080100100382,2014년 8월 1일 16시,금요일,강원도 인제군 북면,사망사고,2,3,0,0,차대차 - 정면충돌,중앙선침범,건조,맑음,단일로 - 기타,승용,남,42세,사망,승합,남,51세,중상
2014080100100422,2014년 8월 1일 17시,금요일,강원도 속초시 청호동,경상사고,0,0,1,0,차대차 - 측면직각충돌,직진우회전진행방해,건조,맑음,교차로 - 교차로안,승용,남,23세,상해없음,승용,여,48세,경상
2014080100100423,2014년 8월 1일 17시,금요일,강원도 삼척시 노곡면,중상사고,0,1,0,0,차량단독 - 기타,기타,건조,맑음,단일로 - 교량,화물,남,48세,상해없음,,,,
2014080100100456,2014년 8월 1일 18시,금요일,강원도 춘천시 석사동,경상사고,0,0,3,0,차대차 - 기타,신호위반,건조,맑음,교차로 - 교차로안,승용,남,57세,상해없음,자전거,남,16세,경상
2014080100100457,2014년 8월 1일 18시,금요일,강원도 원주시 태장동,경상사고,0,0,1,0,차대사람 - 길가장자리구역통행중,안전운전불이행,건조,맑음,단일로 - 기타,승용,여,67세,상해없음,보행자,남,4세,경상
2014080100100497,2014년 8월 1일 19시,금요일,강원도 원주시 단계동,경상사고,0,0,2,0,차대차 - 측면직각충돌,안전운전불이행,건조,맑음,교차로 - 교차로안,승합,남,20세,상해없음,승용,남,53세,경상
2014080100100498,2014년 8월 1일 19시,금요일,강원도 홍천군 서석면,중상사고,0,1,0,0,차량단독 - 공작물충돌,안전운전불이행,건조,맑음,단일로 - 기타,자전거,여,17세,기타불명,,,,
2014080100100499,2014년 8월 1일 19시,금요일,강원도 태백시 화전동,경상사고,0,0,2,0,차대차 - 기타,중앙선침범,건조,맑음,단일로 - 기타,승용,남,46세,상해없음,승용,남,60세,경상
2014080100100532,2014년 8월 1일 20시,금요일,강원도 춘천시 동면,경상사고,0,0,1,0,차대사람 - 기타,안전운전불이행,건조,맑음,단일로 - 기타,승용,남,56세,상해없음,보행자,여,49세,경상
2014080100100533,2014년 8월 1일 20시,금요일,강원도 강릉시 교동,중상사고,0,1,0,0,차대차 - 기타,안전운전불이행,건조,맑음,교차로 - 교차로부근,승용,여,43세,상해없음,자전거,남,44세,중상
2014080100100567,2014년 8월 1일 21시,금요일,강원도 원주시 문막읍,중상사고,0,1,0,0,차량단독 - 공작물충돌,안전운전불이행,건조,맑음,단일로 - 기타,승용,남,46세,중상,,,,
2014080100100610,2014년 8월 1일 22시,금요일,강원도 정선군 남면,중상사고,0,1,2,0,차대차 - 측면직각충돌,안전운전불이행,건조,맑음,단일로 - 기타,승용,남,41세,상해없음,승용,남,57세,경상
2014080200100080,2014년 8월 2일 03시,토요일,강원도 원주시 무실동,중상사고,0,1,1,0,차대차 - 측면직각충돌,신호위반,건조,맑음,교차로 - 교차로안,승용,남,31세,경상,승용,남,31세,중상
2014080200100120,2014년 8월 2일 06시,토요일,강원도 춘천시 동면,중상사고,0,1,1,0,차대차 - 기타,교차로운행방법위반,건조,맑음,교차로 - 교차로안,승용,여,59세,경상,승용,여,49세,중상
2014080200100188,2014년 8월 2일 09시,토요일,강원도 정선군 남면,경상사고,0,0,5,0,차대차 - 측면직각충돌,안전거리미확보,건조,맑음,단일로 - 기타,승용,남,67세,상해없음,승합,남,41세,경상
2014080200100189,2014년 8월 2일 09시,토요일,강원도 고성군 거진읍,중상사고,0,1,0,0,차대사람 - 보도통행중,안전운전불이행,건조,맑음,교차로 - 교차로부근,승용,여,59세,상해없음,보행자,남,13세,중상
2014080200100241,2014년 8월 2일 11시,토요일,강원도 영월군 영월읍,경상사고,0,0,1,0,차대사람 - 차도통행중,중앙선침범,건조,맑음,교차로 - 교차로안,자전거,남,50세,상해없음,보행자,남,45세,경상
2014080200100242,2014년 8월 2일 11시,토요일,강원도 영월군 영월읍,중상사고,0,1,0,0,차대차 - 측면직각충돌,교차로운행방법위반,건조,맑음,교차로 - 교차로안,승용,남,75세,상해없음,이륜,남,53세,중상
2014080200100276,2014년 8월 2일 12시,토요일,강원도 춘천시 근화동,경상사고,0,0,5,0,차대차 - 측면직각충돌,안전운전불이행,건조,맑음,단일로 - 기타,승용,남,54세,상해없음,승용,여,39세,경상
2014080200100277,2014년 8월 2일 12시,토요일,강원도 고성군 간성읍,중상사고,0,1,0,0,차대사람 - 보도통행중,안전운전불이행,건조,맑음,단일로 - 기타,화물,남,65세,상해없음,보행자,여,74세,중상
2014080200100278,2014년 8월 2일 12시,토요일,강원도 동해시 망상동,경상사고,0,0,1,0,차대사람 - 횡단중,보행자보호의무위반,건조,흐림,단일로 - 횡단보도상,승용,여,29세,상해없음,보행자,남,7세,경상
2014080200100279,2014년 8월 2일 12시,토요일,강원도 춘천시 남면,중상사고,0,1,1,0,차대차 - 추돌 - 진행중,안전운전불이행,건조,맑음,단일로 - 터널,기타불명,기타불명,기타불명,기타불명,승용,남,57세,상해없음
2014080200100311,2014년 8월 2일 13시,토요일,강원도 강릉시 강동면,경상사고,0,0,4,0,차대차 - 기타,안전운전불이행,건조,맑음,교차로 - 교차로부근,화물,남,58세,상해없음,승용,남,37세,경상
2014080200100312,2014년 8월 2일 13시,토요일,강원도 원주시 판부면,경상사고,0,0,6,0,차대차 - 측면직각충돌,중앙선침범,건조,맑음,단일로 - 기타,승용,남,35세,상해없음,승용,남,43세,경상
2014080200100313,2014년 8월 2일 13시,토요일,강원도 원주시 단계동,경상사고,0,0,1,0,차대차 - 추돌 - 주정차중,불법유턴,건조,맑음,단일로 - 기타,승용,여,48세,상해없음,승용,여,28세,경상
2014080200100314,2014년 8월 2일 13시,토요일,강원도 동해시 천곡동,경상사고,0,0,5,0,차대차 - 측면직각충돌,안전운전불이행,건조,맑음,단일로 - 기타,승용,남,53세,상해없음,승용,여,36세,경상
2014080200100315,2014년 8월 2일 13시,토요일,강원도 홍천군 서면,경상사고,0,0,3,0,차대차 - 추돌 - 진행중,안전운전불이행,건조,맑음,단일로 - 기타,승용,여,60세,상해없음,승용,남,28세,경상
2014080200100355,2014년 8월 2일 14시,토요일,강원도 강릉시 사천면,경상사고,0,0,2,0,차대차 - 기타,안전거리미확보,건조,맑음,단일로 - 기타,승용,남,60세,상해없음,승용,남,26세,경상
2014080200100356,2014년 8월 2일 14시,토요일,강원도 강릉시 교동,경상사고,0,0,1,0,차대차 - 측면직각충돌,안전운전불이행,건조,맑음,단일로 - 기타,승용,여,47세,상해없음,승용,남,32세,경상
2014080200100357,2014년 8월 2일 14시,토요일,강원도 강릉시 임당동,부상신고사고,0,0,0,1,차대사람 - 기타,불법유턴,건조,맑음,단일로 - 기타,기타불명,기타불명,기타불명,기타불명,보행자,여,18세,부상신고
2014080200100358,2014년 8월 2일 14시,토요일,강원도 평창군 봉평면,경상사고,0,0,5,0,차대차 - 정면충돌,안전운전불이행,건조,맑음,교차로 - 교차로안,승합,남,55세,상해없음,승용,남,54세,경상
2014080200100399,2014년 8월 2일 15시,토요일,강원도 강릉시 초당동,경상사고,0,0,1,0,차대차 - 측면직각충돌,기타,건조,맑음,단일로 - 기타,승용,여,54세,상해없음,자전거,남,11세,경상
2014080200100400,2014년 8월 2일 15시,토요일,강원도 원주시 소초면,경상사고,0,0,1,0,차대차 - 기타,차로위반,건조,맑음,단일로 - 기타,승용,남,56세,상해없음,승용,남,34세,경상
2014080200100437,2014년 8월 2일 16시,토요일,강원도 강릉시 사천면,경상사고,0,0,3,0,차대차 - 측면직각충돌,안전운전불이행,건조,맑음,교차로 - 교차로부근,승용,여,60세,상해없음,승용,남,36세,경상
2014080200100438,2014년 8월 2일 16시,토요일,강원도 양양군 강현면,경상사고,0,0,1,0,차대차 - 측면직각충돌,교차로운행방법위반,건조,맑음,교차로 - 교차로안,승용,여,23세,상해없음,승용,여,47세,경상
2014080200100439,2014년 8월 2일 16시,토요일,강원도 평창군 용평면,중상사고,0,3,0,3,차대차 - 정면충돌,중앙선침범,건조,맑음,단일로 - 기타,승용,남,21세,상해없음,승용,남,37세,중상
2014080200100440,2014년 8월 2일 16시,토요일,강원도 정선군 화암면,경상사고,0,0,2,0,차대차 - 측면직각충돌,안전운전불이행,건조,맑음,단일로 - 기타,승용,남,52세,상해없음,승용,남,33세,경상
2014080200100441,2014년 8월 2일 16시,토요일,강원도 양구군 양구읍,중상사고,0,1,0,0,차대사람 - 횡단중,신호위반,건조,맑음,교차로 - 교차로안,원동기,남,18세,상해없음,보행자,남,12세,중상
2014080200100484,2014년 8월 2일 17시,토요일,강원도 평창군 용평면,경상사고,0,0,4,0,차대차 - 측면직각충돌,안전운전불이행,건조,맑음,교차로 - 교차로부근,승용,남,70세,상해없음,승용,여,42세,경상
2014080200100522,2014년 8월 2일 18시,토요일,강원도 강릉시 내곡동,경상사고,0,0,1,0,차대사람 - 기타,안전운전불이행,건조,맑음,기타 - 기타,승용,남,28세,상해없음,보행자,여,42세,경상
2014080200100523,2014년 8월 2일 18시,토요일,강원도 원주시 명륜동,중상사고,0,1,1,0,차대차 - 측면직각충돌,신호위반,건조,맑음,교차로 - 교차로안,승용,남,59세,상해없음,승용,남,60세,중상
2014080200100524,2014년 8월 2일 18시,토요일,강원도 양양군 양양읍,중상사고,0,1,0,0,차대차 - 측면직각충돌,교차로운행방법위반,건조,맑음,교차로 - 교차로안,승용,남,21세,상해없음,이륜,남,57세,중상
2014080200100525,2014년 8월 2일 18시,토요일,강원도 고성군 거진읍,경상사고,0,0,1,0,차대차 - 기타,안전운전불이행,건조,맑음,단일로 - 기타,화물,남,41세,상해없음,원동기,여,65세,경상
2014080200100526,2014년 8월 2일 18시,토요일,강원도 양구군 양구읍,경상사고,0,0,4,0,차대차 - 정면충돌,안전운전불이행,건조,맑음,교차로 - 교차로안,승용,남,31세,상해없음,승용,여,45세,경상
2014080200100558,2014년 8월 2일 19시,토요일,강원도 춘천시 우두동,경상사고,0,0,3,0,차대차 - 기타,안전거리미확보,건조,맑음,단일로 - 기타,승용,여,54세,상해없음,승용,남,27세,경상
2014080200100559,2014년 8월 2일 19시,토요일,강원도 홍천군 홍천읍,경상사고,0,0,5,0,차대차 - 기타,중앙선침범,건조,맑음,단일로 - 기타,화물,남,58세,상해없음,승용,남,48세,경상
2014080200100600,2014년 8월 2일 20시,토요일,강원도 원주시 단계동,중상사고,0,1,0,0,차대사람 - 횡단중,안전운전불이행,건조,맑음,단일로 - 기타,승용,여,43세,상해없음,보행자,여,68세,중상
2014080200100601,2014년 8월 2일 20시,토요일,강원도 속초시 금호동,경상사고,0,0,3,0,차대차 - 추돌 - 진행중,신호위반,건조,맑음,교차로 - 교차로안,승용,남,28세,상해없음,승용,남,57세,경상
2014080200100693,2014년 8월 2일 22시,토요일,강원도 동해시 단봉동,경상사고,0,0,1,0,차대차 - 추돌 - 주정차중,안전운전불이행,건조,맑음,교차로 - 교차로부근,승용,남,47세,상해없음,승용,남,59세,경상
2014080200100694,2014년 8월 2일 22시,토요일,강원도 평창군 용평면,경상사고,0,0,3,0,차대차 - 기타,안전운전불이행,건조,맑음,기타 - 기타,승합,여,43세,상해없음,승용,남,36세,상해없음
2014080200100737,2014년 8월 2일 23시,토요일,강원도 춘천시 석사동,경상사고,0,0,1,0,차대사람 - 기타,보행자보호의무위반,건조,맑음,교차로 - 교차로부근,승용,여,60세,상해없음,보행자,남,34세,경상
2014080200100738,2014년 8월 2일 23시,토요일,강원도 동해시 평릉동,경상사고,0,0,3,0,차대차 - 측면직각충돌,차로위반,건조,흐림,단일로 - 기타,승용,남,66세,상해없음,승용,남,60세,경상
2014080300100042,2014년 8월 3일 01시,일요일,강원도 강릉시 임당동,경상사고,0,0,3,0,차대차 - 측면직각충돌,신호위반,건조,맑음,교차로 - 교차로안,승용,남,47세,상해없음,승용,남,21세,상해없음
2014080300100043,2014년 8월 3일 01시,일요일,강원도 원주시 소초면,중상사고,0,1,0,0,차량단독 - 공작물충돌,안전운전불이행,습기,비,단일로 - 기타,화물,남,42세,중상,,,,
2014080300100123,2014년 8월 3일 05시,일요일,강원도 강릉시 교동,경상사고,0,0,1,0,차대차 - 측면직각충돌,신호위반,건조,맑음,교차로 - 교차로안,승용,남,42세,상해없음,승용,남,33세,경상
2014080300100166,2014년 8월 3일 08시,일요일,강원도 강릉시 교동,중상사고,0,1,0,0,차대사람 - 횡단중,안전운전불이행,습기,비,교차로 - 교차로안,승용,남,33세,상해없음,보행자,여,65세,중상
2014080300100167,2014년 8월 3일 08시,일요일,강원도 철원군 동송읍,경상사고,0,0,1,0,차대차 - 측면직각충돌,안전운전불이행,건조,맑음,단일로 - 기타,승합,남,21세,상해없음,화물,남,50세,경상
2014080300100215,2014년 8월 3일 11시,일요일,강원도 춘천시 약사동,중상사고,0,1,0,0,차대차 - 측면직각충돌,안전운전불이행,건조,맑음,단일로 - 기타,승용,남,52세,상해없음,이륜,남,22세,중상
2014080300100237,2014년 8월 3일 12시,일요일,강원도 강릉시 송정동,중상사고,0,3,0,0,차대차 - 기타,안전운전불이행,습기,비,단일로 - 기타,승용,남,46세,상해없음,승용,남,31세,중상
2014080300100260,2014년 8월 3일 13시,일요일,강원도 원주시 관설동,경상사고,0,0,2,0,차대차 - 기타,신호위반,건조,맑음,교차로 - 교차로안,승합,남,46세,상해없음,승합,남,51세,경상
2014080300100261,2014년 8월 3일 13시,일요일,강원도 삼척시 정상동,경상사고,0,0,1,0,차대차 - 측면직각충돌,안전운전불이행,습기,비,교차로 - 교차로안,승용,남,48세,상해없음,원동기,남,37세,경상
2014080300100262,2014년 8월 3일 13시,일요일,강원도 홍천군 두촌면,경상사고,0,0,4,0,차대차 - 기타,안전운전불이행,건조,맑음,단일로 - 기타,승용,남,23세,상해없음,승용,남,62세,경상
2014080300100263,2014년 8월 3일 13시,일요일,강원도 동해시 천곡동,경상사고,0,0,1,0,차대차 - 추돌 - 주정차중,안전거리미확보,습기,비,단일로 - 기타,승용,여,33세,상해없음,승용,남,59세,경상
2014080300100264,2014년 8월 3일 13시,일요일,강원도 원주시 가현동,경상사고,0,0,8,0,차대차 - 추돌 - 진행중,안전거리미확보,건조,흐림,단일로 - 기타,화물,남,57세,상해없음,승용,남,45세,경상
2014080300100291,2014년 8월 3일 14시,일요일,강원도 춘천시 북산면,부상신고사고,0,0,0,1,차대차 - 추돌 - 진행중,안전거리미확보,건조,맑음,단일로 - 기타,승용,여,53세,상해없음,승용,여,35세,부상신고
2014080300100292,2014년 8월 3일 14시,일요일,강원도 강릉시 포남동,경상사고,0,0,3,0,차대차 - 측면직각충돌,안전운전불이행,습기,비,교차로 - 교차로안,승용,남,48세,상해없음,승용,여,31세,경상
2014080300100293,2014년 8월 3일 14시,일요일,강원도 춘천시 동면,중상사고,0,2,0,0,차대차 - 추돌 - 진행중,안전운전불이행,건조,맑음,단일로 - 기타,승용,남,53세,상해없음,승용,남,32세,중상
2014080300100325,2014년 8월 3일 15시,일요일,강원도 원주시 부론면,경상사고,0,0,1,0,차대차 - 추돌 - 주정차중,교차로운행방법위반,습기,비,교차로 - 교차로부근,승용,남,59세,상해없음,자전거,남,23세,경상
2014080300100326,2014년 8월 3일 15시,일요일,강원도 양양군 현북면,중상사고,0,1,9,0,차대차 - 정면충돌,중앙선침범,습기,흐림,교차로 - 교차로부근,승용,남,39세,상해없음,승합,남,34세,경상
2014080300100327,2014년 8월 3일 15시,일요일,강원도 삼척시 도계읍,경상사고,0,0,5,0,차대차 - 추돌 - 진행중,안전운전불이행,습기,비,단일로 - 기타,승용,남,38세,상해없음,승용,남,32세,경상
2014080300100328,2014년 8월 3일 15시,일요일,강원도 삼척시 미로면,경상사고,0,0,2,0,차대차 - 기타,직진우회전진행방해,습기,비,교차로 - 교차로안,승용,남,69세,상해없음,승용,남,59세,경상
2014080300100354,2014년 8월 3일 16시,일요일,강원도 속초시 중앙동,중상사고,0,1,1,0,차대차 - 추돌 - 진행중,안전운전불이행,건조,맑음,단일로 - 기타,화물,남,58세,상해없음,승용,남,37세,중상
2014080300100355,2014년 8월 3일 16시,일요일,강원도 동해시 나안동,경상사고,0,0,3,0,차대차 - 추돌 - 주정차중,안전거리미확보,습기,비,단일로 - 기타,승용,남,41세,상해없음,승용,남,23세,경상
2014080300100385,2014년 8월 3일 17시,일요일,강원도 강릉시 홍제동,경상사고,0,0,1,0,차대차 - 측면직각충돌,안전운전불이행,습기,비,교차로 - 교차로안,승용,남,50세,상해없음,화물,남,57세,상해없음
2014080300100386,2014년 8월 3일 17시,일요일,강원도 원주시 태장동,경상사고,0,0,1,0,차대차 - 측면직각충돌,차로위반,습기,비,단일로 - 기타,승용,남,18세,상해없음,승용,여,29세,경상
2014080300100407,2014년 8월 3일 18시,일요일,강원도 속초시 노학동,중상사고,0,1,0,0,차대차 - 측면직각충돌,중앙선침범,습기,흐림,교차로 - 교차로부근,승용,남,48세,상해없음,화물,남,46세,중상
2014080300100548,2014년 8월 3일 22시,일요일,강원도 춘천시 퇴계동,경상사고,0,0,5,0,차대차 - 측면직각충돌,신호위반,습기,비,교차로 - 교차로안,승용,여,55세,상해없음,승용,여,53세,경상
2014080300100549,2014년 8월 3일 22시,일요일,강원도 속초시 장사동,중상사고,0,1,0,0,차대사람 - 횡단중,보행자보호의무위반,습기,비,교차로 - 교차로부근,승용,남,43세,상해없음,보행자,여,62세,중상
2014080300100550,2014년 8월 3일 22시,일요일,강원도 태백시 황지동,경상사고,0,0,2,0,차대차 - 기타,신호위반,습기,비,교차로 - 교차로안,화물,남,59세,상해없음,승용,여,48세,경상
2014080300100571,2014년 8월 3일 23시,일요일,강원도 평창군 진부면,중상사고,0,1,0,1,차량단독 - 공작물충돌,안전운전불이행,습기,맑음,교차로 - 교차로안,이륜,남,18세,부상신고,,,,
2014080300100572,2014년 8월 3일 23시,일요일,강원도 동해시 나안동,경상사고,0,0,1,0,차량단독 - 공작물충돌,안전운전불이행,습기,비,단일로 - 기타,승용,남,29세,상해없음,,,,
2014080400100036,2014년 8월 4일 02시,월요일,강원도 강릉시 교동,경상사고,0,0,3,0,차대차 - 기타,안전운전불이행,습기,흐림,교차로 - 교차로안,승용,남,27세,상해없음,승용,여,23세,경상
2014080400100073,2014년 8월 4일 05시,월요일,강원도 강릉시 홍제동,경상사고,0,0,3,0,차대차 - 기타,신호위반,습기,비,교차로 - 교차로안,승용,남,53세,상해없음,승용,남,56세,경상
2014080400100081,2014년 8월 4일 06시,월요일,강원도 강릉시 강문동,중상사고,0,1,0,0,차대차 - 기타,안전운전불이행,습기,비,교차로 - 교차로안,승용,남,28세,상해없음,화물,남,61세,중상
2014080400100082,2014년 8월 4일 06시,월요일,강원도 강릉시 홍제동,경상사고,0,0,1,0,차대차 - 기타,안전운전불이행,습기,흐림,단일로 - 기타,승용,여,48세,상해없음,화물,남,44세,경상
2014080400100083,2014년 8월 4일 06시,월요일,강원도 원주시 봉산동,중상사고,0,1,1,0,차대차 - 측면직각충돌,신호위반,건조,흐림,교차로 - 교차로안,승용,남,28세,상해없음,승용,남,64세,경상
2014080400100084,2014년 8월 4일 06시,월요일,강원도 양양군 양양읍,경상사고,0,0,1,0,차대차 - 측면직각충돌,직진우회전진행방해,건조,맑음,교차로 - 교차로안,승합,남,56세,상해없음,승용,남,52세,경상
2014080400100108,2014년 8월 4일 07시,월요일,강원도 강릉시 저동,경상사고,0,0,1,0,차대차 - 기타,안전운전불이행,건조,흐림,단일로 - 기타,승용,남,25세,상해없음,승용,여,47세,경상
2014080400100132,2014년 8월 4일 08시,월요일,강원도 춘천시 신동면,경상사고,0,0,3,0,차대차 - 측면직각충돌,안전운전불이행,습기,비,단일로 - 기타,화물,남,56세,상해없음,화물,남,46세,경상
2014080400100133,2014년 8월 4일 08시,월요일,강원도 춘천시 동면,경상사고,0,0,3,0,차대차 - 측면직각충돌,기타,건조,맑음,단일로 - 기타,승용,여,31세,경상,승용,여,46세,경상
2014080400100159,2014년 8월 4일 09시,월요일,강원도 강릉시 교동,경상사고,0,0,1,0,차대차 - 기타,안전운전불이행,기타,기타,단일로 - 기타,승용,여,41세,상해없음,승용,남,32세,경상
2014080400100180,2014년 8월 4일 10시,월요일,강원도 속초시 대포동,경상사고,0,0,5,1,차대차 - 추돌 - 주정차중,안전운전불이행,건조,맑음,단일로 - 기타,승용,여,58세,상해없음,승용,여,38세,경상
2014080400100213,2014년 8월 4일 11시,월요일,강원도 강릉시 안현동,경상사고,0,0,2,0,차대차 - 기타,안전운전불이행,건조,맑음,단일로 - 기타,승합,남,43세,상해없음,승용,남,45세,경상
2014080400100214,2014년 8월 4일 11시,월요일,강원도 원주시 개운동,경상사고,0,0,1,0,차대사람 - 횡단중,교차로운행방법위반,건조,맑음,단일로 - 기타,승용,남,48세,상해없음,보행자,여,28세,경상
2014080400100215,2014년 8월 4일 11시,월요일,강원도 속초시 영랑동,경상사고,0,0,3,0,차대차 - 측면직각충돌,안전운전불이행,건조,맑음,교차로 - 교차로부근,승용,여,43세,경상,화물,남,46세,경상
2014080400100216,2014년 8월 4일 11시,월요일,강원도 속초시 청학동,경상사고,0,0,1,0,차대사람 - 횡단중,보행자보호의무위반,건조,맑음,단일로 - 횡단보도상,기타불명,기타불명,기타불명,기타불명,보행자,여,25세,경상
2014080400100217,2014년 8월 4일 11시,월요일,강원도 횡성군 공근면,중상사고,0,3,0,0,차량단독 - 기타,안전운전불이행,건조,맑음,단일로 - 기타,승용,여,24세,상해없음,,,,
2014080400100218,2014년 8월 4일 11시,월요일,강원도 인제군 인제읍,경상사고,0,0,1,0,차대차 - 측면직각충돌,안전운전불이행,건조,맑음,교차로 - 교차로안,승용,여,53세,상해없음,승용,여,54세,경상
2014080400100219,2014년 8월 4일 11시,월요일,강원도 동해시 발한동,경상사고,0,0,1,0,차대사람 - 횡단중,안전운전불이행,건조,맑음,단일로 - 횡단보도상,승용,남,45세,상해없음,보행자,여,79세,경상
2014080400100256,2014년 8월 4일 12시,월요일,강원도 춘천시 후평동,중상사고,0,1,0,0,차대차 - 측면직각충돌,교차로운행방법위반,건조,맑음,교차로 - 교차로안,승용,남,33세,상해없음,이륜,남,43세,중상
2014080400100257,2014년 8월 4일 12시,월요일,강원도 원주시 단구동,경상사고,0,0,1,0,차대차 - 기타,안전운전불이행,건조,맑음,교차로 - 교차로안,승용,남,48세,상해없음,승용,남,58세,경상
2014080400100300,2014년 8월 4일 13시,월요일,강원도 춘천시 후평동,경상사고,0,0,1,0,차대차 - 기타,안전운전불이행,건조,맑음,기타 - 기타,승용,남,49세,상해없음,승용,남,35세,경상
2014080400100301,2014년 8월 4일 13시,월요일,강원도 원주시 일산동,중상사고,0,1,0,0,차대사람 - 횡단중,보행자보호의무위반,건조,맑음,단일로 - 횡단보도상,화물,남,66세,상해없음,보행자,남,36세,중상
2014080400100302,2014년 8월 4일 13시,월요일,강원도 원주시 학성동,중상사고,0,1,1,0,차대차 - 기타,안전운전불이행,건조,흐림,기타 - 기타,승용,남,76세,경상,승용,남,37세,중상
2014080400100343,2014년 8월 4일 14시,월요일,강원도 인제군 남면,중상사고,0,1,0,0,차대사람 - 기타,안전운전불이행,건조,맑음,단일로 - 기타,승용,남,48세,상해없음,보행자,여,60세,중상
2014080400100375,2014년 8월 4일 15시,월요일,강원도 속초시 동명동,경상사고,0,0,2,0,차대차 - 측면직각충돌,중앙선침범,건조,맑음,단일로 - 기타,승용,남,40세,상해없음,승용,남,62세,경상
2014080400100376,2014년 8월 4일 15시,월요일,강원도 삼척시 도계읍,경상사고,0,0,1,0,차대차 - 측면직각충돌,안전운전불이행,건조,맑음,교차로 - 교차로안,승용,남,58세,상해없음,이륜,남,29세,경상
2014080400100377,2014년 8월 4일 15시,월요일,강원도 삼척시 근덕면,중상사고,0,2,0,0,차대차 - 정면충돌,중앙선침범,건조,맑음,단일로 - 기타,승용,남,44세,상해없음,승용,남,40세,상해없음