사고번호,사고일시,요일,시군구,사고내용,사망자수,중상자수,경상자수,부상신고자수,사고유형,법규위반,노면상태,기상상태,도로형태,가해운전자 차종,가해운전자 성별,가해운전자 연령,가해운전자 상해정도,피해운전자 차종,피해운전자 성별,피해운전자 연령,피해운전자 상해정도
2014081400100149,2014년 8월 14일 08시,목요일,강원도 강릉시 교동,경상사고,0,0,1,0,차대차 - 기타,안전운전불이행,건조,맑음,교차로 - 교차로부근,승용,여,46세,상해없음,승용,여,45세,경상
2014081400100168,2014년 8월 14일 09시,목요일,강원도 원주시 신림면,경상사고,0,0,1,0,차대차 - 기타,중앙선침범,건조,맑음,단일로 - 기타,승용,남,37세,상해없음,승용,남,57세,경상
2014081400100191,2014년 8월 14일 10시,목요일,강원도 동해시 천곡동,경상사고,0,0,1,0,차대차 - 측면직각충돌,안전운전불이행,건조,맑음,교차로 - 교차로안,승용,남,71세,상해없음,승용,남,70세,경상
2014081400100214,2014년 8월 14일 11시,목요일,강원도 강릉시 사천면,경상사고,0,0,1,0,차대차 - 측면직각충돌,교차로운행방법위반,건조,맑음,교차로 - 교차로부근,승용,남,50세,상해없음,이륜,남,30세,경상
2014081400100215,2014년 8월 14일 11시,목요일,강원도 원주시 단계동,중상사고,0,1,0,0,차대차 - 기타,안전운전불이행,습기,비,교차로 - 교차로부근,승용,여,42세,상해없음,자전거,남,58세,중상
2014081400100216,2014년 8월 14일 11시,목요일,강원도 원주시 단구동,경상사고,0,0,1,0,차대차 - 기타,안전운전불이행,건조,맑음,교차로 - 교차로안,승용,여,34세,상해없음,자전거,남,14세,경상
2014081400100217,2014년 8월 14일 11시,목요일,강원도 철원군 동송읍,경상사고,0,0,1,0,차대사람 - 횡단중,안전운전불이행,건조,맑음,단일로 - 기타,화물,남,55세,상해없음,보행자,남,50세,경상
2014081400100262,2014년 8월 14일 12시,목요일,강원도 원주시 지정면,중상사고,0,1,0,0,차대차 - 추돌 - 진행중,안전운전불이행,건조,맑음,단일로 - 기타,화물,남,36세,상해없음,화물,남,51세,중상
2014081400100349,2014년 8월 14일 14시,목요일,강원도 원주시 중앙동,경상사고,0,0,1,0,차대차 - 기타,교차로운행방법위반,건조,맑음,교차로 - 교차로안,승용,여,57세,경상,승용,남,48세,상해없음
2014081400100350,2014년 8월 14일 14시,목요일,강원도 속초시 조양동,경상사고,0,0,2,0,차대차 - 측면직각충돌,안전운전불이행,습기,흐림,단일로 - 기타,승용,남,53세,상해없음,승용,남,38세,경상
2014081400100351,2014년 8월 14일 14시,목요일,강원도 삼척시 남양동,경상사고,0,0,2,0,차대차 - 측면직각충돌,직진우회전진행방해,습기,비,교차로 - 교차로안,화물,남,70세,상해없음,승용,여,35세,경상
2014081400100381,2014년 8월 14일 15시,목요일,강원도 양양군 현남면,경상사고,0,0,4,0,차대차 - 추돌 - 진행중,안전운전불이행,습기,비,교차로 - 교차로부근,승용,남,50세,상해없음,승용,여,44세,경상
2014081400100382,2014년 8월 14일 15시,목요일,강원도 양양군 강현면,경상사고,0,0,4,0,차대차 - 측면직각충돌,안전운전불이행,습기,비,단일로 - 기타,승용,여,53세,상해없음,승용,여,37세,경상
2014081400100453,2014년 8월 14일 17시,목요일,강원도 춘천시 효자동,경상사고,0,0,2,0,차대차 - 기타,안전운전불이행,건조,맑음,단일로 - 기타,승용,남,62세,상해없음,승용,남,32세,경상
2014081400100454,2014년 8월 14일 17시,목요일,강원도 영월군 중동면,중상사고,0,1,0,0,차대차 - 기타,안전운전불이행,습기,비,단일로 - 기타,승용,남,48세,상해없음,이륜,남,72세,중상
2014081400100488,2014년 8월 14일 18시,목요일,강원도 속초시 교동,경상사고,0,0,2,0,차대차 - 정면충돌,중앙선침범,습기,비,단일로 - 기타,승용,남,59세,상해없음,승용,남,35세,경상
2014081400100523,2014년 8월 14일 19시,목요일,강원도 춘천시 교동,중상사고,0,1,0,0,차대사람 - 기타,안전운전불이행,습기,비,단일로 - 기타,승용,여,61세,상해없음,보행자,여,53세,중상
2014081400100524,2014년 8월 14일 19시,목요일,강원도 원주시 단계동,중상사고,0,1,0,0,차대차 - 기타,안전운전불이행,건조,맑음,단일로 - 기타,승용,남,34세,상해없음,이륜,남,31세,중상
2014081400100565,2014년 8월 14일 20시,목요일,강원도 속초시 교동,중상사고,0,2,0,0,차대차 - 추돌 - 진행중,중앙선침범,건조,맑음,교차로 - 교차로부근,승용,남,21세,상해없음,승용,남,25세,상해없음
2014081400100615,2014년 8월 14일 21시,목요일,강원도 강릉시 교동,경상사고,0,0,3,0,차대차 - 기타,안전운전불이행,습기,비,교차로 - 교차로안,승용,남,37세,경상,승용,남,43세,경상
2014081400100654,2014년 8월 14일 22시,목요일,강원도 원주시 우산동,중상사고,0,1,1,0,차대차 - 측면직각충돌,신호위반,습기,비,교차로 - 교차로안,승합,남,58세,경상,승용,여,51세,중상
2014081400100697,2014년 8월 14일 23시,목요일,강원도 강릉시 연곡면,경상사고,0,0,2,0,차대차 - 측면직각충돌,안전운전불이행,건조,맑음,교차로 - 교차로부근,승용,남,65세,상해없음,승용,남,30세,경상
2014081400100698,2014년 8월 14일 23시,목요일,강원도 삼척시 남양동,중상사고,0,1,0,0,차대사람 - 횡단중,보행자보호의무위반,습기,비,교차로 - 교차로안,승용,남,29세,상해없음,보행자,남,51세,중상
2014081500100015,2014년 8월 15일 00시,금요일,강원도 강릉시 견소동,경상사고,0,0,2,0,차대차 - 기타,교차로운행방법위반,건조,맑음,교차로 - 교차로부근,승용,남,40세,경상,승용,남,50세,기타불명
2014081500100040,2014년 8월 15일 01시,금요일,강원도 원주시 관설동,경상사고,0,0,1,0,차대차 - 기타,교차로운행방법위반,습기,흐림,교차로 - 교차로안,승용,남,33세,상해없음,승용,남,34세,경상
2014081500100066,2014년 8월 15일 02시,금요일,강원도 원주시 단계동,경상사고,0,0,4,0,차대차 - 기타,신호위반,습기,비,교차로 - 교차로안,승용,남,35세,경상,승용,남,42세,경상
2014081500100100,2014년 8월 15일 05시,금요일,강원도 춘천시 신북읍,경상사고,0,0,2,2,차량단독 - 공작물충돌,안전운전불이행,건조,맑음,단일로 - 기타,승합,남,25세,상해없음,,,,
2014081500100119,2014년 8월 15일 06시,금요일,강원도 강릉시 강동면,경상사고,0,0,1,0,차대차 - 기타,중앙선침범,건조,맑음,단일로 - 기타,승용,남,23세,상해없음,승합,남,44세,경상
2014081500100138,2014년 8월 15일 07시,금요일,강원도 삼척시 사직동,중상사고,0,1,0,0,차대사람 - 기타,안전운전불이행,건조,맑음,교차로 - 교차로부근,승용,남,45세,상해없음,보행자,남,46세,중상
2014081500100183,2014년 8월 15일 09시,금요일,강원도 원주시 명륜동,경상사고,0,0,1,0,차대차 - 기타,신호위반,건조,맑음,교차로 - 교차로안,승용,남,23세,상해없음,승용,여,46세,경상
2014081500100184,2014년 8월 15일 09시,금요일,강원도 정선군 정선읍,중상사고,0,1,0,0,차대차 - 추돌 - 진행중,안전운전불이행,건조,맑음,단일로 - 기타,화물,남,47세,상해없음,이륜,여,73세,중상
2014081500100203,2014년 8월 15일 10시,금요일,강원도 인제군 서화면,중상사고,0,1,0,0,차대사람 - 횡단중,안전운전불이행,건조,맑음,교차로 - 교차로안,화물,남,50세,상해없음,보행자,남,3세,중상
2014081500100204,2014년 8월 15일 10시,금요일,강원도 동해시 단봉동,경상사고,0,0,1,0,차대차 - 추돌 - 진행중,안전거리미확보,건조,맑음,단일로 - 기타,승용,여,55세,상해없음,승용,남,39세,경상
2014081500100229,2014년 8월 15일 11시,금요일,강원도 속초시 중앙동,경상사고,0,0,2,0,차대차 - 추돌 - 주정차중,안전운전불이행,건조,맑음,교차로 - 교차로부근,승용,남,35세,상해없음,승용,남,53세,경상
2014081500100246,2014년 8월 15일 12시,금요일,강원도 양구군 동면,중상사고,0,3,4,4,차대차 - 측면직각충돌,안전운전불이행,건조,맑음,교차로 - 교차로안,승용,남,29세,상해없음,승합,남,26세,중상
2014081500100320,2014년 8월 15일 14시,금요일,강원도 강릉시 금학동,경상사고,0,0,2,0,차대차 - 기타,안전운전불이행,건조,맑음,기타 - 기타,승용,여,40세,상해없음,승용,남,26세,경상
2014081500100346,2014년 8월 15일 15시,금요일,강원도 원주시 가현동,경상사고,0,0,1,0,차대차 - 추돌 - 진행중,안전거리미확보,건조,맑음,단일로 - 기타,승용,여,58세,상해없음,승용,남,56세,경상
2014081500100384,2014년 8월 15일 16시,금요일,강원도 속초시 중앙동,경상사고,0,0,1,0,차대차 - 측면직각충돌,직진우회전진행방해,건조,맑음,교차로 - 교차로안,승용,남,29세,상해없음,승용,남,61세,상해없음
2014081500100385,2014년 8월 15일 16시,금요일,강원도 삼척시 도계읍,경상사고,0,0,2,0,차대차 - 측면직각충돌,중앙선침범,습기,맑음,단일로 - 기타,승용,여,67세,경상,화물,남,55세,경상
2014081500100386,2014년 8월 15일 16시,금요일,강원도 횡성군 공근면,중상사고,0,1,0,0,차량단독 - 도로외이탈 - 기타,안전운전불이행,건조,맑음,단일로 - 기타,자전거,남,59세,중상,,,,
2014081500100463,2014년 8월 15일 18시,금요일,강원도 춘천시 조양동,중상사고,0,1,1,0,차대차 - 기타,교차로운행방법위반,건조,맑음,교차로 - 교차로안,승용,여,42세,상해없음,승용,남,59세,경상
2014081500100464,2014년 8월 15일 18시,금요일,강원도 속초시 교동,경상사고,0,0,3,0,차대차 - 측면직각충돌,중앙선침범,건조,맑음,단일로 - 기타,원동기,남,52세,상해없음,승용,남,67세,상해없음
2014081500100465,2014년 8월 15일 18시,금요일,강원도 태백시 창죽동,경상사고,0,0,1,1,차대차 - 측면직각충돌,안전운전불이행,습기,안개,단일로 - 기타,승용,남,44세,부상신고,화물,남,56세,경상
2014081500100538,2014년 8월 15일 20시,금요일,강원도 속초시 조양동,중상사고,0,1,0,0,차대차 - 측면직각충돌,교차로운행방법위반,건조,맑음,교차로 - 교차로안,승용,남,40세,상해없음,이륜,남,50세,중상
2014081500100539,2014년 8월 15일 20시,금요일,강원도 태백시 소도동,중상사고,0,2,2,0,차대차 - 기타,안전운전불이행,건조,맑음,단일로 - 기타,승용,남,51세,상해없음,승용,남,56세,상해없음
2014081500100577,2014년 8월 15일 21시,금요일,강원도 원주시 중앙동,경상사고,0,0,1,0,차대차 - 추돌 - 주정차중,안전운전불이행,건조,맑음,교차로 - 교차로안,승용,여,39세,상해없음,승합,여,52세,경상
2014081500100602,2014년 8월 15일 22시,금요일,강원도 강릉시 교동,경상사고,0,0,2,0,차대차 - 측면직각충돌,안전운전불이행,건조,흐림,단일로 - 기타,승용,남,22세,상해없음,승용,남,46세,경상
2014081500100603,2014년 8월 15일 22시,금요일,강원도 평창군 대관령면,중상사고,0,1,0,0,차대사람 - 길가장자리구역통행중,안전운전불이행,습기,비,단일로 - 기타,화물,남,44세,상해없음,보행자,남,53세,중상
2014081600100005,2014년 8월 16일 00시,토요일,강원도 철원군 갈말읍,중상사고,0,1,0,0,차대차 - 측면직각충돌,교차로운행방법위반,건조,흐림,교차로 - 교차로안,승용,남,52세,상해없음,승용,남,23세,상해없음
2014081600100028,2014년 8월 16일 01시,토요일,강원도 속초시 교동,중상사고,0,1,0,0,차대차 - 측면직각충돌,신호위반,건조,맑음,교차로 - 교차로안,승용,남,33세,상해없음,승용,남,36세,중상
2014081600100040,2014년 8월 16일 02시,토요일,강원도 삼척시 정상동,사망사고,1,0,0,0,차량단독 - 공작물충돌,안전운전불이행,건조,맑음,단일로 - 기타,원동기,남,15세,사망,,,,
2014081600100041,2014년 8월 16일 02시,토요일,강원도 철원군 갈말읍,중상사고,0,1,0,0,차대사람 - 횡단중,안전운전불이행,건조,맑음,교차로 - 교차로부근,승용,남,29세,상해없음,보행자,남,49세,중상
2014081600100048,2014년 8월 16일 03시,토요일,강원도 원주시 단구동,경상사고,0,0,1,0,차대차 - 추돌 - 진행중,안전운전불이행,건조,맑음,단일로 - 기타,승용,남,23세,상해없음,승용,남,51세,경상
2014081600100089,2014년 8월 16일 06시,토요일,강원도 춘천시 석사동,중상사고,0,1,2,0,차대차 - 측면직각충돌,신호위반,건조,맑음,교차로 - 교차로안,승용,남,80세,상해없음,승용,남,79세,경상
2014081600100144,2014년 8월 16일 09시,토요일,강원도 춘천시 온의동,경상사고,0,0,1,0,차량단독 - 기타,기타,건조,맑음,단일로 - 기타,승합,남,47세,상해없음,,,,
2014081600100145,2014년 8월 16일 09시,토요일,강원도 영월군 수주면,부상신고사고,0,0,0,1,차대차 - 측면직각충돌,교차로운행방법위반,건조,맑음,교차로 - 교차로안,화물,남,61세,상해없음,농기계,남,74세,부상신고
2014081600100170,2014년 8월 16일 10시,토요일,강원도 원주시 무실동,경상사고,0,0,5,0,차대차 - 기타,신호위반,건조,맑음,교차로 - 교차로안,승용,남,30세,경상,승용,여,45세,경상
2014081600100171,2014년 8월 16일 10시,토요일,강원도 원주시 단구동,중상사고,0,1,3,0,차대차 - 기타,교차로운행방법위반,건조,맑음,교차로 - 교차로안,승용,여,62세,중상,승용,남,21세,경상
2014081600100197,2014년 8월 16일 11시,토요일,강원도 홍천군 남면,경상사고,0,0,1,0,차대사람 - 기타,안전운전불이행,건조,맑음,교차로 - 교차로부근,승용,남,52세,상해없음,보행자,여,67세,경상
2014081600100198,2014년 8월 16일 11시,토요일,강원도 동해시 망상동,부상신고사고,0,0,0,1,차대차 - 추돌 - 진행중,안전거리미확보,건조,맑음,단일로 - 기타,승용,남,31세,상해없음,승용,남,32세,부상신고
2014081600100228,2014년 8월 16일 12시,토요일,강원도 춘천시 소양로1가,경상사고,0,0,1,0,차대차 - 측면직각충돌,직진우회전진행방해,건조,맑음,교차로 - 교차로안,승용,남,43세,상해없음,승용,남,45세,경상
2014081600100229,2014년 8월 16일 12시,토요일,강원도 강릉시 주문진읍,경상사고,0,0,1,0,차대사람 - 기타,안전운전불이행,건조,맑음,단일로 - 기타,자전거,남,66세,상해없음,보행자,여,53세,경상
2014081600100230,2014년 8월 16일 12시,토요일,강원도 원주시 무실동,경상사고,0,0,1,0,차대차 - 기타,안전운전불이행,건조,맑음,단일로 - 기타,자전거,남,90세 이상,경상,승용,여,50세,상해없음
2014081600100231,2014년 8월 16일 12시,토요일,강원도 속초시 장사동,경상사고,0,0,7,0,차대차 - 추돌 - 주정차중,안전운전불이행,건조,맑음,단일로 - 기타,승용,남,54세,상해없음,승용,남,45세,경상
2014081600100232,2014년 8월 16일 12시,토요일,강원도 고성군 간성읍,경상사고,0,0,1,0,차대사람 - 횡단중,안전운전불이행,건조,맑음,단일로 - 기타,승용,남,33세,상해없음,보행자,남,24세,경상
2014081600100269,2014년 8월 16일 13시,토요일,강원도 정선군 정선읍,경상사고,0,0,5,0,차대차 - 측면직각충돌,신호위반,건조,맑음,교차로 - 교차로안,승용,여,35세,상해없음,승용,남,33세,경상
2014081600100308,2014년 8월 16일 14시,토요일,강원도 화천군 사내면,중상사고,0,1,0,0,차대차 - 기타,안전운전불이행,건조,맑음,단일로 - 기타,화물,남,66세,상해없음,화물,남,39세,상해없음
2014081600100375,2014년 8월 16일 16시,토요일,강원도 강릉시 노암동,경상사고,0,0,3,0,차대차 - 기타,안전운전불이행,건조,맑음,단일로 - 기타,승용,남,40세,상해없음,승용,남,30세,경상
2014081600100376,2014년 8월 16일 16시,토요일,강원도 원주시 신림면,경상사고,0,0,3,0,차대차 - 기타,중앙선침범,건조,맑음,단일로 - 기타,화물,남,70세,경상,승용,여,45세,경상
2014081600100377,2014년 8월 16일 16시,토요일,강원도 홍천군 서면,중상사고,0,1,0,0,차량단독 - 기타,안전운전불이행,건조,맑음,단일로 - 기타,원동기,여,57세,중상,,,,
2014081600100378,2014년 8월 16일 16시,토요일,강원도 평창군 대관령면,경상사고,0,0,2,0,차대차 - 기타,안전운전불이행,건조,맑음,교차로 - 교차로안,승용,기타불명,기타불명,기타불명,승용,남,34세,경상
2014081600100379,2014년 8월 16일 16시,토요일,강원도 원주시 문막읍,중상사고,0,1,0,0,차량단독 - 기타,안전운전불이행,건조,맑음,기타 - 기타,승합,남,36세,상해없음,,,,
2014081600100410,2014년 8월 16일 17시,토요일,강원도 속초시 노학동,경상사고,0,0,5,0,차대차 - 추돌 - 진행중,교차로운행방법위반,건조,맑음,교차로 - 교차로부근,승용,남,37세,상해없음,화물,남,56세,경상
2014081600100411,2014년 8월 16일 17시,토요일,강원도 삼척시 근덕면,중상사고,0,2,0,0,차대차 - 정면충돌,중앙선침범,건조,맑음,단일로 - 기타,화물,남,45세,상해없음,승합,남,62세,중상
2014081600100448,2014년 8월 16일 18시,토요일,강원도 원주시 인동,경상사고,0,0,1,0,차대차 - 기타,교차로운행방법위반,건조,맑음,교차로 - 교차로안,화물,남,48세,상해없음,승용,여,49세,경상
2014081600100449,2014년 8월 16일 18시,토요일,강원도 원주시 평원동,부상신고사고,0,0,0,1,차대사람 - 기타,안전운전불이행,건조,맑음,단일로 - 기타,승용,남,49세,상해없음,보행자,여,52세,부상신고
2014081600100481,2014년 8월 16일 19시,토요일,강원도 춘천시 후평동,중상사고,0,1,0,0,차대사람 - 기타,안전운전불이행,건조,맑음,단일로 - 기타,승용,여,39세,상해없음,보행자,남,65세,중상
2014081600100512,2014년 8월 16일 20시,토요일,강원도 강릉시 연곡면,경상사고,0,0,1,0,차대사람 - 기타,안전운전불이행,기타,기타,단일로 - 기타,승용,남,35세,상해없음,보행자,여,73세,경상
2014081600100513,2014년 8월 16일 20시,토요일,강원도 원주시 단구동,경상사고,0,0,3,0,차대차 - 측면직각충돌,안전운전불이행,건조,맑음,단일로 - 횡단보도부근,승용,남,45세,상해없음,승용,남,50세,경상
2014081600100514,2014년 8월 16일 20시,토요일,강원도 속초시 금호동,경상사고,0,0,1,0,차대차 - 측면직각충돌,교차로운행방법위반,건조,맑음,교차로 - 교차로안,승합,남,57세,상해없음,승용,남,60세,경상
2014081600100536,2014년 8월 16일 21시,토요일,강원도 춘천시 신북읍,경상사고,0,0,1,0,차대사람 - 기타,기타,건조,맑음,단일로 - 기타,승용,남,47세,상해없음,보행자,남,77세,경상
2014081600100537,2014년 8월 16일 21시,토요일,강원도 원주시 태장동,경상사고,0,0,2,0,차대차 - 기타,안전운전불이행,건조,맑음,기타 - 기타,승용,남,54세,상해없음,승용,남,51세,경상
2014081600100538,2014년 8월 16일 21시,토요일,강원도 원주시 단구동,중상사고,0,1,0,0,차대차 - 기타,안전운전불이행,건조,맑음,교차로 - 교차로부근,승용,남,25세,상해없음,이륜,남,33세,중상
2014081600100539,2014년 8월 16일 21시,토요일,강원도 평창군 대관령면,중상사고,0,1,1,0,차대차 - 추돌 - 주정차중,안전운전불이행,건조,맑음,단일로 - 기타,화물,남,50세,상해없음,승용,남,39세,기타불명
2014081600100609,2014년 8월 16일 23시,토요일,강원도 원주시 단구동,경상사고,0,0,1,0,차대차 - 기타,안전운전불이행,건조,맑음,교차로 - 교차로부근,승용,여,57세,상해없음,원동기,남,20세,경상
2014081600100610,2014년 8월 16일 23시,토요일,강원도 동해시 천곡동,경상사고,0,0,1,0,차대차 - 측면직각충돌,안전운전불이행,건조,맑음,단일로 - 기타,이륜,남,18세,경상,승용,남,64세,상해없음
2014081700100027,2014년 8월 17일 01시,일요일,강원도 원주시 우산동,경상사고,0,0,5,0,차대차 - 기타,안전운전불이행,건조,맑음,교차로 - 교차로안,승용,남,34세,상해없음,승용,남,21세,경상
2014081700100102,2014년 8월 17일 08시,일요일,강원도 원주시 지정면,중상사고,0,1,0,0,차대사람 - 횡단중,안전운전불이행,건조,맑음,단일로 - 기타,승합,남,37세,상해없음,보행자,남,61세,중상
2014081700100103,2014년 8월 17일 08시,일요일,강원도 속초시 중앙동,중상사고,0,1,0,0,차대차 - 추돌 - 진행중,안전운전불이행,습기,비,단일로 - 기타,승용,남,53세,상해없음,원동기,남,54세,중상
2014081700100104,2014년 8월 17일 08시,일요일,강원도 홍천군 화촌면,중상사고,0,1,0,0,차대차 - 추돌 - 주정차중,안전운전불이행,습기,비,교차로 - 교차로부근,승용,남,66세,상해없음,화물,남,52세,중상
2014081700100105,2014년 8월 17일 08시,일요일,강원도 홍천군 남면,경상사고,0,0,1,0,차대차 - 기타,교차로운행방법위반,습기,비,교차로 - 교차로안,승용,여,57세,상해없음,화물,남,39세,경상
2014081700100118,2014년 8월 17일 09시,일요일,강원도 동해시 천곡동,중상사고,0,1,0,0,차대차 - 측면직각충돌,안전운전불이행,건조,맑음,단일로 - 기타,승용,남,56세,상해없음,자전거,남,50세,중상
2014081700100138,2014년 8월 17일 10시,일요일,강원도 원주시 신림면,중상사고,0,1,2,0,차대차 - 측면직각충돌,교차로운행방법위반,건조,맑음,교차로 - 교차로안,승용,여,50세,상해없음,승용,남,67세,경상
2014081700100139,2014년 8월 17일 10시,일요일,강원도 영월군 영월읍,경상사고,0,0,1,0,차대차 - 추돌 - 주정차중,안전운전불이행,건조,맑음,단일로 - 횡단보도부근,승용,남,19세,상해없음,승용,여,38세,경상
2014081700100163,2014년 8월 17일 11시,일요일,강원도 원주시 단구동,경상사고,0,0,3,0,차대차 - 측면직각충돌,신호위반,건조,맑음,교차로 - 교차로안,이륜,남,34세,경상,승용,여,40세,경상
2014081700100164,2014년 8월 17일 11시,일요일,강원도 속초시 조양동,경상사고,0,0,4,0,차대차 - 추돌 - 진행중,안전운전불이행,건조,맑음,단일로 - 기타,승용,남,22세,상해없음,승용,남,30세,경상
2014081700100175,2014년 8월 17일 12시,일요일,강원도 춘천시 삼천동,경상사고,0,0,4,0,차대차 - 측면직각충돌,교차로운행방법위반,습기,비,교차로 - 교차로안,승용,여,59세,기타불명,승용,여,38세,경상
2014081700100176,2014년 8월 17일 12시,일요일,강원도 원주시 단계동,경상사고,0,0,2,0,차대차 - 기타,불법유턴,건조,맑음,단일로 - 기타,승합,여,56세,상해없음,건설기계,남,49세,상해없음
2014081700100177,2014년 8월 17일 12시,일요일,강원도 태백시 화전동,경상사고,0,0,1,0,차대차 - 기타,교차로운행방법위반,건조,맑음,교차로 - 교차로안,승용,남,44세,상해없음,승용,남,66세,경상
2014081700100203,2014년 8월 17일 13시,일요일,강원도 강릉시 교동,경상사고,0,0,3,0,차대차 - 기타,불법유턴,건조,맑음,단일로 - 기타,승용,남,26세,상해없음,승용,여,53세,경상
2014081700100204,2014년 8월 17일 13시,일요일,강원도 영월군 영월읍,중상사고,0,1,0,0,차대사람 - 기타,안전운전불이행,건조,맑음,기타 - 기타,화물,남,57세,상해없음,보행자,여,68세,중상
2014081700100205,2014년 8월 17일 13시,일요일,강원도 횡성군 횡성읍,경상사고,0,0,4,0,차대차 - 측면직각충돌,직진우회전진행방해,습기,비,교차로 - 교차로안,승합,남,57세,상해없음,승용,남,26세,경상
2014081700100206,2014년 8월 17일 13시,일요일,강원도 철원군 동송읍,중상사고,0,1,1,0,차대차 - 측면직각충돌,중앙선침범,건조,맑음,단일로 - 기타,승용,남,43세,상해없음,화물,남,44세,중상
2014081700100260,2014년 8월 17일 15시,일요일,강원도 춘천시 남면,경상사고,0,0,2,0,차대차 - 추돌 - 진행중,안전거리미확보,건조,맑음,기타 - 기타,승용,여,57세,상해없음,승용,남,36세,경상
2014081700100334,2014년 8월 17일 18시,일요일,강원도 원주시 명륜동,경상사고,0,0,2,0,차대차 - 기타,안전운전불이행,습기,비,교차로 - 교차로부근,승용,남,38세,기타불명,승용,남,30세,경상
2014081700100335,2014년 8월 17일 18시,일요일,강원도 횡성군 횡성읍,경상사고,0,0,1,0,차대차 - 기타,안전운전불이행,건조,맑음,교차로 - 교차로부근,승용,남,25세,상해없음,승용,남,42세,경상
2014081700100336,2014년 8월 17일 18시,일요일,강원도 고성군 토성면,중상사고,0,2,0,0,차량단독 - 공작물충돌,안전운전불이행,건조,맑음,단일로 - 터널,승용,남,29세,상해없음,,,,
2014081700100356,2014년 8월 17일 19시,일요일,강원도 춘천시 석사동,경상사고,0,0,2,0,차대차 - 측면직각충돌,신호위반,습기,비,교차로 - 교차로안,승용,여,60세,상해없음,승용,남,31세,경상
2014081700100357,2014년 8월 17일 19시,일요일,강원도 춘천시 온의동,경상사고,0,0,1,0,차대차 - 측면직각충돌,안전운전불이행,건조,맑음,단일로 - 기타,승합,남,52세,상해없음,승용,남,62세,경상
2014081700100358,2014년 8월 17일 19시,일요일,강원도 강릉시 포남동,부상신고사고,0,0,0,1,차대사람 - 기타,안전운전불이행,습기,비,교차로 - 교차로안,승용,여,61세,상해없음,보행자,남,57세,부상신고
2014081700100392,2014년 8월 17일 20시,일요일,강원도 원주시 단계동,경상사고,0,0,3,0,차대차 - 측면직각충돌,직진우회전진행방해,건조,맑음,교차로 - 교차로안,승용,남,33세,상해없음,승용,남,45세,경상
2014081700100423,2014년 8월 17일 21시,일요일,강원도 춘천시 동면,경상사고,0,0,2,0,차대차 - 추돌 - 진행중,안전거리미확보,건조,흐림,단일로 - 기타,승용,남,63세,상해없음,승용,남,66세,경상
2014081700100449,2014년 8월 17일 22시,일요일,강원도 강릉시 주문진읍,중상사고,0,2,0,0,차대사람 - 횡단중,안전운전불이행,건조,맑음,교차로 - 교차로안,승용,남,57세,상해없음,보행자,남,54세,중상
2014081700100450,2014년 8월 17일 22시,일요일,강원도 태백시 통동,경상사고,0,0,2,0,차대차 - 측면직각충돌,안전운전불이행,습기,비,단일로 - 기타,승용,여,38세,상해없음,승용,여,30세,경상
2014081800100011,2014년 8월 18일 00시,월요일,강원도 원주시 단계동,경상사고,0,0,1,0,차대사람 - 기타,안전운전불이행,건조,맑음,단일로 - 기타,기타불명,기타불명,기타불명,기타불명,보행자,남,32세,경상
2014081800100043,2014년 8월 18일 03시,월요일,강원도 삼척시 원덕읍,경상사고,0,0,1,0,차량단독 - 공작물충돌,안전운전불이행,습기,비,단일로 - 기타,승합,남,59세,경상,,,,
2014081800100062,2014년 8월 18일 05시,월요일,강원도 강릉시 옥천동,경상사고,0,0,1,0,차대차 - 기타,안전운전불이행,습기,비,단일로 - 기타,자전거,남,39세,상해없음,자전거,남,35세,경상
2014081800100121,2014년 8월 18일 08시,월요일,강원도 춘천시 석사동,경상사고,0,0,2,0,차대차 - 측면직각충돌,신호위반,습기,비,교차로 - 교차로안,승용,여,45세,상해없음,승용,남,32세,경상
2014081800100154,2014년 8월 18일 09시,월요일,강원도 춘천시 석사동,중상사고,0,1,0,0,차대사람 - 횡단중,보행자보호의무위반,습기,맑음,단일로 - 기타,승용,여,48세,상해없음,보행자,남,11세,중상
2014081800100155,2014년 8월 18일 09시,월요일,강원도 태백시 황지동,경상사고,0,0,2,0,차대차 - 측면직각충돌,신호위반,습기,비,교차로 - 교차로안,승용,남,32세,상해없음,승용,남,51세,경상
2014081800100156,2014년 8월 18일 09시,월요일,강원도 동해시 천곡동,경상사고,0,0,1,0,차대차 - 기타,안전운전불이행,건조,맑음,단일로 - 기타,승용,남,55세,상해없음,승용,남,41세,경상
2014081800100209,2014년 8월 18일 11시,월요일,강원도 춘천시 사북면,사망사고,1,0,0,0,차대차 - 정면충돌,중앙선침범,습기,비,교차로 - 교차로부근,화물,남,69세,상해없음,원동기,남,55세,사망
2014081800100210,2014년 8월 18일 11시,월요일,강원도 원주시 일산동,경상사고,0,0,1,0,차대사람 - 차도통행중,안전운전불이행,습기,비,교차로 - 교차로부근,승용,남,55세,상해없음,보행자,여,70세,경상
2014081800100211,2014년 8월 18일 11시,월요일,강원도 원주시 단계동,경상사고,0,0,3,0,차대차 - 추돌 - 진행중,차로위반,건조,맑음,교차로 - 교차로부근,승용,남,25세,상해없음,승용,여,70세,경상