사고번호,사고일시,요일,시군구,사고내용,사망자수,중상자수,경상자수,부상신고자수,사고유형,법규위반,노면상태,기상상태,도로형태,가해운전자 차종,가해운전자 성별,가해운전자 연령,가해운전자 상해정도,피해운전자 차종,피해운전자 성별,피해운전자 연령,피해운전자 상해정도
2014083100100483,2014년 8월 31일 20시,일요일,강원도 삼척시 원덕읍,경상사고,0,0,2,0,차대사람 - 길가장자리구역통행중,안전운전불이행,건조,맑음,교차로 - 교차로부근,원동기,남,50세,경상,보행자,남,25세,경상
2014083100100484,2014년 8월 31일 20시,일요일,강원도 평창군 대관령면,경상사고,0,0,4,0,차대차 - 정면충돌,중앙선침범,건조,맑음,단일로 - 기타,승용,남,60세,상해없음,승용,남,25세,경상
2014090100100049,2014년 9월 1일 05시,월요일,강원도 춘천시 석사동,중상사고,0,1,1,0,차대사람 - 기타,보행자보호의무위반,건조,맑음,교차로 - 교차로부근,승용,남,57세,상해없음,보행자,여,45세,중상
2014090100100050,2014년 9월 1일 05시,월요일,강원도 강릉시 포남동,경상사고,0,0,1,0,차대차 - 측면직각충돌,안전운전불이행,건조,맑음,교차로 - 교차로부근,승용,남,41세,상해없음,승용,여,57세,경상
2014090100100051,2014년 9월 1일 05시,월요일,강원도 고성군 죽왕면,경상사고,0,0,2,0,차대차 - 측면직각충돌,직진우회전진행방해,건조,맑음,교차로 - 교차로안,승용,남,63세,상해없음,승용,남,32세,경상
2014090100100076,2014년 9월 1일 07시,월요일,강원도 춘천시 신동면,경상사고,0,0,1,0,차대차 - 측면직각충돌,교차로운행방법위반,건조,맑음,교차로 - 교차로부근,승용,남,59세,상해없음,승용,남,59세,경상
2014090100100121,2014년 9월 1일 08시,월요일,강원도 강릉시 연곡면,중상사고,0,1,0,0,차대차 - 측면직각충돌,안전운전불이행,기타,기타,교차로 - 교차로안,화물,남,58세,상해없음,화물,남,52세,중상
2014090100100232,2014년 9월 1일 11시,월요일,강원도 속초시 조양동,중상사고,0,1,0,0,차대사람 - 횡단중,안전운전불이행,건조,맑음,교차로 - 교차로안,승용,남,69세,상해없음,보행자,여,85세,중상
2014090100100233,2014년 9월 1일 11시,월요일,강원도 속초시 금호동,경상사고,0,0,1,0,차대사람 - 횡단중,신호위반,건조,맑음,교차로 - 교차로부근,이륜,남,65세,상해없음,보행자,남,80세,경상
2014090100100290,2014년 9월 1일 13시,월요일,강원도 양양군 양양읍,경상사고,0,0,1,0,차대차 - 측면직각충돌,교차로운행방법위반,건조,맑음,교차로 - 교차로안,승용,남,67세,상해없음,승용,여,54세,경상
2014090100100291,2014년 9월 1일 13시,월요일,강원도 횡성군 공근면,중상사고,0,2,1,0,차대차 - 정면충돌,중앙선침범,건조,맑음,단일로 - 기타,화물,남,72세,상해없음,화물,남,43세,경상
2014090100100368,2014년 9월 1일 15시,월요일,강원도 원주시 우산동,경상사고,0,0,3,0,차대차 - 추돌 - 주정차중,안전거리미확보,건조,맑음,교차로 - 교차로부근,승용,남,72세,상해없음,승용,여,57세,경상
2014090100100369,2014년 9월 1일 15시,월요일,강원도 원주시 단계동,경상사고,0,0,1,0,차대차 - 추돌 - 진행중,안전거리미확보,건조,맑음,교차로 - 교차로부근,승용,남,72세,상해없음,승용,여,56세,경상
2014090100100370,2014년 9월 1일 15시,월요일,강원도 삼척시 남양동,중상사고,0,1,0,0,차대차 - 측면직각충돌,신호위반,건조,맑음,교차로 - 교차로안,승용,여,43세,상해없음,승합,남,21세,중상
2014090100100371,2014년 9월 1일 15시,월요일,강원도 화천군 화천읍,중상사고,0,1,0,0,차대차 - 추돌 - 진행중,중앙선침범,건조,맑음,교차로 - 교차로안,승용,남,61세,상해없음,이륜,남,67세,중상
2014090100100404,2014년 9월 1일 16시,월요일,강원도 강릉시 유산동,중상사고,0,1,0,0,차량단독 - 기타,안전운전불이행,건조,맑음,단일로 - 기타,화물,남,68세,상해없음,,,,
2014090100100405,2014년 9월 1일 16시,월요일,강원도 강릉시 난곡동,경상사고,0,0,1,0,차대차 - 기타,불법유턴,건조,맑음,단일로 - 기타,승용,남,58세,상해없음,승용,남,39세,경상
2014090100100406,2014년 9월 1일 16시,월요일,강원도 원주시 원동,경상사고,0,0,3,0,차대차 - 기타,직진우회전진행방해,건조,맑음,단일로 - 기타,승용,남,62세,상해없음,승용,남,58세,경상
2014090100100407,2014년 9월 1일 16시,월요일,강원도 원주시 학성동,경상사고,0,0,1,0,차대차 - 기타,안전운전불이행,건조,맑음,교차로 - 교차로안,이륜,남,88세,상해없음,승용,남,61세,상해없음
2014090100100408,2014년 9월 1일 16시,월요일,강원도 원주시 문막읍,경상사고,0,0,3,0,차대차 - 추돌 - 진행중,교차로운행방법위반,건조,맑음,교차로 - 교차로안,승용,남,50세,상해없음,승용,남,44세,경상
2014090100100409,2014년 9월 1일 16시,월요일,강원도 삼척시 남양동,중상사고,0,1,0,0,차대사람 - 보도통행중,보행자보호의무위반,건조,맑음,교차로 - 교차로부근,승용,남,51세,상해없음,보행자,여,60세,중상
2014090100100410,2014년 9월 1일 16시,월요일,강원도 철원군 갈말읍,경상사고,0,0,1,0,차대차 - 측면직각충돌,중앙선침범,건조,맑음,단일로 - 기타,승용,남,36세,상해없음,승용,남,37세,경상
2014090100100460,2014년 9월 1일 17시,월요일,강원도 강릉시 교동,경상사고,0,0,1,0,차대차 - 추돌 - 주정차중,안전운전불이행,건조,맑음,단일로 - 기타,승용,남,39세,상해없음,승용,여,41세,경상
2014090100100517,2014년 9월 1일 18시,월요일,강원도 강릉시 입암동,부상신고사고,0,0,0,1,차대차 - 기타,신호위반,건조,맑음,교차로 - 교차로안,자전거,남,18세,부상신고,승용,여,34세,상해없음
2014090100100518,2014년 9월 1일 18시,월요일,강원도 강릉시 남문동,경상사고,0,0,1,0,차대사람 - 기타,안전운전불이행,건조,맑음,단일로 - 기타,승용,여,60세,상해없음,보행자,여,38세,경상
2014090100100519,2014년 9월 1일 18시,월요일,강원도 철원군 김화읍,중상사고,0,1,0,0,차대차 - 측면직각충돌,차로위반,건조,맑음,단일로 - 기타,승용,남,34세,상해없음,승용,여,45세,중상
2014090100100625,2014년 9월 1일 20시,월요일,강원도 삼척시 도계읍,중상사고,0,1,0,0,차대차 - 정면충돌,중앙선침범,건조,맑음,단일로 - 기타,승용,남,61세,상해없음,화물,남,40세,중상
2014090100100704,2014년 9월 1일 23시,월요일,강원도 원주시 무실동,경상사고,0,0,2,0,차대차 - 기타,불법유턴,건조,맑음,교차로 - 교차로부근,승용,여,48세,상해없음,승용,남,29세,경상
2014090200100059,2014년 9월 2일 05시,화요일,강원도 춘천시 약사동,중상사고,0,1,0,0,차대사람 - 기타,안전운전불이행,건조,맑음,단일로 - 기타,자전거,남,55세,상해없음,보행자,여,79세,중상
2014090200100067,2014년 9월 2일 06시,화요일,강원도 양구군 해안면,중상사고,0,2,7,0,차량단독 - 전도전복,안전운전불이행,건조,맑음,기타 - 기타,승합,남,76세,상해없음,,,,
2014090200100090,2014년 9월 2일 07시,화요일,강원도 양양군 현남면,경상사고,0,0,2,0,차대차 - 정면충돌,교차로운행방법위반,건조,맑음,교차로 - 교차로안,승용,남,73세,상해없음,승용,남,66세,경상
2014090200100091,2014년 9월 2일 07시,화요일,강원도 태백시 황지동,경상사고,0,0,2,0,차대차 - 기타,교차로운행방법위반,건조,흐림,교차로 - 교차로안,화물,남,53세,상해없음,승용,남,58세,경상
2014090200100167,2014년 9월 2일 09시,화요일,강원도 강릉시 교동,경상사고,0,0,1,0,차대차 - 기타,안전운전불이행,건조,맑음,단일로 - 기타,승용,남,48세,상해없음,승용,남,42세,경상
2014090200100168,2014년 9월 2일 09시,화요일,강원도 삼척시 성내동,중상사고,0,1,0,0,차량단독 - 공작물충돌,안전운전불이행,건조,맑음,단일로 - 기타,승용,여,52세,중상,,,,
2014090200100199,2014년 9월 2일 10시,화요일,강원도 속초시 대포동,중상사고,0,1,0,0,차대사람 - 기타,안전운전불이행,건조,흐림,단일로 - 기타,승용,여,34세,상해없음,보행자,여,73세,중상
2014090200100200,2014년 9월 2일 10시,화요일,강원도 속초시 교동,경상사고,0,0,2,0,차대차 - 측면직각충돌,직진우회전진행방해,건조,맑음,교차로 - 교차로안,화물,남,52세,상해없음,승용,남,25세,경상
2014090200100240,2014년 9월 2일 11시,화요일,강원도 삼척시 남양동,경상사고,0,0,1,0,차대사람 - 기타,보행자보호의무위반,건조,맑음,교차로 - 교차로부근,화물,남,59세,상해없음,보행자,여,43세,경상
2014090200100268,2014년 9월 2일 12시,화요일,강원도 원주시 우산동,경상사고,0,0,2,0,차대차 - 정면충돌,직진우회전진행방해,건조,맑음,교차로 - 교차로안,이륜,남,76세,경상,승용,여,30세,경상
2014090200100295,2014년 9월 2일 13시,화요일,강원도 원주시 단구동,중상사고,0,1,0,0,차대차 - 측면직각충돌,교차로운행방법위반,건조,맑음,교차로 - 교차로안,이륜,남,61세,중상,승용,여,62세,상해없음
2014090200100332,2014년 9월 2일 14시,화요일,강원도 춘천시 후평동,중상사고,0,2,0,0,차대차 - 측면직각충돌,신호위반,건조,맑음,교차로 - 교차로안,승합,남,65세,상해없음,승합,남,44세,중상
2014090200100367,2014년 9월 2일 15시,화요일,강원도 춘천시 사농동,경상사고,0,0,1,1,차대차 - 측면직각충돌,안전운전불이행,건조,맑음,단일로 - 기타,화물,남,45세,상해없음,승용,남,50세,부상신고
2014090200100368,2014년 9월 2일 15시,화요일,강원도 춘천시 석사동,중상사고,0,1,0,0,차대사람 - 기타,안전운전불이행,건조,맑음,단일로 - 기타,승용,여,44세,상해없음,보행자,여,18세,중상
2014090200100369,2014년 9월 2일 15시,화요일,강원도 속초시 장사동,경상사고,0,0,1,0,차대차 - 측면직각충돌,교차로운행방법위반,건조,맑음,교차로 - 교차로부근,승용,남,30세,상해없음,이륜,남,79세,경상
2014090200100410,2014년 9월 2일 16시,화요일,강원도 원주시 일산동,경상사고,0,0,1,0,차대차 - 기타,안전운전불이행,건조,맑음,교차로 - 교차로부근,승합,남,51세,상해없음,승용,여,49세,경상
2014090200100411,2014년 9월 2일 16시,화요일,강원도 태백시 황지동,경상사고,0,0,1,0,차대사람 - 횡단중,보행자보호의무위반,건조,맑음,단일로 - 기타,승용,여,51세,상해없음,보행자,남,5세,경상
2014090200100412,2014년 9월 2일 16시,화요일,강원도 태백시 하사미동,경상사고,0,0,1,0,차대차 - 기타,안전운전불이행,건조,맑음,단일로 - 기타,승용,남,47세,상해없음,원동기,남,45세,경상
2014090200100445,2014년 9월 2일 17시,화요일,강원도 원주시 명륜동,중상사고,0,1,0,0,차대차 - 추돌 - 진행중,안전운전불이행,건조,맑음,교차로 - 교차로안,승용,남,34세,상해없음,자전거,남,11세,중상
2014090200100446,2014년 9월 2일 17시,화요일,강원도 속초시 중앙동,경상사고,0,0,1,0,차대사람 - 보도통행중,기타,건조,맑음,단일로 - 기타,자전거,남,12세,상해없음,보행자,여,82세,경상
2014090200100447,2014년 9월 2일 17시,화요일,강원도 영월군 김삿갓면,중상사고,0,1,0,0,차대사람 - 횡단중,안전운전불이행,습기,비,단일로 - 기타,승합,남,51세,상해없음,보행자,여,67세,중상
2014090200100508,2014년 9월 2일 18시,화요일,강원도 춘천시 후평동,부상신고사고,0,0,0,1,차대차 - 측면직각충돌,안전운전불이행,건조,맑음,단일로 - 기타,승합,남,51세,상해없음,승용,여,77세,부상신고
2014090200100509,2014년 9월 2일 18시,화요일,강원도 원주시 태장동,중상사고,0,1,0,0,차대차 - 기타,교차로운행방법위반,건조,맑음,교차로 - 교차로안,화물,남,50세,상해없음,이륜,여,52세,중상
2014090200100510,2014년 9월 2일 18시,화요일,강원도 원주시 개운동,경상사고,0,0,1,0,차대차 - 기타,안전운전불이행,건조,맑음,단일로 - 기타,승합,남,48세,상해없음,승용,남,57세,경상
2014090200100572,2014년 9월 2일 19시,화요일,강원도 춘천시 신동면,경상사고,0,0,3,0,차대차 - 추돌 - 진행중,안전운전불이행,습기,비,단일로 - 기타,화물,남,56세,상해없음,승용,여,35세,경상
2014090200100637,2014년 9월 2일 20시,화요일,강원도 춘천시 후평동,중상사고,0,1,0,0,차대차 - 측면직각충돌,신호위반,건조,맑음,교차로 - 교차로안,승용,여,42세,상해없음,자전거,남,25세,중상
2014090200100638,2014년 9월 2일 20시,화요일,강원도 강릉시 성산면,경상사고,0,0,1,0,차대차 - 기타,중앙선침범,습기,비,교차로 - 교차로부근,승용,남,49세,상해없음,원동기,남,47세,경상
2014090200100639,2014년 9월 2일 20시,화요일,강원도 동해시 천곡동,중상사고,0,1,0,0,차대사람 - 보도통행중,보행자보호의무위반,건조,맑음,단일로 - 횡단보도상,승용,남,46세,상해없음,보행자,여,23세,중상
2014090200100692,2014년 9월 2일 21시,화요일,강원도 춘천시 교동,경상사고,0,0,1,0,차대차 - 추돌 - 진행중,안전거리미확보,습기,비,단일로 - 기타,승용,남,26세,상해없음,승용,여,44세,경상
2014090200100693,2014년 9월 2일 21시,화요일,강원도 춘천시 효자동,중상사고,0,1,0,0,차대사람 - 기타,안전운전불이행,습기,비,교차로 - 교차로부근,승용,남,59세,상해없음,보행자,남,65세,중상
2014090200100694,2014년 9월 2일 21시,화요일,강원도 강릉시 포남동,경상사고,0,0,1,0,차대차 - 기타,안전운전불이행,습기,비,단일로 - 기타,화물,남,32세,상해없음,승용,남,57세,경상
2014090200100747,2014년 9월 2일 22시,화요일,강원도 원주시 중앙동,경상사고,0,0,2,0,차대차 - 추돌 - 주정차중,안전운전불이행,습기,비,교차로 - 교차로부근,승용,남,36세,상해없음,승용,남,56세,경상
2014090200100807,2014년 9월 2일 23시,화요일,강원도 강릉시 옥천동,경상사고,0,0,1,0,차대사람 - 기타,안전운전불이행,습기,흐림,단일로 - 기타,기타불명,기타불명,기타불명,기타불명,보행자,남,59세,경상
2014090200100808,2014년 9월 2일 23시,화요일,강원도 강릉시 홍제동,경상사고,0,0,1,0,차대사람 - 기타,안전운전불이행,습기,비,단일로 - 기타,승용,남,28세,상해없음,보행자,여,49세,경상
2014090200100809,2014년 9월 2일 23시,화요일,강원도 영월군 주천면,사망사고,1,0,0,0,차량단독 - 도로외이탈 - 추락,안전운전불이행,습기,비,단일로 - 기타,농기계,남,41세,사망,,,,
2014090300100030,2014년 9월 3일 00시,수요일,강원도 강릉시 홍제동,경상사고,0,0,1,0,차대차 - 추돌 - 주정차중,안전운전불이행,습기,비,교차로 - 교차로부근,승용,남,42세,상해없음,승용,남,44세,경상
2014090300100031,2014년 9월 3일 00시,수요일,강원도 원주시 소초면,경상사고,0,0,2,0,차대차 - 기타,안전거리미확보,건조,맑음,단일로 - 기타,승용,남,22세,경상,승용,남,62세,경상
2014090300100131,2014년 9월 3일 05시,수요일,강원도 원주시 단구동,경상사고,0,0,2,0,차대차 - 기타,신호위반,습기,비,교차로 - 교차로안,승용,여,49세,경상,화물,남,44세,경상
2014090300100147,2014년 9월 3일 06시,수요일,강원도 영월군 영월읍,중상사고,0,1,0,0,차대사람 - 기타,안전운전불이행,습기,비,단일로 - 기타,승용,남,67세,상해없음,보행자,남,43세,중상
2014090300100170,2014년 9월 3일 07시,수요일,강원도 원주시 문막읍,경상사고,0,0,1,0,차대차 - 기타,신호위반,습기,비,교차로 - 교차로안,승용,남,48세,상해없음,승용,여,55세,경상
2014090300100205,2014년 9월 3일 08시,수요일,강원도 속초시 노학동,중상사고,0,1,0,0,차량단독 - 공작물충돌,안전운전불이행,습기,비,단일로 - 기타,승합,남,22세,상해없음,,,,
2014090300100206,2014년 9월 3일 08시,수요일,강원도 동해시 나안동,경상사고,0,0,1,0,차대차 - 측면직각충돌,안전거리미확보,건조,맑음,단일로 - 기타,승용,남,52세,상해없음,승용,여,34세,경상
2014090300100239,2014년 9월 3일 09시,수요일,강원도 춘천시 석사동,경상사고,0,0,1,0,차대차 - 측면직각충돌,안전운전불이행,습기,맑음,기타 - 기타,승용,여,67세,상해없음,승용,여,49세,경상
2014090300100293,2014년 9월 3일 11시,수요일,강원도 원주시 문막읍,중상사고,0,1,0,0,차대차 - 추돌 - 주정차중,안전운전불이행,건조,맑음,단일로 - 기타,승용,남,55세,상해없음,이륜,남,31세,중상
2014090300100294,2014년 9월 3일 11시,수요일,강원도 정선군 여량면,중상사고,0,1,0,0,차대차 - 측면직각충돌,안전운전불이행,습기,비,교차로 - 교차로안,승용,남,43세,상해없음,승용,여,56세,중상
2014090300100353,2014년 9월 3일 13시,수요일,강원도 춘천시 석사동,경상사고,0,0,2,0,차대차 - 추돌 - 진행중,안전운전불이행,건조,맑음,교차로 - 교차로부근,승용,남,24세,상해없음,승용,남,36세,경상
2014090300100354,2014년 9월 3일 13시,수요일,강원도 속초시 조양동,경상사고,0,0,1,0,차대차 - 측면직각충돌,신호위반,습기,비,교차로 - 교차로안,승용,남,32세,상해없음,승용,남,39세,경상
2014090300100388,2014년 9월 3일 14시,수요일,강원도 원주시 단계동,경상사고,0,0,1,0,차대차 - 기타,신호위반,건조,맑음,교차로 - 교차로안,승용,남,60세,상해없음,승용,남,41세,경상
2014090300100430,2014년 9월 3일 15시,수요일,강원도 원주시 단구동,경상사고,0,0,1,0,차대차 - 추돌 - 진행중,안전운전불이행,건조,맑음,단일로 - 기타,승합,남,56세,상해없음,이륜,남,18세,경상
2014090300100467,2014년 9월 3일 16시,수요일,강원도 강릉시 대전동,경상사고,0,0,8,0,차대차 - 기타,신호위반,습기,비,교차로 - 교차로안,승합,남,51세,상해없음,승용,남,52세,경상
2014090300100468,2014년 9월 3일 16시,수요일,강원도 양구군 양구읍,경상사고,0,0,2,0,차대차 - 추돌 - 주정차중,안전운전불이행,건조,흐림,단일로 - 터널,승용,남,59세,상해없음,승용,남,60세,경상
2014090300100503,2014년 9월 3일 17시,수요일,강원도 춘천시 교동,경상사고,0,0,1,0,차대차 - 측면직각충돌,안전운전불이행,습기,비,교차로 - 교차로부근,승용,여,39세,상해없음,이륜,남,26세,경상
2014090300100535,2014년 9월 3일 18시,수요일,강원도 춘천시 효자동,경상사고,0,0,1,0,차대차 - 기타,안전운전불이행,건조,맑음,교차로 - 교차로안,화물,남,46세,상해없음,이륜,남,48세,경상
2014090300100577,2014년 9월 3일 19시,수요일,강원도 춘천시 중앙로1가,경상사고,0,0,1,0,차대차 - 기타,안전운전불이행,습기,비,교차로 - 교차로부근,승합,남,44세,상해없음,승용,여,52세,경상
2014090300100699,2014년 9월 3일 22시,수요일,강원도 춘천시 퇴계동,경상사고,0,0,1,0,차대차 - 기타,신호위반,습기,비,교차로 - 교차로안,이륜,남,17세,상해없음,자전거,남,22세,경상
2014090300100700,2014년 9월 3일 22시,수요일,강원도 고성군 죽왕면,경상사고,0,0,3,0,차량단독 - 공작물충돌,안전운전불이행,습기,비,단일로 - 기타,승용,남,49세,상해없음,,,,
2014090400100012,2014년 9월 4일 00시,목요일,강원도 원주시 단계동,중상사고,0,1,0,0,차대차 - 추돌 - 진행중,안전운전불이행,습기,비,교차로 - 교차로부근,승용,여,33세,기타불명,승용,여,49세,중상
2014090400100013,2014년 9월 4일 00시,목요일,강원도 원주시 단구동,중상사고,0,1,1,0,차대사람 - 기타,안전운전불이행,습기,비,교차로 - 교차로부근,승용,남,53세,상해없음,보행자,남,53세,중상
2014090400100146,2014년 9월 4일 08시,목요일,강원도 춘천시 후평동,경상사고,0,0,1,0,차대차 - 기타,안전운전불이행,건조,맑음,교차로 - 교차로부근,승용,여,47세,상해없음,자전거,남,15세,경상
2014090400100147,2014년 9월 4일 08시,목요일,강원도 강릉시 포남동,중상사고,0,1,1,0,차대차 - 측면직각충돌,중앙선침범,건조,맑음,단일로 - 기타,원동기,여,53세,중상,승용,여,50세,경상
2014090400100148,2014년 9월 4일 08시,목요일,강원도 강릉시 교동,경상사고,0,0,1,0,차대사람 - 횡단중,신호위반,건조,맑음,교차로 - 교차로부근,기타불명,기타불명,기타불명,기타불명,보행자,여,13세,경상
2014090400100149,2014년 9월 4일 08시,목요일,강원도 삼척시 교동,경상사고,0,0,3,0,차대차 - 기타,교차로운행방법위반,건조,맑음,교차로 - 교차로안,자전거,남,15세,경상,승용,남,51세,경상
2014090400100188,2014년 9월 4일 09시,목요일,강원도 강릉시 주문진읍,경상사고,0,0,1,0,차대차 - 추돌 - 진행중,안전운전불이행,건조,맑음,단일로 - 기타,승용,여,70세,상해없음,자전거,남,79세,경상
2014090400100212,2014년 9월 4일 10시,목요일,강원도 속초시 대포동,사망사고,1,0,0,0,차대차 - 측면직각충돌,안전운전불이행,건조,맑음,단일로 - 기타,화물,남,21세,상해없음,자전거,남,69세,사망
2014090400100213,2014년 9월 4일 10시,목요일,강원도 태백시 황지동,중상사고,0,2,2,0,차대차 - 기타,기타,건조,맑음,단일로 - 기타,승용,여,58세,경상,원동기,남,70세,기타불명
2014090400100247,2014년 9월 4일 11시,목요일,강원도 강릉시 옥천동,중상사고,0,1,1,0,차대사람 - 기타,안전운전불이행,건조,맑음,기타 - 기타,화물,남,46세,상해없음,보행자,여,39세,중상
2014090400100248,2014년 9월 4일 11시,목요일,강원도 원주시 태장동,경상사고,0,0,1,0,차대차 - 추돌 - 진행중,교차로운행방법위반,건조,맑음,교차로 - 교차로안,화물,남,58세,상해없음,승합,남,40세,경상
2014090400100279,2014년 9월 4일 12시,목요일,강원도 춘천시 석사동,경상사고,0,0,1,0,차대차 - 기타,안전운전불이행,건조,맑음,단일로 - 기타,승용,여,56세,상해없음,승용,여,52세,경상
2014090400100319,2014년 9월 4일 13시,목요일,강원도 횡성군 횡성읍,경상사고,0,0,1,0,차대차 - 기타,안전운전불이행,건조,맑음,교차로 - 교차로부근,화물,남,77세,기타불명,승용,여,45세,경상
2014090400100320,2014년 9월 4일 13시,목요일,강원도 동해시 발한동,경상사고,0,0,4,0,차대차 - 추돌 - 진행중,안전거리미확보,건조,맑음,단일로 - 기타,승용,남,52세,상해없음,승용,남,57세,경상
2014090400100382,2014년 9월 4일 15시,목요일,강원도 평창군 대화면,중상사고,0,1,0,0,차대차 - 정면충돌,안전운전불이행,건조,맑음,단일로 - 기타,화물,남,37세,상해없음,승용,남,70세,중상
2014090400100430,2014년 9월 4일 16시,목요일,강원도 춘천시 효자동,부상신고사고,0,0,0,1,차대사람 - 기타,안전운전불이행,건조,맑음,단일로 - 기타,승용,남,50세,상해없음,보행자,여,10세,부상신고
2014090400100431,2014년 9월 4일 16시,목요일,강원도 강릉시 주문진읍,중상사고,0,1,0,0,차대사람 - 횡단중,안전운전불이행,건조,맑음,단일로 - 기타,화물,여,54세,상해없음,보행자,여,58세,중상
2014090400100432,2014년 9월 4일 16시,목요일,강원도 고성군 죽왕면,경상사고,0,0,1,0,차대차 - 추돌 - 진행중,안전운전불이행,건조,맑음,단일로 - 기타,승용,여,65세,상해없음,화물,남,34세,경상
2014090400100479,2014년 9월 4일 17시,목요일,강원도 동해시 평릉동,중상사고,0,1,0,0,차대사람 - 횡단중,안전운전불이행,건조,맑음,단일로 - 기타,승합,남,56세,상해없음,보행자,여,8세,중상
2014090400100535,2014년 9월 4일 18시,목요일,강원도 춘천시 후평동,경상사고,0,0,3,0,차대차 - 기타,안전거리미확보,건조,맑음,단일로 - 기타,승용,여,27세,상해없음,승용,남,51세,경상
2014090400100536,2014년 9월 4일 18시,목요일,강원도 강릉시 입암동,부상신고사고,0,0,0,1,차대차 - 측면직각충돌,안전운전불이행,건조,맑음,단일로 - 기타,승용,남,66세,상해없음,승용,남,48세,상해없음
2014090400100537,2014년 9월 4일 18시,목요일,강원도 홍천군 홍천읍,경상사고,0,0,1,0,차대차 - 기타,직진우회전진행방해,건조,맑음,교차로 - 교차로안,승용,남,67세,상해없음,승용,남,50세,경상
2014090400100588,2014년 9월 4일 19시,목요일,강원도 춘천시 남산면,중상사고,0,1,0,0,차대사람 - 기타,안전운전불이행,건조,맑음,단일로 - 기타,화물,남,51세,상해없음,보행자,남,73세,중상
2014090400100589,2014년 9월 4일 19시,목요일,강원도 정선군 정선읍,경상사고,0,0,1,0,차대사람 - 기타,안전운전불이행,건조,맑음,단일로 - 기타,승용,남,28세,상해없음,보행자,여,55세,경상
2014090400100639,2014년 9월 4일 20시,목요일,강원도 강릉시 노암동,중상사고,0,1,4,0,차대차 - 추돌 - 주정차중,신호위반,건조,맑음,교차로 - 교차로부근,승용,남,46세,상해없음,승용,남,34세,경상
2014090500100010,2014년 9월 5일 00시,금요일,강원도 강릉시 남문동,경상사고,0,0,1,0,차대차 - 정면충돌,중앙선침범,건조,맑음,교차로 - 교차로부근,승용,남,74세,상해없음,승용,남,30세,경상
2014090500100083,2014년 9월 5일 05시,금요일,강원도 춘천시 교동,중상사고,0,1,0,0,차대사람 - 기타,안전운전불이행,건조,맑음,단일로 - 기타,화물,남,58세,상해없음,보행자,여,70세,중상
2014090500100093,2014년 9월 5일 06시,금요일,강원도 원주시 단계동,중상사고,0,3,0,0,차대차 - 추돌 - 진행중,교차로운행방법위반,건조,맑음,교차로 - 교차로안,승용,남,44세,상해없음,승용,남,52세,중상
2014090500100111,2014년 9월 5일 07시,금요일,강원도 원주시 태장동,경상사고,0,0,1,0,차대사람 - 기타,안전운전불이행,건조,맑음,교차로 - 교차로안,승용,여,44세,상해없음,보행자,남,67세,경상
2014090500100153,2014년 9월 5일 08시,금요일,강원도 원주시 지정면,사망사고,1,0,0,0,차대차 - 기타,안전운전불이행,건조,맑음,교차로 - 교차로부근,특수,남,49세,상해없음,이륜,남,60세,사망
2014090500100199,2014년 9월 5일 09시,금요일,강원도 강릉시 포남동,경상사고,0,0,1,0,차대차 - 추돌 - 주정차중,안전운전불이행,건조,맑음,기타 - 기타,승용,여,52세,상해없음,승용,여,50세,경상
2014090500100246,2014년 9월 5일 10시,금요일,강원도 춘천시 퇴계동,경상사고,0,0,1,0,차대차 - 기타,신호위반,건조,맑음,교차로 - 교차로안,승용,여,65세,상해없음,승용,여,52세,경상
2014090500100247,2014년 9월 5일 10시,금요일,강원도 삼척시 교동,중상사고,0,1,1,0,차대차 - 추돌 - 진행중,안전운전불이행,건조,맑음,교차로 - 교차로부근,승용,남,59세,상해없음,승용,남,65세,중상
2014090500100301,2014년 9월 5일 11시,금요일,강원도 원주시 반곡동,경상사고,0,0,1,0,차량단독 - 기타,안전운전불이행,건조,맑음,교차로 - 교차로안,승합,남,58세,상해없음,,,,
2014090500100372,2014년 9월 5일 13시,금요일,강원도 원주시 흥업면,중상사고,0,1,3,0,차대차 - 추돌 - 주정차중,안전거리미확보,건조,맑음,교차로 - 교차로부근,승용,남,21세,기타불명,승용,여,32세,중상
2014090500100373,2014년 9월 5일 13시,금요일,강원도 원주시 태장동,중상사고,0,1,0,0,차대차 - 기타,교차로운행방법위반,건조,맑음,교차로 - 교차로안,화물,남,58세,상해없음,승용,남,37세,중상
2014090500100374,2014년 9월 5일 13시,금요일,강원도 원주시 소초면,경상사고,0,0,2,2,차대차 - 기타,안전거리미확보,건조,맑음,단일로 - 기타,화물,남,47세,상해없음,승합,남,47세,부상신고
2014090500100375,2014년 9월 5일 13시,금요일,강원도 홍천군 홍천읍,중상사고,0,2,0,0,차대차 - 측면직각충돌,안전운전불이행,건조,맑음,교차로 - 교차로부근,승용,여,35세,상해없음,이륜,남,77세,중상
2014090500100376,2014년 9월 5일 13시,금요일,강원도 평창군 진부면,중상사고,0,2,3,0,차대차 - 추돌 - 진행중,안전운전불이행,건조,맑음,단일로 - 터널,승용,남,34세,상해없음,승용,남,55세,중상
2014090500100417,2014년 9월 5일 14시,금요일,강원도 강릉시 사천면,경상사고,0,0,4,0,차대차 - 추돌 - 진행중,안전운전불이행,건조,맑음,단일로 - 기타,화물,남,57세,상해없음,승합,남,39세,경상
2014090500100418,2014년 9월 5일 14시,금요일,강원도 평창군 평창읍,부상신고사고,0,0,0,1,차대차 - 추돌 - 주정차중,안전운전불이행,건조,맑음,단일로 - 기타,화물,남,68세,상해없음,승용,남,45세,상해없음