사고번호,사고일시,요일,시군구,사고내용,사망자수,중상자수,경상자수,부상신고자수,사고유형,법규위반,노면상태,기상상태,도로형태,가해운전자 차종,가해운전자 성별,가해운전자 연령,가해운전자 상해정도,피해운전자 차종,피해운전자 성별,피해운전자 연령,피해운전자 상해정도
2014091000100520,2014년 9월 10일 23시,수요일,강원도 원주시 행구동,경상사고,0,0,2,0,차대차 - 기타,불법유턴,건조,맑음,단일로 - 기타,승용,남,73세,상해없음,승용,남,26세,경상
2014091100100037,2014년 9월 11일 03시,목요일,강원도 속초시 동명동,경상사고,0,0,1,0,차대차 - 추돌 - 진행중,신호위반,건조,맑음,교차로 - 교차로부근,승용,남,34세,상해없음,승용,남,37세,경상
2014091100100046,2014년 9월 11일 05시,목요일,강원도 양양군 서면,중상사고,0,1,0,0,차대사람 - 길가장자리구역통행중,안전운전불이행,건조,맑음,단일로 - 기타,승용,남,29세,상해없음,보행자,여,68세,중상
2014091100100056,2014년 9월 11일 06시,목요일,강원도 강릉시 주문진읍,경상사고,0,0,1,0,차대차 - 측면직각충돌,안전운전불이행,건조,맑음,교차로 - 교차로안,승용,남,19세,상해없음,승용,남,48세,경상
2014091100100075,2014년 9월 11일 07시,목요일,강원도 춘천시 후평동,중상사고,0,1,0,0,차대차 - 기타,교차로운행방법위반,건조,맑음,교차로 - 교차로안,승용,남,34세,상해없음,승용,여,44세,중상
2014091100100076,2014년 9월 11일 07시,목요일,강원도 강릉시 옥계면,중상사고,0,2,0,0,차대차 - 정면충돌,안전운전불이행,건조,맑음,단일로 - 기타,승용,남,55세,상해없음,화물,남,48세,중상
2014091100100077,2014년 9월 11일 07시,목요일,강원도 원주시 명륜동,경상사고,0,0,2,0,차대차 - 기타,직진우회전진행방해,건조,맑음,교차로 - 교차로안,승용,남,36세,상해없음,승용,남,71세,경상
2014091100100113,2014년 9월 11일 08시,목요일,강원도 원주시 판부면,경상사고,0,0,3,0,차대차 - 추돌 - 진행중,안전운전불이행,건조,맑음,교차로 - 교차로부근,승용,남,47세,경상,승용,남,47세,상해없음
2014091100100114,2014년 9월 11일 08시,목요일,강원도 고성군 현내면,사망사고,1,0,0,0,차량단독 - 전도전복,안전운전불이행,건조,맑음,단일로 - 기타,농기계,남,76세,사망,,,,
2014091100100200,2014년 9월 11일 10시,목요일,강원도 춘천시 사농동,중상사고,0,1,0,0,차대차 - 기타,안전운전불이행,건조,맑음,단일로 - 기타,원동기,남,75세,상해없음,자전거,남,73세,중상
2014091100100201,2014년 9월 11일 10시,목요일,강원도 강릉시 회산동,경상사고,0,0,1,0,차대차 - 측면직각충돌,안전운전불이행,기타,기타,교차로 - 교차로부근,승용,여,59세,상해없음,화물,남,64세,경상
2014091100100267,2014년 9월 11일 12시,목요일,강원도 춘천시 퇴계동,경상사고,0,0,1,0,차대차 - 기타,안전운전불이행,건조,맑음,단일로 - 기타,승합,남,57세,상해없음,자전거,남,46세,경상
2014091100100289,2014년 9월 11일 13시,목요일,강원도 철원군 갈말읍,사망사고,1,0,0,0,차대차 - 측면직각충돌,교차로운행방법위반,건조,맑음,교차로 - 교차로안,화물,남,31세,상해없음,이륜,남,59세,사망
2014091100100322,2014년 9월 11일 14시,목요일,강원도 원주시 문막읍,경상사고,0,0,1,0,차대차 - 기타,교차로운행방법위반,건조,맑음,교차로 - 교차로부근,승용,남,71세,경상,승용,여,57세,상해없음
2014091100100323,2014년 9월 11일 14시,목요일,강원도 홍천군 두촌면,경상사고,0,0,2,0,차대차 - 기타,안전운전불이행,건조,맑음,단일로 - 기타,화물,남,46세,상해없음,승용,남,33세,경상
2014091100100324,2014년 9월 11일 14시,목요일,강원도 동해시 천곡동,경상사고,0,0,2,0,차대사람 - 보도통행중,기타,건조,맑음,단일로 - 기타,특수,남,43세,상해없음,보행자,여,55세,경상
2014091100100361,2014년 9월 11일 15시,목요일,강원도 횡성군 우천면,중상사고,0,1,1,0,차대차 - 기타,안전운전불이행,건조,맑음,단일로 - 기타,승용,남,46세,상해없음,승용,남,24세,중상
2014091100100452,2014년 9월 11일 18시,목요일,강원도 고성군 토성면,중상사고,0,2,0,0,차대차 - 추돌 - 주정차중,안전운전불이행,건조,맑음,단일로 - 기타,승합,남,53세,상해없음,승용,남,55세,중상
2014091100100484,2014년 9월 11일 19시,목요일,강원도 강릉시 성남동,중상사고,0,1,1,0,차대차 - 측면직각충돌,안전운전불이행,건조,맑음,교차로 - 교차로안,승용,남,57세,상해없음,이륜,남,74세,경상
2014091100100485,2014년 9월 11일 19시,목요일,강원도 원주시 일산동,중상사고,0,1,0,0,차대차 - 추돌 - 진행중,기타,건조,맑음,교차로 - 교차로안,승용,남,67세,상해없음,이륜,남,46세,중상
2014091100100486,2014년 9월 11일 19시,목요일,강원도 속초시 교동,경상사고,0,0,1,0,차대차 - 추돌 - 주정차중,안전운전불이행,건조,맑음,교차로 - 교차로안,승용,남,54세,상해없음,승용,남,46세,경상
2014091100100522,2014년 9월 11일 20시,목요일,강원도 춘천시 서면,경상사고,0,0,4,0,차대차 - 추돌 - 진행중,안전거리미확보,건조,맑음,단일로 - 기타,승용,남,62세,상해없음,승용,여,38세,경상
2014091100100523,2014년 9월 11일 20시,목요일,강원도 춘천시 퇴계동,경상사고,0,0,1,0,차대사람 - 기타,기타,건조,맑음,단일로 - 기타,승합,남,47세,상해없음,보행자,남,58세,경상
2014091100100524,2014년 9월 11일 20시,목요일,강원도 강릉시 포남동,경상사고,0,0,1,0,차대차 - 기타,안전운전불이행,건조,맑음,단일로 - 기타,화물,남,57세,상해없음,이륜,남,17세,경상
2014091100100525,2014년 9월 11일 20시,목요일,강원도 양양군 양양읍,중상사고,0,1,2,0,차대차 - 측면직각충돌,신호위반,건조,맑음,교차로 - 교차로안,승용,여,62세,상해없음,승용,여,49세,경상
2014091100100551,2014년 9월 11일 21시,목요일,강원도 강릉시 교동,중상사고,0,2,0,0,차대차 - 추돌 - 진행중,안전운전불이행,건조,맑음,단일로 - 기타,승합,남,53세,상해없음,이륜,여,20세,중상
2014091100100606,2014년 9월 11일 23시,목요일,강원도 원주시 단계동,중상사고,0,1,0,0,차대차 - 기타,안전운전불이행,건조,맑음,교차로 - 교차로부근,승용,여,49세,상해없음,자전거,남,26세,중상
2014091100100607,2014년 9월 11일 23시,목요일,강원도 원주시 반곡동,경상사고,0,0,2,0,차대차 - 추돌 - 진행중,안전운전불이행,건조,맑음,교차로 - 교차로안,승용,남,36세,상해없음,승용,남,21세,경상
2014091200100056,2014년 9월 12일 05시,금요일,강원도 춘천시 퇴계동,경상사고,0,0,2,0,차대차 - 추돌 - 진행중,안전운전불이행,건조,기타,교차로 - 교차로부근,승용,남,62세,상해없음,승용,남,49세,경상
2014091200100057,2014년 9월 12일 05시,금요일,강원도 인제군 북면,경상사고,0,0,1,0,차대사람 - 기타,안전운전불이행,건조,맑음,단일로 - 기타,기타불명,기타불명,기타불명,기타불명,보행자,남,16세,경상
2014091200100111,2014년 9월 12일 08시,금요일,강원도 원주시 단계동,중상사고,0,1,0,0,차대사람 - 기타,안전운전불이행,건조,맑음,단일로 - 기타,승용,남,54세,상해없음,보행자,여,54세,중상
2014091200100112,2014년 9월 12일 08시,금요일,강원도 원주시 태장동,중상사고,0,1,0,0,차대차 - 측면직각충돌,교차로운행방법위반,건조,맑음,교차로 - 교차로안,승용,여,42세,상해없음,승용,여,54세,중상
2014091200100113,2014년 9월 12일 08시,금요일,강원도 동해시 묵호진동,경상사고,0,0,1,0,차대차 - 측면직각충돌,불법유턴,건조,맑음,교차로 - 교차로안,승용,남,50세,상해없음,자전거,남,66세,경상
2014091200100144,2014년 9월 12일 09시,금요일,강원도 횡성군 공근면,경상사고,0,0,1,0,차대차 - 측면직각충돌,신호위반,건조,맑음,교차로 - 교차로부근,승용,남,32세,상해없음,승용,여,49세,경상
2014091200100285,2014년 9월 12일 14시,금요일,강원도 춘천시 후평동,경상사고,0,0,1,0,차대차 - 기타,안전거리미확보,건조,맑음,단일로 - 기타,승용,남,39세,상해없음,승용,여,51세,경상
2014091200100350,2014년 9월 12일 16시,금요일,강원도 평창군 용평면,중상사고,0,2,0,0,차대차 - 기타,안전운전불이행,건조,맑음,교차로 - 교차로부근,이륜,남,74세,중상,기타불명,남,72세,중상
2014091200100351,2014년 9월 12일 16시,금요일,강원도 철원군 갈말읍,경상사고,0,0,1,0,차대사람 - 길가장자리구역통행중,안전운전불이행,건조,맑음,단일로 - 기타,화물,여,35세,상해없음,보행자,여,14세,경상
2014091200100376,2014년 9월 12일 17시,금요일,강원도 춘천시 온의동,중상사고,0,1,0,0,차대차 - 측면직각충돌,안전운전불이행,건조,맑음,교차로 - 교차로안,승용,남,69세,상해없음,원동기,남,56세,중상
2014091200100377,2014년 9월 12일 17시,금요일,강원도 정선군 남면,중상사고,0,1,3,0,차대차 - 추돌 - 진행중,안전거리미확보,건조,맑음,단일로 - 기타,승합,남,61세,상해없음,승용,남,68세,상해없음
2014091200100414,2014년 9월 12일 18시,금요일,강원도 강릉시 포남동,경상사고,0,0,1,0,차대차 - 측면직각충돌,안전운전불이행,건조,맑음,단일로 - 기타,승용,여,57세,상해없음,자전거,남,18세,경상
2014091200100498,2014년 9월 12일 20시,금요일,강원도 횡성군 둔내면,중상사고,0,2,0,0,차대사람 - 기타,기타,건조,맑음,단일로 - 기타,승용,여,55세,상해없음,보행자,남,51세,중상
2014091200100578,2014년 9월 12일 22시,금요일,강원도 화천군 화천읍,경상사고,0,0,2,0,차대사람 - 길가장자리구역통행중,안전운전불이행,건조,맑음,단일로 - 기타,승용,남,36세,상해없음,보행자,남,32세,경상
2014091200100601,2014년 9월 12일 23시,금요일,강원도 원주시 일산동,경상사고,0,0,1,0,차대차 - 추돌 - 진행중,교차로운행방법위반,건조,맑음,교차로 - 교차로부근,승합,여,44세,상해없음,승용,여,28세,경상
2014091300100013,2014년 9월 13일 00시,토요일,강원도 원주시 학성동,부상신고사고,0,0,0,1,차대사람 - 차도통행중,안전운전불이행,건조,맑음,단일로 - 기타,기타불명,기타불명,기타불명,기타불명,보행자,남,25세,부상신고
2014091300100049,2014년 9월 13일 02시,토요일,강원도 춘천시 동산면,경상사고,0,0,1,0,차량단독 - 공작물충돌,안전운전불이행,건조,맑음,단일로 - 기타,승용,남,55세,상해없음,,,,
2014091300100090,2014년 9월 13일 06시,토요일,강원도 춘천시 석사동,경상사고,0,0,1,0,차대차 - 기타,안전운전불이행,건조,맑음,교차로 - 교차로안,승용,남,28세,상해없음,원동기,여,48세,경상
2014091300100109,2014년 9월 13일 07시,토요일,강원도 원주시 명륜동,경상사고,0,0,1,0,차대차 - 기타,안전운전불이행,건조,맑음,교차로 - 교차로안,기타불명,기타불명,기타불명,기타불명,자전거,남,73세,경상
2014091300100154,2014년 9월 13일 09시,토요일,강원도 양양군 강현면,경상사고,0,0,3,0,차대차 - 추돌 - 주정차중,안전운전불이행,건조,맑음,단일로 - 기타,승합,남,50세,상해없음,승용,여,33세,경상
2014091300100155,2014년 9월 13일 09시,토요일,강원도 삼척시 당저동,경상사고,0,0,1,0,차대사람 - 기타,안전운전불이행,건조,맑음,단일로 - 기타,기타불명,기타불명,기타불명,기타불명,보행자,여,53세,경상
2014091300100197,2014년 9월 13일 10시,토요일,강원도 홍천군 홍천읍,경상사고,0,0,1,0,차대차 - 기타,중앙선침범,건조,맑음,단일로 - 기타,승용,남,71세,상해없음,이륜,남,44세,경상
2014091300100198,2014년 9월 13일 10시,토요일,강원도 철원군 근남면,중상사고,0,1,0,0,차대차 - 측면직각충돌,안전운전불이행,건조,맑음,교차로 - 교차로안,농기계,남,66세,중상,화물,남,57세,상해없음
2014091300100199,2014년 9월 13일 10시,토요일,강원도 동해시 부곡동,중상사고,0,1,0,0,차대사람 - 횡단중,신호위반,건조,맑음,단일로 - 횡단보도상,승용,여,56세,상해없음,보행자,여,68세,중상
2014091300100249,2014년 9월 13일 12시,토요일,강원도 홍천군 홍천읍,사망사고,1,0,0,0,차대사람 - 길가장자리구역통행중,안전운전불이행,건조,맑음,단일로 - 기타,승합,남,45세,상해없음,보행자,여,67세,사망
2014091300100250,2014년 9월 13일 12시,토요일,강원도 동해시 망상동,경상사고,0,0,3,0,차대차 - 측면직각충돌,신호위반,건조,맑음,교차로 - 교차로안,승용,남,43세,상해없음,화물,여,38세,경상
2014091300100251,2014년 9월 13일 12시,토요일,강원도 동해시 송정동,경상사고,0,0,1,0,차대사람 - 기타,안전운전불이행,건조,맑음,단일로 - 기타,승용,남,42세,상해없음,보행자,남,18세,경상
2014091300100283,2014년 9월 13일 13시,토요일,강원도 고성군 현내면,경상사고,0,0,1,0,차대차 - 측면직각충돌,안전운전불이행,건조,맑음,교차로 - 교차로안,승용,남,51세,상해없음,승용,남,43세,경상
2014091300100284,2014년 9월 13일 13시,토요일,강원도 동해시 천곡동,중상사고,0,1,0,0,차대차 - 측면직각충돌,신호위반,건조,맑음,교차로 - 교차로안,승용,남,65세,상해없음,승용,남,64세,중상
2014091300100323,2014년 9월 13일 14시,토요일,강원도 속초시 교동,중상사고,0,1,0,0,차대사람 - 길가장자리구역통행중,안전운전불이행,건조,맑음,단일로 - 기타,이륜,남,43세,상해없음,보행자,남,10세,중상
2014091300100384,2014년 9월 13일 16시,토요일,강원도 강릉시 입암동,경상사고,0,0,1,0,차대사람 - 기타,안전운전불이행,건조,맑음,단일로 - 기타,승용,남,81세,상해없음,보행자,여,73세,경상
2014091300100385,2014년 9월 13일 16시,토요일,강원도 원주시 태장동,경상사고,0,0,1,0,차대사람 - 기타,불법유턴,건조,맑음,단일로 - 기타,화물,남,57세,상해없음,보행자,여,54세,경상
2014091300100386,2014년 9월 13일 16시,토요일,강원도 홍천군 내촌면,경상사고,0,0,1,0,차대사람 - 기타,안전운전불이행,건조,맑음,단일로 - 기타,승용,남,42세,상해없음,보행자,남,78세,경상
2014091300100387,2014년 9월 13일 16시,토요일,강원도 평창군 방림면,중상사고,0,1,0,0,차대사람 - 길가장자리구역통행중,안전운전불이행,건조,맑음,단일로 - 기타,승용,남,43세,상해없음,보행자,여,73세,중상
2014091300100418,2014년 9월 13일 17시,토요일,강원도 강릉시 노암동,경상사고,0,0,1,0,차대차 - 기타,안전운전불이행,기타,기타,단일로 - 기타,화물,남,37세,상해없음,원동기,남,45세,경상
2014091300100419,2014년 9월 13일 17시,토요일,강원도 강릉시 강동면,경상사고,0,0,2,0,차대차 - 측면직각충돌,안전운전불이행,건조,맑음,교차로 - 교차로안,승용,남,22세,상해없음,승용,남,67세,경상
2014091300100463,2014년 9월 13일 18시,토요일,강원도 강릉시 입암동,경상사고,0,0,2,0,차대차 - 기타,안전운전불이행,건조,맑음,단일로 - 기타,승용,여,51세,상해없음,승용,여,54세,경상
2014091300100464,2014년 9월 13일 18시,토요일,강원도 속초시 중앙동,중상사고,0,1,0,0,차대사람 - 차도통행중,안전운전불이행,건조,맑음,단일로 - 기타,원동기,여,42세,상해없음,보행자,여,82세,중상
2014091300100465,2014년 9월 13일 18시,토요일,강원도 화천군 화천읍,중상사고,0,1,0,0,차대차 - 추돌 - 주정차중,안전운전불이행,건조,맑음,기타 - 기타,승합,남,61세,상해없음,농기계,남,71세,기타불명
2014091300100495,2014년 9월 13일 19시,토요일,강원도 강릉시 내곡동,경상사고,0,0,2,0,차대사람 - 기타,안전운전불이행,건조,맑음,단일로 - 기타,이륜,남,20세,경상,보행자,남,20세,경상
2014091300100496,2014년 9월 13일 19시,토요일,강원도 원주시 단구동,경상사고,0,0,4,0,차대차 - 기타,교차로운행방법위반,건조,맑음,교차로 - 교차로안,승용,여,43세,경상,승용,여,26세,경상
2014091300100539,2014년 9월 13일 20시,토요일,강원도 원주시 개운동,경상사고,0,0,1,0,차대차 - 기타,안전운전불이행,건조,맑음,교차로 - 교차로부근,화물,남,46세,상해없음,승용,여,45세,경상
2014091300100540,2014년 9월 13일 20시,토요일,강원도 화천군 사내면,경상사고,0,0,1,0,차대차 - 정면충돌,중앙선침범,건조,맑음,단일로 - 기타,화물,남,49세,상해없음,승용,남,56세,경상
2014091300100541,2014년 9월 13일 20시,토요일,강원도 태백시 황지동,부상신고사고,0,0,0,1,차대사람 - 차도통행중,안전운전불이행,건조,맑음,단일로 - 기타,승용,남,50세,상해없음,보행자,남,65세,부상신고
2014091300100588,2014년 9월 13일 22시,토요일,강원도 원주시 우산동,경상사고,0,0,4,0,차대차 - 측면직각충돌,교차로운행방법위반,건조,맑음,교차로 - 교차로안,승용,여,32세,경상,승용,남,23세,경상
2014091300100617,2014년 9월 13일 23시,토요일,강원도 춘천시 중앙로3가,경상사고,0,0,1,0,차대차 - 기타,중앙선침범,건조,맑음,단일로 - 기타,승용,남,57세,상해없음,이륜,남,35세,경상
2014091300100618,2014년 9월 13일 23시,토요일,강원도 원주시 단계동,경상사고,0,0,2,0,차량단독 - 공작물충돌,안전운전불이행,건조,맑음,교차로 - 교차로부근,승용,남,28세,경상,,,,
2014091300100619,2014년 9월 13일 23시,토요일,강원도 속초시 조양동,경상사고,0,0,2,0,차대차 - 측면직각충돌,안전거리미확보,건조,맑음,단일로 - 기타,승용,남,59세,상해없음,승용,남,48세,상해없음
2014091400100047,2014년 9월 14일 03시,일요일,강원도 원주시 명륜동,경상사고,0,0,1,0,차대사람 - 기타,불법유턴,건조,맑음,교차로 - 교차로안,승합,남,47세,상해없음,보행자,남,42세,경상
2014091400100071,2014년 9월 14일 05시,일요일,강원도 인제군 인제읍,중상사고,0,1,0,0,차대사람 - 길가장자리구역통행중,안전운전불이행,건조,맑음,교차로 - 교차로안,승합,남,58세,상해없음,보행자,여,70세,중상
2014091400100089,2014년 9월 14일 07시,일요일,강원도 원주시 단계동,경상사고,0,0,1,0,차대차 - 기타,안전운전불이행,건조,맑음,교차로 - 교차로안,자전거,남,51세,경상,승용,남,39세,상해없음
2014091400100111,2014년 9월 14일 08시,일요일,강원도 강릉시 교동,중상사고,0,1,0,0,차대사람 - 보도통행중,보행자보호의무위반,건조,맑음,교차로 - 교차로부근,승합,남,46세,상해없음,보행자,남,53세,중상
2014091400100126,2014년 9월 14일 09시,일요일,강원도 속초시 조양동,중상사고,0,1,2,0,차대차 - 측면직각충돌,신호위반,건조,맑음,교차로 - 교차로안,화물,남,29세,상해없음,승용,남,48세,경상
2014091400100138,2014년 9월 14일 10시,일요일,강원도 강릉시 주문진읍,중상사고,0,1,0,0,차대차 - 기타,교차로운행방법위반,건조,맑음,교차로 - 교차로안,승용,남,47세,상해없음,자전거,남,67세,중상
2014091400100139,2014년 9월 14일 10시,일요일,강원도 강릉시 대전동,경상사고,0,0,1,0,차대차 - 측면직각충돌,안전운전불이행,습기,비,단일로 - 기타,승용,남,77세,상해없음,화물,남,32세,경상
2014091400100140,2014년 9월 14일 10시,일요일,강원도 평창군 봉평면,경상사고,0,0,1,1,차대차 - 측면직각충돌,안전운전불이행,건조,맑음,교차로 - 교차로안,승용,남,71세,상해없음,승합,남,55세,상해없음
2014091400100160,2014년 9월 14일 11시,일요일,강원도 원주시 소초면,경상사고,0,0,2,0,차대차 - 기타,안전운전불이행,건조,맑음,단일로 - 기타,승용,남,46세,상해없음,승용,남,27세,경상
2014091400100183,2014년 9월 14일 12시,일요일,강원도 속초시 노학동,중상사고,0,3,4,0,차대차 - 측면직각충돌,안전운전불이행,건조,맑음,교차로 - 교차로부근,승용,여,22세,경상,승용,남,28세,중상
2014091400100208,2014년 9월 14일 13시,일요일,강원도 춘천시 서면,중상사고,0,1,1,0,차대차 - 측면직각충돌,안전운전불이행,건조,맑음,단일로 - 기타,승용,남,71세,기타불명,승용,남,41세,상해없음
2014091400100209,2014년 9월 14일 13시,일요일,강원도 양양군 양양읍,경상사고,0,0,1,0,차대차 - 측면직각충돌,안전운전불이행,건조,맑음,교차로 - 교차로부근,승용,남,44세,상해없음,승용,남,26세,경상
2014091400100236,2014년 9월 14일 14시,일요일,강원도 강릉시 견소동,경상사고,0,0,2,0,차대차 - 기타,안전운전불이행,건조,맑음,교차로 - 교차로안,승용,남,57세,상해없음,승합,남,40세,경상
2014091400100265,2014년 9월 14일 15시,일요일,강원도 춘천시 우두동,부상신고사고,0,0,0,1,차대차 - 측면직각충돌,안전운전불이행,건조,맑음,단일로 - 기타,자전거,기타불명,기타불명,기타불명,자전거,남,10세,부상신고
2014091400100297,2014년 9월 14일 16시,일요일,강원도 평창군 봉평면,경상사고,0,0,2,0,차대차 - 측면직각충돌,안전운전불이행,건조,맑음,교차로 - 교차로부근,화물,여,57세,상해없음,승용,여,66세,경상
2014091400100298,2014년 9월 14일 16시,일요일,강원도 정선군 임계면,중상사고,0,3,0,0,차대차 - 추돌 - 진행중,안전거리미확보,건조,맑음,교차로 - 교차로부근,건설기계,남,49세,상해없음,승용,남,57세,중상
2014091400100334,2014년 9월 14일 17시,일요일,강원도 강릉시 강문동,경상사고,0,0,1,0,차대사람 - 횡단중,안전운전불이행,건조,맑음,단일로 - 기타,승용,여,53세,상해없음,보행자,여,5세,경상
2014091400100335,2014년 9월 14일 17시,일요일,강원도 원주시 문막읍,중상사고,0,1,0,0,차대차 - 추돌 - 진행중,교차로운행방법위반,건조,맑음,교차로 - 교차로안,승용,남,48세,상해없음,자전거,여,9세,중상
2014091400100336,2014년 9월 14일 17시,일요일,강원도 홍천군 두촌면,중상사고,0,3,0,1,차량단독 - 기타,안전운전불이행,건조,맑음,단일로 - 기타,승용,남,59세,상해없음,,,,
2014091400100367,2014년 9월 14일 18시,일요일,강원도 홍천군 화촌면,경상사고,0,0,4,0,차대차 - 기타,안전거리미확보,건조,맑음,단일로 - 기타,승용,여,39세,상해없음,승용,여,40세,경상
2014091400100395,2014년 9월 14일 19시,일요일,강원도 춘천시 후평동,경상사고,0,0,1,0,차대차 - 측면직각충돌,중앙선침범,건조,맑음,교차로 - 교차로부근,이륜,남,21세,상해없음,이륜,남,48세,경상
2014091400100396,2014년 9월 14일 19시,일요일,강원도 춘천시 퇴계동,중상사고,0,1,0,0,차대차 - 추돌 - 진행중,교차로운행방법위반,건조,맑음,교차로 - 교차로안,승용,남,53세,상해없음,이륜,남,23세,중상
2014091400100397,2014년 9월 14일 19시,일요일,강원도 속초시 조양동,경상사고,0,0,1,0,차대차 - 측면직각충돌,안전거리미확보,건조,맑음,단일로 - 기타,승용,남,28세,상해없음,승용,여,50세,경상
2014091400100398,2014년 9월 14일 19시,일요일,강원도 홍천군 화촌면,경상사고,0,0,2,0,차대차 - 기타,중앙선침범,건조,맑음,단일로 - 기타,승용,여,68세,상해없음,화물,남,52세,상해없음
2014091400100415,2014년 9월 14일 20시,일요일,강원도 평창군 평창읍,경상사고,0,0,1,0,차량단독 - 공작물충돌,안전운전불이행,건조,맑음,단일로 - 기타,승용,남,49세,경상,,,,
2014091400100416,2014년 9월 14일 20시,일요일,강원도 철원군 갈말읍,중상사고,0,1,0,0,차대차 - 추돌 - 진행중,안전운전불이행,건조,맑음,단일로 - 기타,승용,남,18세,상해없음,자전거,남,56세,중상
2014091400100436,2014년 9월 14일 21시,일요일,강원도 영월군 영월읍,중상사고,0,1,1,0,차대차 - 기타,안전운전불이행,습기,비,교차로 - 교차로안,농기계,남,50세,중상,승합,남,43세,상해없음
2014091400100460,2014년 9월 14일 22시,일요일,강원도 원주시 단구동,경상사고,0,0,4,0,차대차 - 추돌 - 주정차중,안전운전불이행,건조,맑음,교차로 - 교차로부근,승용,여,33세,기타불명,승용,여,43세,경상
2014091500100025,2014년 9월 15일 04시,월요일,강원도 강릉시 주문진읍,경상사고,0,0,1,0,차대사람 - 기타,안전운전불이행,건조,맑음,단일로 - 기타,승용,남,47세,상해없음,보행자,남,40세,경상
2014091500100051,2014년 9월 15일 07시,월요일,강원도 춘천시 후평동,경상사고,0,0,1,0,차대차 - 추돌 - 주정차중,안전운전불이행,건조,맑음,단일로 - 기타,승용,남,27세,상해없음,화물,남,48세,경상
2014091500100158,2014년 9월 15일 10시,월요일,강원도 강릉시 금학동,경상사고,0,0,1,0,차대사람 - 기타,안전운전불이행,건조,맑음,단일로 - 기타,원동기,남,57세,상해없음,보행자,여,27세,경상
2014091500100211,2014년 9월 15일 12시,월요일,강원도 원주시 행구동,경상사고,0,0,1,0,차대차 - 측면직각충돌,교차로운행방법위반,건조,맑음,교차로 - 교차로안,화물,남,43세,경상,화물,남,43세,상해없음
2014091500100299,2014년 9월 15일 15시,월요일,강원도 인제군 인제읍,중상사고,0,2,0,0,차대차 - 기타,안전운전불이행,건조,맑음,교차로 - 교차로안,화물,남,21세,상해없음,승용,여,57세,중상
2014091500100331,2014년 9월 15일 16시,월요일,강원도 강릉시 성남동,중상사고,0,1,0,0,차대사람 - 보도통행중,신호위반,건조,맑음,교차로 - 교차로부근,자전거,남,14세,상해없음,보행자,여,75세,중상
2014091500100332,2014년 9월 15일 16시,월요일,강원도 원주시 문막읍,경상사고,0,0,1,0,차대차 - 기타,기타,건조,맑음,기타 - 기타,승용,남,68세,상해없음,승용,남,27세,경상
2014091500100362,2014년 9월 15일 17시,월요일,강원도 속초시 교동,중상사고,0,1,2,0,차대차 - 측면직각충돌,교차로운행방법위반,건조,맑음,교차로 - 교차로안,승용,남,77세,상해없음,승용,남,61세,중상
2014091500100404,2014년 9월 15일 18시,월요일,강원도 춘천시 후평동,경상사고,0,0,2,0,차대차 - 기타,교차로운행방법위반,건조,맑음,교차로 - 교차로안,승용,남,31세,상해없음,원동기,남,31세,경상
2014091500100405,2014년 9월 15일 18시,월요일,강원도 강릉시 교동,중상사고,0,1,1,0,차대차 - 측면직각충돌,교차로운행방법위반,건조,맑음,교차로 - 교차로안,승용,여,54세,상해없음,승용,남,37세,경상
2014091500100492,2014년 9월 15일 20시,월요일,강원도 원주시 단구동,경상사고,0,0,1,0,차대차 - 기타,안전거리미확보,건조,맑음,단일로 - 기타,승용,남,55세,기타불명,승용,남,51세,경상
2014091500100523,2014년 9월 15일 21시,월요일,강원도 춘천시 효자동,경상사고,0,0,1,0,차대차 - 측면직각충돌,안전운전불이행,건조,맑음,기타 - 기타,승용,남,23세,상해없음,이륜,남,46세,경상
2014091500100541,2014년 9월 15일 22시,월요일,강원도 동해시 효가동,경상사고,0,0,1,0,차대차 - 추돌 - 진행중,교차로운행방법위반,건조,맑음,교차로 - 교차로안,승용,남,68세,상해없음,승용,남,45세,경상
2014091600100029,2014년 9월 16일 01시,화요일,강원도 원주시 흥업면,경상사고,0,0,2,0,차대차 - 추돌 - 주정차중,안전운전불이행,건조,기타,교차로 - 교차로부근,승용,남,31세,상해없음,승합,남,47세,경상
2014091600100070,2014년 9월 16일 06시,화요일,강원도 강릉시 왕산면,중상사고,0,1,1,0,차대차 - 정면충돌,안전운전불이행,기타,기타,단일로 - 기타,화물,남,32세,중상,화물,남,58세,경상
2014091600100071,2014년 9월 16일 06시,화요일,강원도 삼척시 등봉동,중상사고,0,2,0,0,차대차 - 측면직각충돌,안전운전불이행,건조,맑음,교차로 - 교차로안,화물,남,69세,상해없음,농기계,남,69세,중상
2014091600100093,2014년 9월 16일 07시,화요일,강원도 춘천시 남산면,부상신고사고,0,0,0,1,차량단독 - 기타,안전운전불이행,건조,맑음,기타 - 기타,이륜,남,45세,부상신고,,,,
2014091600100094,2014년 9월 16일 07시,화요일,강원도 삼척시 미로면,중상사고,0,1,0,0,차대차 - 측면직각충돌,안전운전불이행,건조,맑음,교차로 - 교차로안,승용,남,63세,상해없음,원동기,남,60세,중상