사고번호,사고일시,요일,시군구,사고내용,사망자수,중상자수,경상자수,부상신고자수,사고유형,법규위반,노면상태,기상상태,도로형태,가해운전자 차종,가해운전자 성별,가해운전자 연령,가해운전자 상해정도,피해운전자 차종,피해운전자 성별,피해운전자 연령,피해운전자 상해정도
2014091600100131,2014년 9월 16일 08시,화요일,강원도 원주시 일산동,중상사고,0,1,1,0,차대차 - 기타,안전거리미확보,건조,맑음,단일로 - 기타,승용,남,43세,상해없음,승용,여,46세,중상
2014091600100132,2014년 9월 16일 08시,화요일,강원도 동해시 천곡동,경상사고,0,0,1,0,차대차 - 추돌 - 주정차중,안전운전불이행,건조,맑음,교차로 - 교차로부근,승용,남,35세,상해없음,승용,여,41세,경상
2014091600100171,2014년 9월 16일 09시,화요일,강원도 강릉시 교동,경상사고,0,0,1,0,차대차 - 추돌 - 주정차중,안전운전불이행,기타,기타,단일로 - 기타,승용,남,55세,상해없음,승용,여,54세,경상
2014091600100191,2014년 9월 16일 10시,화요일,강원도 춘천시 근화동,경상사고,0,0,2,1,차대차 - 측면직각충돌,신호위반,건조,맑음,교차로 - 교차로안,승용,여,39세,상해없음,승합,남,56세,경상
2014091600100192,2014년 9월 16일 10시,화요일,강원도 홍천군 남면,경상사고,0,0,1,0,차대차 - 기타,중앙선침범,건조,맑음,단일로 - 기타,승용,남,74세,상해없음,승용,남,43세,경상
2014091600100193,2014년 9월 16일 10시,화요일,강원도 홍천군 홍천읍,경상사고,0,0,1,0,차대사람 - 횡단중,보행자보호의무위반,건조,맑음,교차로 - 교차로부근,승용,남,63세,상해없음,보행자,남,60세,경상
2014091600100220,2014년 9월 16일 11시,화요일,강원도 원주시 단구동,경상사고,0,0,1,0,차대사람 - 기타,보행자보호의무위반,건조,맑음,교차로 - 교차로부근,기타불명,기타불명,기타불명,기타불명,보행자,여,53세,경상
2014091600100221,2014년 9월 16일 11시,화요일,강원도 태백시 화전동,경상사고,0,0,1,0,차대사람 - 기타,기타,건조,맑음,단일로 - 기타,화물,남,55세,상해없음,보행자,여,53세,경상
2014091600100259,2014년 9월 16일 13시,화요일,강원도 춘천시 동면,경상사고,0,0,2,0,차대차 - 정면충돌,신호위반,건조,맑음,교차로 - 교차로안,승용,남,53세,상해없음,승용,여,60세,경상
2014091600100280,2014년 9월 16일 14시,화요일,강원도 강릉시 사천면,경상사고,0,0,3,0,차대차 - 추돌 - 진행중,안전운전불이행,건조,맑음,단일로 - 기타,승용,여,52세,상해없음,승용,남,67세,경상
2014091600100309,2014년 9월 16일 15시,화요일,강원도 강릉시 난곡동,경상사고,0,0,2,0,차량단독 - 기타,안전운전불이행,건조,맑음,교차로 - 교차로부근,승용,남,58세,상해없음,,,,
2014091600100310,2014년 9월 16일 15시,화요일,강원도 홍천군 홍천읍,경상사고,0,0,1,0,차대차 - 기타,기타,건조,맑음,단일로 - 기타,화물,기타불명,기타불명,기타불명,화물,기타불명,기타불명,기타불명
2014091600100375,2014년 9월 16일 17시,화요일,강원도 태백시 황지동,경상사고,0,0,1,0,차대차 - 측면직각충돌,교차로운행방법위반,건조,맑음,교차로 - 교차로안,승용,여,67세,상해없음,승용,여,40세,상해없음
2014091600100414,2014년 9월 16일 18시,화요일,강원도 강릉시 회산동,경상사고,0,0,1,0,차대차 - 기타,안전운전불이행,건조,흐림,단일로 - 기타,승용,남,68세,상해없음,승용,남,21세,경상
2014091600100415,2014년 9월 16일 18시,화요일,강원도 강릉시 주문진읍,중상사고,0,1,0,0,차대사람 - 기타,안전운전불이행,건조,맑음,단일로 - 기타,승용,남,54세,상해없음,보행자,여,56세,중상
2014091600100416,2014년 9월 16일 18시,화요일,강원도 태백시 문곡동,경상사고,0,0,1,0,차대차 - 기타,안전운전불이행,건조,맑음,단일로 - 기타,승용,여,28세,상해없음,승용,여,48세,경상
2014091600100455,2014년 9월 16일 19시,화요일,강원도 강릉시 포남동,경상사고,0,0,1,0,차대차 - 기타,안전운전불이행,건조,맑음,단일로 - 기타,승용,남,38세,상해없음,승용,여,35세,경상
2014091600100483,2014년 9월 16일 20시,화요일,강원도 춘천시 후평동,사망사고,1,0,0,0,차대사람 - 기타,안전운전불이행,건조,맑음,단일로 - 기타,승용,여,54세,상해없음,보행자,여,63세,사망
2014091600100511,2014년 9월 16일 21시,화요일,강원도 속초시 대포동,중상사고,0,1,0,0,차대차 - 정면충돌,중앙선침범,건조,맑음,단일로 - 기타,자전거,남,24세,중상,승용,여,51세,상해없음
2014091600100541,2014년 9월 16일 22시,화요일,강원도 춘천시 퇴계동,경상사고,0,0,1,0,차대차 - 기타,안전운전불이행,건조,맑음,단일로 - 기타,승용,남,51세,상해없음,승용,남,63세,경상
2014091600100566,2014년 9월 16일 23시,화요일,강원도 강릉시 남문동,경상사고,0,0,1,0,차대사람 - 기타,신호위반,건조,맑음,교차로 - 교차로안,승용,남,35세,상해없음,보행자,여,44세,경상
2014091700100040,2014년 9월 17일 02시,수요일,강원도 강릉시 교동,경상사고,0,0,3,0,차대차 - 측면직각충돌,안전운전불이행,건조,맑음,단일로 - 기타,승용,남,24세,상해없음,승용,남,28세,경상
2014091700100049,2014년 9월 17일 03시,수요일,강원도 원주시 문막읍,중상사고,0,1,0,0,차대차 - 추돌 - 진행중,안전운전불이행,건조,맑음,단일로 - 기타,화물,남,44세,상해없음,화물,남,45세,중상
2014091700100070,2014년 9월 17일 05시,수요일,강원도 원주시 무실동,경상사고,0,0,1,0,차대차 - 측면직각충돌,신호위반,건조,맑음,교차로 - 교차로안,승용,남,32세,상해없음,승용,여,42세,경상
2014091700100081,2014년 9월 17일 06시,수요일,강원도 정선군 사북읍,경상사고,0,0,1,0,차대차 - 측면직각충돌,안전운전불이행,건조,맑음,단일로 - 기타,승합,남,61세,상해없음,승용,남,37세,경상
2014091700100135,2014년 9월 17일 08시,수요일,강원도 영월군 영월읍,중상사고,0,2,0,0,차대차 - 측면직각충돌,교차로운행방법위반,건조,맑음,교차로 - 교차로안,승용,남,56세,상해없음,승합,남,40세,상해없음
2014091700100188,2014년 9월 17일 10시,수요일,강원도 춘천시 온의동,경상사고,0,0,2,0,차대차 - 추돌 - 진행중,안전거리미확보,건조,맑음,단일로 - 기타,승용,남,62세,상해없음,승용,남,66세,경상
2014091700100189,2014년 9월 17일 10시,수요일,강원도 춘천시 후평동,경상사고,0,0,2,0,차대차 - 측면직각충돌,교차로운행방법위반,건조,맑음,교차로 - 교차로안,승용,남,57세,상해없음,승용,남,62세,경상
2014091700100212,2014년 9월 17일 11시,수요일,강원도 원주시 개운동,경상사고,0,0,1,0,차량단독 - 기타,안전운전불이행,건조,맑음,단일로 - 기타,이륜,남,53세,경상,,,,
2014091700100276,2014년 9월 17일 13시,수요일,강원도 강릉시 포남동,경상사고,0,0,1,0,차대사람 - 기타,안전운전불이행,건조,맑음,단일로 - 기타,승용,남,84세,상해없음,보행자,남,57세,경상
2014091700100277,2014년 9월 17일 13시,수요일,강원도 원주시 중앙동,경상사고,0,0,1,0,차대차 - 기타,신호위반,건조,맑음,교차로 - 교차로안,승용,여,45세,상해없음,승용,남,38세,경상
2014091700100309,2014년 9월 17일 14시,수요일,강원도 강릉시 주문진읍,경상사고,0,0,1,0,차대사람 - 기타,안전운전불이행,습기,흐림,교차로 - 교차로부근,승합,남,30세,상해없음,보행자,남,54세,경상
2014091700100310,2014년 9월 17일 14시,수요일,강원도 강릉시 홍제동,경상사고,0,0,2,0,차대차 - 기타,안전거리미확보,습기,비,단일로 - 기타,건설기계,남,44세,상해없음,승용,남,54세,경상
2014091700100311,2014년 9월 17일 14시,수요일,강원도 원주시 무실동,중상사고,0,1,0,0,차대차 - 기타,안전거리미확보,건조,맑음,교차로 - 교차로부근,화물,남,49세,상해없음,승용,여,55세,중상
2014091700100312,2014년 9월 17일 14시,수요일,강원도 화천군 화천읍,경상사고,0,0,1,0,차대차 - 측면직각충돌,신호위반,건조,맑음,교차로 - 교차로안,자전거,여,73세,경상,화물,남,50세,상해없음
2014091700100313,2014년 9월 17일 14시,수요일,강원도 철원군 동송읍,경상사고,0,0,1,0,차대차 - 기타,안전운전불이행,건조,맑음,교차로 - 교차로안,화물,남,59세,상해없음,자전거,남,81세,경상
2014091700100337,2014년 9월 17일 15시,수요일,강원도 속초시 영랑동,경상사고,0,0,1,0,차대차 - 측면직각충돌,교차로운행방법위반,건조,흐림,교차로 - 교차로부근,승용,남,81세,상해없음,승용,남,69세,경상
2014091700100338,2014년 9월 17일 15시,수요일,강원도 양양군 서면,경상사고,0,0,1,0,차량단독 - 기타,안전운전불이행,건조,맑음,교차로 - 교차로부근,화물,남,58세,상해없음,,,,
2014091700100339,2014년 9월 17일 15시,수요일,강원도 태백시 문곡동,경상사고,0,0,1,0,차대차 - 추돌 - 진행중,안전거리미확보,건조,맑음,단일로 - 기타,승용,남,61세,상해없음,승용,여,52세,경상
2014091700100366,2014년 9월 17일 16시,수요일,강원도 원주시 명륜동,경상사고,0,0,1,0,차대사람 - 기타,안전운전불이행,건조,맑음,단일로 - 기타,자전거,여,5세,상해없음,보행자,여,79세,경상
2014091700100367,2014년 9월 17일 16시,수요일,강원도 양양군 양양읍,중상사고,0,1,0,0,차대사람 - 횡단중,안전운전불이행,습기,비,단일로 - 기타,승용,남,42세,상해없음,보행자,남,6세,중상
2014091700100405,2014년 9월 17일 17시,수요일,강원도 춘천시 중앙로2가,경상사고,0,0,1,0,차대사람 - 횡단중,안전운전불이행,건조,맑음,단일로 - 횡단보도부근,승용,남,46세,상해없음,보행자,여,78세,경상
2014091700100406,2014년 9월 17일 17시,수요일,강원도 속초시 교동,경상사고,0,0,2,0,차대차 - 측면직각충돌,신호위반,습기,흐림,교차로 - 교차로부근,승용,남,42세,상해없음,자전거,남,14세,경상
2014091700100407,2014년 9월 17일 17시,수요일,강원도 정선군 남면,경상사고,0,0,1,0,차대사람 - 기타,안전운전불이행,건조,맑음,단일로 - 기타,승합,남,60세,상해없음,보행자,남,72세,경상
2014091700100508,2014년 9월 17일 19시,수요일,강원도 춘천시 동내면,경상사고,0,0,1,0,차대차 - 기타,안전운전불이행,건조,맑음,단일로 - 기타,승합,남,64세,상해없음,승용,여,46세,경상
2014091700100509,2014년 9월 17일 19시,수요일,강원도 원주시 학성동,경상사고,0,0,1,0,차대사람 - 기타,기타,건조,맑음,단일로 - 기타,승합,남,57세,상해없음,보행자,남,58세,경상
2014091700100510,2014년 9월 17일 19시,수요일,강원도 동해시 효가동,경상사고,0,0,2,0,차대차 - 추돌 - 진행중,안전거리미확보,습기,비,단일로 - 기타,건설기계,남,51세,상해없음,화물,남,50세,경상
2014091700100555,2014년 9월 17일 20시,수요일,강원도 강릉시 입암동,경상사고,0,0,2,0,차대차 - 기타,안전운전불이행,습기,비,단일로 - 기타,승용,남,38세,상해없음,승용,남,54세,경상
2014091700100556,2014년 9월 17일 20시,수요일,강원도 원주시 판부면,경상사고,0,0,9,0,차대차 - 추돌 - 주정차중,안전거리미확보,건조,맑음,단일로 - 기타,승합,남,46세,상해없음,승합,남,44세,경상
2014091700100557,2014년 9월 17일 20시,수요일,강원도 삼척시 오분동,중상사고,0,1,0,0,차대사람 - 기타,안전운전불이행,습기,비,교차로 - 교차로안,승용,남,67세,상해없음,보행자,남,44세,중상
2014091700100558,2014년 9월 17일 20시,수요일,강원도 삼척시 마달동,경상사고,0,0,1,0,차대차 - 추돌 - 진행중,안전거리미확보,습기,비,교차로 - 교차로부근,건설기계,남,43세,상해없음,승용,남,57세,경상
2014091700100585,2014년 9월 17일 21시,수요일,강원도 원주시 단계동,경상사고,0,0,2,0,차대차 - 측면직각충돌,안전운전불이행,건조,맑음,교차로 - 교차로안,승용,남,52세,상해없음,승용,여,38세,경상
2014091800100073,2014년 9월 18일 06시,목요일,강원도 삼척시 교동,경상사고,0,0,1,0,차대차 - 측면직각충돌,안전운전불이행,건조,맑음,단일로 - 기타,승용,남,61세,상해없음,승용,남,57세,경상
2014091800100093,2014년 9월 18일 07시,목요일,강원도 정선군 임계면,경상사고,0,0,2,0,차대차 - 측면직각충돌,안전운전불이행,건조,맑음,단일로 - 기타,승합,여,49세,상해없음,승용,남,38세,경상
2014091800100136,2014년 9월 18일 08시,목요일,강원도 춘천시 교동,경상사고,0,0,3,0,차대차 - 기타,교차로운행방법위반,건조,맑음,교차로 - 교차로부근,승용,남,61세,상해없음,승용,여,44세,경상
2014091800100137,2014년 9월 18일 08시,목요일,강원도 강릉시 성남동,중상사고,0,1,0,0,차대사람 - 기타,안전운전불이행,건조,맑음,기타 - 기타,승용,여,52세,상해없음,보행자,여,76세,중상
2014091800100162,2014년 9월 18일 09시,목요일,강원도 홍천군 홍천읍,경상사고,0,0,1,0,차대차 - 기타,교차로운행방법위반,건조,맑음,교차로 - 교차로안,승용,여,43세,상해없음,승용,여,59세,경상
2014091800100194,2014년 9월 18일 10시,목요일,강원도 강릉시 죽헌동,중상사고,0,2,2,0,차대차 - 추돌 - 주정차중,안전운전불이행,기타,기타,단일로 - 기타,승용,여,42세,중상,승용,여,48세,경상
2014091800100195,2014년 9월 18일 10시,목요일,강원도 삼척시 원덕읍,경상사고,0,0,1,0,차대차 - 기타,안전운전불이행,건조,맑음,교차로 - 교차로안,승용,남,30세,상해없음,화물,남,47세,경상
2014091800100273,2014년 9월 18일 13시,목요일,강원도 춘천시 근화동,경상사고,0,0,1,0,차대차 - 기타,안전운전불이행,건조,맑음,단일로 - 기타,승용,남,38세,상해없음,자전거,여,56세,경상
2014091800100274,2014년 9월 18일 13시,목요일,강원도 강릉시 입암동,경상사고,0,0,1,0,차대차 - 추돌 - 진행중,안전운전불이행,건조,맑음,단일로 - 기타,승용,남,74세,상해없음,자전거,남,63세,경상
2014091800100302,2014년 9월 18일 14시,목요일,강원도 홍천군 홍천읍,중상사고,0,1,0,0,차대사람 - 기타,보행자보호의무위반,건조,맑음,단일로 - 횡단보도상,승용,남,59세,상해없음,보행자,여,60세,중상
2014091800100332,2014년 9월 18일 15시,목요일,강원도 춘천시 옥천동,경상사고,0,0,1,0,차대차 - 기타,안전운전불이행,건조,맑음,단일로 - 기타,건설기계,남,54세,상해없음,승용,남,55세,경상
2014091800100333,2014년 9월 18일 15시,목요일,강원도 속초시 청학동,경상사고,0,0,2,0,차대차 - 측면직각충돌,안전운전불이행,건조,맑음,교차로 - 교차로안,승합,남,53세,경상,승용,여,46세,경상
2014091800100374,2014년 9월 18일 16시,목요일,강원도 춘천시 동면,중상사고,0,3,2,0,차대차 - 측면직각충돌,중앙선침범,건조,맑음,단일로 - 기타,승용,여,61세,상해없음,화물,남,64세,경상
2014091800100375,2014년 9월 18일 16시,목요일,강원도 동해시 효가동,중상사고,0,1,0,0,차대차 - 측면직각충돌,안전운전불이행,건조,맑음,교차로 - 교차로안,승용,남,60세,상해없음,원동기,여,71세,중상
2014091800100376,2014년 9월 18일 16시,목요일,강원도 동해시 효가동,경상사고,0,0,2,0,차대차 - 추돌 - 진행중,안전거리미확보,건조,맑음,단일로 - 기타,승용,남,42세,상해없음,승용,남,35세,경상
2014091800100413,2014년 9월 18일 17시,목요일,강원도 원주시 개운동,경상사고,0,0,2,1,차대차 - 기타,안전운전불이행,건조,맑음,교차로 - 교차로부근,승용,여,50세,기타불명,승합,남,39세,상해없음
2014091800100453,2014년 9월 18일 18시,목요일,강원도 정선군 고한읍,경상사고,0,0,1,0,차대차 - 측면직각충돌,안전운전불이행,습기,흐림,교차로 - 교차로안,승합,남,76세,상해없음,승용,여,34세,경상
2014091800100492,2014년 9월 18일 19시,목요일,강원도 원주시 우산동,경상사고,0,0,3,0,차대차 - 기타,교차로운행방법위반,건조,맑음,교차로 - 교차로안,승용,남,55세,상해없음,승합,남,58세,상해없음
2014091800100493,2014년 9월 18일 19시,목요일,강원도 원주시 단구동,경상사고,0,0,1,0,차대사람 - 횡단중,보행자보호의무위반,건조,맑음,교차로 - 교차로안,승용,여,53세,상해없음,보행자,여,15세,경상
2014091800100608,2014년 9월 18일 22시,목요일,강원도 강릉시 포남동,경상사고,0,0,4,0,차대차 - 기타,안전운전불이행,건조,맑음,단일로 - 기타,승용,남,38세,상해없음,승용,여,57세,경상
2014091900100037,2014년 9월 19일 01시,금요일,강원도 원주시 무실동,경상사고,0,0,3,1,차대차 - 측면직각충돌,신호위반,건조,맑음,교차로 - 교차로안,승용,남,51세,부상신고,승용,여,51세,경상
2014091900100048,2014년 9월 19일 02시,금요일,강원도 태백시 황지동,경상사고,0,0,1,0,차대차 - 기타,교차로운행방법위반,건조,맑음,교차로 - 교차로안,승용,여,43세,상해없음,승용,남,52세,경상
2014091900100052,2014년 9월 19일 03시,금요일,강원도 강릉시 주문진읍,경상사고,0,0,1,0,차대차 - 기타,신호위반,건조,맑음,교차로 - 교차로안,승용,남,23세,상해없음,승용,남,52세,경상
2014091900100070,2014년 9월 19일 05시,금요일,강원도 삼척시 남양동,중상사고,0,2,2,0,차대차 - 기타,안전운전불이행,건조,맑음,교차로 - 교차로안,화물,남,59세,상해없음,화물,남,56세,중상
2014091900100112,2014년 9월 19일 07시,금요일,강원도 춘천시 약사동,중상사고,0,1,0,0,차대차 - 측면직각충돌,안전운전불이행,건조,맑음,단일로 - 기타,자전거,남,82세,중상,화물,남,42세,상해없음
2014091900100113,2014년 9월 19일 07시,금요일,강원도 강릉시 입암동,경상사고,0,0,2,0,차대차 - 측면직각충돌,안전운전불이행,건조,맑음,교차로 - 교차로안,승용,남,35세,상해없음,자전거,남,13세,경상
2014091900100114,2014년 9월 19일 07시,금요일,강원도 원주시 일산동,경상사고,0,0,1,0,차대차 - 기타,안전운전불이행,건조,맑음,교차로 - 교차로안,승용,여,58세,상해없음,자전거,여,57세,경상
2014091900100115,2014년 9월 19일 07시,금요일,강원도 삼척시 남양동,경상사고,0,0,1,0,차대차 - 기타,안전운전불이행,건조,맑음,단일로 - 기타,승합,남,69세,상해없음,승용,남,30세,경상
2014091900100161,2014년 9월 19일 08시,금요일,강원도 인제군 북면,경상사고,0,0,2,0,차대차 - 정면충돌,중앙선침범,건조,맑음,단일로 - 기타,승용,남,48세,상해없음,승용,남,57세,경상
2014091900100196,2014년 9월 19일 09시,금요일,강원도 춘천시 효자동,경상사고,0,0,1,0,차대차 - 기타,안전운전불이행,건조,맑음,교차로 - 교차로안,승용,여,41세,상해없음,승합,남,59세,경상
2014091900100197,2014년 9월 19일 09시,금요일,강원도 강릉시 남문동,중상사고,0,1,0,0,차대사람 - 기타,보행자보호의무위반,건조,맑음,단일로 - 기타,승용,여,23세,상해없음,보행자,남,79세,중상
2014091900100232,2014년 9월 19일 10시,금요일,강원도 철원군 철원읍,경상사고,0,0,1,0,차대사람 - 기타,안전운전불이행,건조,맑음,단일로 - 기타,승용,남,37세,상해없음,보행자,여,59세,경상
2014091900100280,2014년 9월 19일 12시,금요일,강원도 횡성군 횡성읍,중상사고,0,1,0,0,차대차 - 기타,차로위반,건조,맑음,단일로 - 교량,승용,여,48세,상해없음,승용,여,27세,중상
2014091900100281,2014년 9월 19일 12시,금요일,강원도 강릉시 옥계면,중상사고,0,1,0,0,차대차 - 추돌 - 진행중,안전운전불이행,건조,맑음,기타 - 기타,화물,남,21세,상해없음,승용,남,29세,중상
2014091900100316,2014년 9월 19일 13시,금요일,강원도 원주시 무실동,경상사고,0,0,1,0,차대차 - 기타,안전운전불이행,건조,맑음,교차로 - 교차로안,승용,여,50세,상해없음,승용,여,44세,경상
2014091900100458,2014년 9월 19일 17시,금요일,강원도 원주시 개운동,경상사고,0,0,1,0,차대차 - 추돌 - 진행중,안전운전불이행,건조,맑음,단일로 - 기타,승용,남,56세,상해없음,승합,여,41세,경상
2014091900100459,2014년 9월 19일 17시,금요일,강원도 원주시 태장동,경상사고,0,0,1,0,차대사람 - 기타,안전운전불이행,건조,맑음,단일로 - 기타,승용,남,39세,상해없음,보행자,여,1세,경상
2014091900100460,2014년 9월 19일 17시,금요일,강원도 정선군 정선읍,중상사고,0,1,0,0,차대사람 - 기타,보행자보호의무위반,건조,맑음,교차로 - 교차로부근,화물,남,51세,상해없음,보행자,여,66세,중상
2014091900100501,2014년 9월 19일 18시,금요일,강원도 원주시 단구동,경상사고,0,0,1,0,차대차 - 기타,안전운전불이행,건조,맑음,교차로 - 교차로안,승용,여,60세,상해없음,승용,여,53세,경상
2014091900100558,2014년 9월 19일 19시,금요일,강원도 양구군 양구읍,사망사고,1,0,0,0,차량단독 - 전도전복,안전운전불이행,건조,맑음,교차로 - 교차로부근,승용,남,35세,상해없음,,,,
2014091900100559,2014년 9월 19일 19시,금요일,강원도 동해시 부곡동,경상사고,0,0,1,0,차대차 - 기타,안전거리미확보,건조,흐림,단일로 - 기타,승용,남,20세,상해없음,승용,남,40세,상해없음
2014091900100608,2014년 9월 19일 20시,금요일,강원도 춘천시 근화동,경상사고,0,0,1,0,차대차 - 측면직각충돌,안전운전불이행,건조,기타,단일로 - 횡단보도상,승용,남,26세,상해없음,자전거,남,5세,경상
2014091900100609,2014년 9월 19일 20시,금요일,강원도 춘천시 효자동,경상사고,0,0,1,0,차대차 - 측면직각충돌,중앙선침범,건조,맑음,교차로 - 교차로부근,승용,여,53세,상해없음,이륜,남,49세,경상
2014091900100653,2014년 9월 19일 21시,금요일,강원도 원주시 반곡동,경상사고,0,0,1,0,차대차 - 측면직각충돌,교차로운행방법위반,건조,맑음,교차로 - 교차로안,이륜,남,30세,경상,승용,남,43세,기타불명
2014091900100654,2014년 9월 19일 21시,금요일,강원도 원주시 명륜동,경상사고,0,0,1,0,차대사람 - 보도통행중,안전운전불이행,건조,맑음,단일로 - 기타,원동기,기타불명,기타불명,기타불명,보행자,남,52세,경상
2014091900100687,2014년 9월 19일 22시,금요일,강원도 춘천시 운교동,부상신고사고,0,0,0,1,차대사람 - 기타,안전운전불이행,건조,맑음,단일로 - 기타,승용,여,50세,상해없음,보행자,남,66세,부상신고
2014091900100688,2014년 9월 19일 22시,금요일,강원도 원주시 무실동,경상사고,0,0,2,0,차대차 - 추돌 - 진행중,신호위반,건조,맑음,교차로 - 교차로안,승용,남,32세,상해없음,승용,남,65세,경상
2014091900100689,2014년 9월 19일 22시,금요일,강원도 원주시 단계동,중상사고,0,4,0,0,차대차 - 추돌 - 주정차중,안전거리미확보,건조,맑음,단일로 - 기타,승용,남,45세,상해없음,승합,남,36세,중상
2014091900100690,2014년 9월 19일 22시,금요일,강원도 속초시 동명동,중상사고,0,1,1,0,차대차 - 측면직각충돌,안전운전불이행,건조,맑음,교차로 - 교차로안,승용,남,49세,상해없음,승용,남,55세,중상
2014091900100726,2014년 9월 19일 23시,금요일,강원도 동해시 나안동,경상사고,0,0,1,0,차대사람 - 기타,안전운전불이행,건조,맑음,단일로 - 기타,승용,남,46세,상해없음,보행자,남,23세,경상
2014092000100014,2014년 9월 20일 00시,토요일,강원도 태백시 화전동,중상사고,0,1,2,0,차대차 - 정면충돌,중앙선침범,건조,맑음,단일로 - 기타,승용,남,54세,상해없음,승용,남,30세,경상
2014092000100109,2014년 9월 20일 05시,토요일,강원도 춘천시 동산면,중상사고,0,1,0,0,차량단독 - 기타,안전운전불이행,건조,맑음,단일로 - 기타,승용,여,45세,상해없음,,,,
2014092000100156,2014년 9월 20일 07시,토요일,강원도 영월군 한반도면,부상신고사고,0,0,0,1,차대차 - 기타,안전거리미확보,건조,맑음,단일로 - 기타,승용,여,49세,부상신고,승용,남,43세,상해없음
2014092000100175,2014년 9월 20일 08시,토요일,강원도 춘천시 후평동,경상사고,0,0,1,0,차대차 - 기타,안전운전불이행,건조,맑음,단일로 - 기타,승용,남,22세,상해없음,승용,남,26세,경상
2014092000100176,2014년 9월 20일 08시,토요일,강원도 속초시 조양동,중상사고,0,1,0,0,차대차 - 측면직각충돌,교차로운행방법위반,건조,맑음,교차로 - 교차로안,화물,남,72세,상해없음,화물,남,45세,중상
2014092000100236,2014년 9월 20일 10시,토요일,강원도 원주시 반곡동,경상사고,0,0,1,0,차대차 - 추돌 - 진행중,안전운전불이행,건조,맑음,교차로 - 교차로안,승용,남,28세,상해없음,승용,남,35세,경상
2014092000100266,2014년 9월 20일 11시,토요일,강원도 속초시 청호동,중상사고,0,1,0,0,차대차 - 측면직각충돌,직진우회전진행방해,건조,맑음,교차로 - 교차로안,건설기계,남,58세,상해없음,원동기,남,26세,중상
2014092000100304,2014년 9월 20일 12시,토요일,강원도 원주시 무실동,경상사고,0,0,2,0,차대차 - 측면직각충돌,신호위반,건조,맑음,교차로 - 교차로안,승용,남,29세,상해없음,승용,남,39세,경상
2014092000100305,2014년 9월 20일 12시,토요일,강원도 원주시 태장동,경상사고,0,0,1,0,차대차 - 기타,안전운전불이행,건조,맑음,단일로 - 기타,승용,여,45세,상해없음,자전거,여,51세,경상
2014092000100306,2014년 9월 20일 12시,토요일,강원도 동해시 천곡동,경상사고,0,0,1,0,차대사람 - 기타,안전운전불이행,건조,맑음,단일로 - 기타,승용,기타불명,기타불명,기타불명,보행자,남,28세,경상
2014092000100342,2014년 9월 20일 13시,토요일,강원도 강릉시 강동면,중상사고,0,1,0,0,차대차 - 추돌 - 주정차중,안전운전불이행,건조,맑음,단일로 - 기타,승용,남,29세,상해없음,화물,남,52세,기타불명
2014092000100343,2014년 9월 20일 13시,토요일,강원도 태백시 황지동,경상사고,0,0,1,0,차대사람 - 기타,보행자보호의무위반,건조,맑음,기타 - 기타,승용,남,45세,상해없음,보행자,남,40세,경상
2014092000100438,2014년 9월 20일 15시,토요일,강원도 춘천시 우두동,경상사고,0,0,1,0,차대차 - 측면직각충돌,교차로운행방법위반,건조,맑음,교차로 - 교차로안,이륜,남,43세,상해없음,승용,남,35세,경상
2014092000100439,2014년 9월 20일 15시,토요일,강원도 강릉시 주문진읍,중상사고,0,1,0,0,차대차 - 측면직각충돌,안전운전불이행,건조,맑음,교차로 - 교차로부근,승합,남,37세,상해없음,이륜,남,57세,중상
2014092000100440,2014년 9월 20일 15시,토요일,강원도 동해시 이도동,경상사고,0,0,1,0,차대차 - 정면충돌,중앙선침범,건조,맑음,단일로 - 기타,승용,여,49세,상해없음,승용,여,55세,경상
2014092000100476,2014년 9월 20일 16시,토요일,강원도 강릉시 교동,중상사고,0,1,0,0,차대차 - 기타,기타,건조,맑음,단일로 - 기타,승용,남,57세,상해없음,자전거,남,21세,중상
2014092000100477,2014년 9월 20일 16시,토요일,강원도 홍천군 홍천읍,경상사고,0,0,2,0,차대차 - 기타,안전운전불이행,건조,맑음,교차로 - 교차로안,승용,여,34세,경상,승용,남,48세,상해없음
2014092000100513,2014년 9월 20일 17시,토요일,강원도 강릉시 주문진읍,경상사고,0,0,1,0,차대차 - 기타,안전운전불이행,건조,맑음,단일로 - 기타,승용,남,43세,상해없음,자전거,남,62세,경상
2014092000100514,2014년 9월 20일 17시,토요일,강원도 속초시 조양동,경상사고,0,0,1,0,차대차 - 측면직각충돌,직진우회전진행방해,건조,맑음,교차로 - 교차로안,승용,남,50세,상해없음,승용,남,25세,경상
2014092000100555,2014년 9월 20일 18시,토요일,강원도 화천군 간동면,중상사고,0,1,0,0,차대사람 - 길가장자리구역통행중,기타,건조,맑음,교차로 - 교차로안,화물,남,57세,상해없음,보행자,여,67세,중상
2014092000100556,2014년 9월 20일 18시,토요일,강원도 태백시 황지동,중상사고,0,1,0,0,차대사람 - 보도통행중,보행자보호의무위반,건조,맑음,단일로 - 기타,원동기,남,18세,상해없음,보행자,여,67세,중상