사고번호,사고일시,요일,시군구,사고내용,사망자수,중상자수,경상자수,부상신고자수,사고유형,법규위반,노면상태,기상상태,도로형태,가해운전자 차종,가해운전자 성별,가해운전자 연령,가해운전자 상해정도,피해운전자 차종,피해운전자 성별,피해운전자 연령,피해운전자 상해정도
2014092000100602,2014년 9월 20일 19시,토요일,강원도 원주시 단계동,경상사고,0,0,2,0,차대차 - 측면직각충돌,신호위반,건조,맑음,교차로 - 교차로안,승합,남,52세,상해없음,승용,남,50세,경상
2014092000100603,2014년 9월 20일 19시,토요일,강원도 속초시 교동,경상사고,0,0,1,0,차대사람 - 길가장자리구역통행중,안전운전불이행,건조,맑음,교차로 - 교차로부근,승용,남,39세,상해없음,보행자,남,58세,경상
2014092000100604,2014년 9월 20일 19시,토요일,강원도 태백시 황지동,경상사고,0,0,1,0,차대차 - 기타,안전운전불이행,건조,맑음,교차로 - 교차로부근,승용,남,53세,상해없음,승용,남,63세,경상
2014092000100674,2014년 9월 20일 21시,토요일,강원도 춘천시 퇴계동,경상사고,0,0,1,0,차대차 - 기타,안전거리미확보,건조,맑음,단일로 - 기타,승용,남,52세,상해없음,승용,남,31세,경상
2014092000100675,2014년 9월 20일 21시,토요일,강원도 춘천시 근화동,경상사고,0,0,1,0,차대차 - 기타,안전운전불이행,건조,맑음,교차로 - 교차로부근,기타불명,기타불명,기타불명,기타불명,자전거,여,50세,경상
2014092000100713,2014년 9월 20일 22시,토요일,강원도 태백시 황지동,경상사고,0,0,1,0,차대사람 - 기타,보행자보호의무위반,건조,맑음,교차로 - 교차로안,승용,남,51세,상해없음,보행자,남,45세,경상
2014092000100746,2014년 9월 20일 23시,토요일,강원도 원주시 인동,중상사고,0,1,0,0,차대차 - 측면직각충돌,신호위반,건조,맑음,교차로 - 교차로안,승용,남,63세,상해없음,승용,남,34세,중상
2014092100100050,2014년 9월 21일 02시,일요일,강원도 원주시 단구동,경상사고,0,0,2,0,차대차 - 추돌 - 주정차중,안전운전불이행,건조,맑음,교차로 - 교차로부근,승용,남,26세,상해없음,이륜,남,16세,경상
2014092100100090,2014년 9월 21일 06시,일요일,강원도 삼척시 가곡면,중상사고,0,1,0,0,차대사람 - 횡단중,안전운전불이행,건조,맑음,단일로 - 기타,승용,여,36세,상해없음,보행자,여,74세,중상
2014092100100091,2014년 9월 21일 06시,일요일,강원도 정선군 신동읍,경상사고,0,0,2,0,차대차 - 추돌 - 진행중,과속,건조,맑음,교차로 - 교차로부근,승용,남,50세,상해없음,승용,여,38세,경상
2014092100100115,2014년 9월 21일 07시,일요일,강원도 고성군 현내면,경상사고,0,0,3,0,차대차 - 측면직각충돌,안전운전불이행,건조,맑음,교차로 - 교차로안,승용,여,49세,상해없음,승용,남,42세,경상
2014092100100128,2014년 9월 21일 08시,일요일,강원도 속초시 교동,중상사고,0,1,0,0,차대차 - 추돌 - 진행중,안전운전불이행,건조,맑음,단일로 - 기타,승용,남,55세,상해없음,자전거,남,30세,중상
2014092100100166,2014년 9월 21일 10시,일요일,강원도 원주시 무실동,경상사고,0,0,2,0,차대차 - 측면직각충돌,직진우회전진행방해,건조,맑음,교차로 - 교차로안,승용,여,46세,상해없음,승용,남,53세,경상
2014092100100194,2014년 9월 21일 11시,일요일,강원도 원주시 명륜동,경상사고,0,0,3,0,차대차 - 기타,교차로운행방법위반,건조,맑음,교차로 - 교차로안,승용,여,25세,경상,승용,남,47세,경상
2014092100100230,2014년 9월 21일 13시,일요일,강원도 춘천시 교동,경상사고,0,0,1,0,차대차 - 추돌 - 진행중,안전운전불이행,건조,맑음,단일로 - 기타,승용,남,31세,상해없음,승용,남,26세,상해없음
2014092100100231,2014년 9월 21일 13시,일요일,강원도 삼척시 오분동,경상사고,0,0,2,0,차대차 - 추돌 - 진행중,안전거리미확보,건조,맑음,단일로 - 기타,화물,남,52세,상해없음,승용,남,61세,경상
2014092100100232,2014년 9월 21일 13시,일요일,강원도 동해시 천곡동,경상사고,0,0,3,0,차대차 - 기타,안전운전불이행,건조,맑음,단일로 - 기타,승용,남,75세,상해없음,승용,남,27세,상해없음
2014092100100279,2014년 9월 21일 14시,일요일,강원도 원주시 신림면,경상사고,0,0,1,0,차량단독 - 공작물충돌,안전운전불이행,건조,맑음,단일로 - 기타,승합,남,54세,상해없음,,,,
2014092100100280,2014년 9월 21일 14시,일요일,강원도 속초시 금호동,경상사고,0,0,1,0,차대차 - 추돌 - 주정차중,안전운전불이행,건조,맑음,단일로 - 기타,승용,남,42세,상해없음,승용,여,39세,경상
2014092100100281,2014년 9월 21일 14시,일요일,강원도 홍천군 서면,중상사고,0,1,1,0,차대차 - 기타,중앙선침범,건조,맑음,단일로 - 기타,화물,남,51세,상해없음,승용,남,49세,경상
2014092100100282,2014년 9월 21일 14시,일요일,강원도 횡성군 둔내면,중상사고,0,2,4,0,차대차 - 추돌 - 주정차중,안전운전불이행,건조,맑음,기타 - 기타,승용,남,34세,상해없음,승용,남,23세,중상
2014092100100311,2014년 9월 21일 15시,일요일,강원도 원주시 지정면,중상사고,0,1,1,0,차대차 - 측면직각충돌,직진우회전진행방해,건조,맑음,교차로 - 교차로안,승용,남,50세,경상,승용,남,31세,중상
2014092100100312,2014년 9월 21일 15시,일요일,강원도 동해시 묵호진동,중상사고,0,1,0,0,차대차 - 기타,안전운전불이행,건조,맑음,교차로 - 교차로안,승용,남,55세,상해없음,이륜,남,74세,중상
2014092100100392,2014년 9월 21일 18시,일요일,강원도 춘천시 중앙로2가,경상사고,0,0,1,0,차대사람 - 횡단중,안전운전불이행,건조,맑음,단일로 - 횡단보도상,승용,남,36세,상해없음,보행자,남,52세,경상
2014092100100393,2014년 9월 21일 18시,일요일,강원도 춘천시 후평동,중상사고,0,1,0,0,차대사람 - 기타,안전운전불이행,건조,맑음,교차로 - 교차로안,승용,남,70세,상해없음,보행자,여,70세,중상
2014092100100394,2014년 9월 21일 18시,일요일,강원도 춘천시 온의동,경상사고,0,0,1,0,차대차 - 측면직각충돌,기타,건조,맑음,단일로 - 기타,승용,남,34세,상해없음,승용,남,51세,상해없음
2014092100100432,2014년 9월 21일 19시,일요일,강원도 춘천시 근화동,경상사고,0,0,1,0,차대차 - 기타,기타,건조,맑음,교차로 - 교차로부근,승용,남,74세,상해없음,자전거,남,15세,경상
2014092100100433,2014년 9월 21일 19시,일요일,강원도 원주시 단계동,경상사고,0,0,2,0,차대차 - 기타,교차로운행방법위반,건조,맑음,교차로 - 교차로안,승용,남,74세,상해없음,승용,여,56세,경상
2014092100100434,2014년 9월 21일 19시,일요일,강원도 삼척시 근덕면,중상사고,0,1,0,0,차대차 - 정면충돌,중앙선침범,건조,맑음,단일로 - 교량,승용,남,40세,상해없음,자전거,남,63세,중상
2014092100100564,2014년 9월 21일 23시,일요일,강원도 춘천시 퇴계동,경상사고,0,0,1,0,차대차 - 측면직각충돌,중앙선침범,건조,맑음,교차로 - 교차로안,승용,남,38세,상해없음,승용,남,51세,경상
2014092100100565,2014년 9월 21일 23시,일요일,강원도 속초시 교동,경상사고,0,0,2,0,차대차 - 측면직각충돌,신호위반,건조,맑음,교차로 - 교차로안,화물,남,32세,상해없음,승용,남,38세,경상
2014092200100113,2014년 9월 22일 08시,월요일,강원도 강릉시 초당동,경상사고,0,0,1,0,차대차 - 측면직각충돌,신호위반,건조,맑음,교차로 - 교차로안,승용,여,46세,상해없음,승용,남,39세,경상
2014092200100114,2014년 9월 22일 08시,월요일,강원도 원주시 단계동,경상사고,0,0,3,0,차대차 - 기타,교차로운행방법위반,건조,맑음,교차로 - 교차로안,승용,남,56세,경상,승용,남,60세,경상
2014092200100115,2014년 9월 22일 08시,월요일,강원도 동해시 천곡동,경상사고,0,0,1,0,차대차 - 추돌 - 주정차중,안전운전불이행,건조,맑음,교차로 - 교차로부근,승용,남,55세,상해없음,승용,여,67세,경상
2014092200100150,2014년 9월 22일 09시,월요일,강원도 원주시 태장동,경상사고,0,0,2,0,차대차 - 추돌 - 주정차중,안전거리미확보,건조,맑음,교차로 - 교차로안,승용,여,43세,상해없음,화물,남,59세,경상
2014092200100179,2014년 9월 22일 10시,월요일,강원도 강릉시 주문진읍,경상사고,0,0,1,0,차대사람 - 횡단중,보행자보호의무위반,건조,맑음,단일로 - 횡단보도상,승용,남,73세,상해없음,보행자,여,5세,경상
2014092200100352,2014년 9월 22일 15시,월요일,강원도 원주시 단계동,경상사고,0,0,1,0,차대차 - 추돌 - 주정차중,안전거리미확보,건조,맑음,교차로 - 교차로부근,승합,여,55세,기타불명,승용,여,41세,경상
2014092200100393,2014년 9월 22일 16시,월요일,강원도 삼척시 근덕면,사망사고,1,0,1,0,차량단독 - 도로외이탈 - 추락,안전운전불이행,건조,맑음,교차로 - 교차로부근,승용,여,55세,경상,,,,
2014092200100394,2014년 9월 22일 16시,월요일,강원도 철원군 철원읍,중상사고,0,2,0,0,차대차 - 측면직각충돌,교차로운행방법위반,건조,맑음,교차로 - 교차로안,승용,여,58세,상해없음,자전거,남,17세,중상
2014092200100427,2014년 9월 22일 17시,월요일,강원도 강릉시 옥천동,경상사고,0,0,3,0,차대차 - 기타,안전운전불이행,건조,맑음,단일로 - 기타,승용,남,66세,상해없음,승용,남,70세,경상
2014092200100428,2014년 9월 22일 17시,월요일,강원도 양양군 양양읍,경상사고,0,0,1,0,차대차 - 추돌 - 진행중,교차로운행방법위반,건조,맑음,교차로 - 교차로안,농기계,남,55세,상해없음,승용,여,61세,경상
2014092200100429,2014년 9월 22일 17시,월요일,강원도 평창군 용평면,경상사고,0,0,3,0,차대차 - 측면직각충돌,안전운전불이행,건조,맑음,교차로 - 교차로안,승용,남,55세,상해없음,화물,남,47세,상해없음
2014092200100430,2014년 9월 22일 17시,월요일,강원도 고성군 간성읍,경상사고,0,0,1,0,차대차 - 추돌 - 진행중,안전운전불이행,건조,맑음,단일로 - 기타,화물,남,60세,상해없음,승용,남,37세,경상
2014092200100479,2014년 9월 22일 18시,월요일,강원도 평창군 평창읍,경상사고,0,0,2,0,차대차 - 기타,안전운전불이행,건조,맑음,교차로 - 교차로안,승용,남,55세,상해없음,승용,남,35세,경상
2014092200100516,2014년 9월 22일 19시,월요일,강원도 원주시 단계동,중상사고,0,2,1,0,차대차 - 기타,신호위반,건조,맑음,교차로 - 교차로안,승합,남,66세,기타불명,승용,남,36세,중상
2014092200100517,2014년 9월 22일 19시,월요일,강원도 평창군 용평면,중상사고,0,1,0,0,차대차 - 정면충돌,중앙선침범,건조,맑음,교차로 - 교차로부근,화물,남,45세,상해없음,승용,여,43세,중상
2014092200100581,2014년 9월 22일 21시,월요일,강원도 원주시 개운동,부상신고사고,0,0,0,1,차대차 - 기타,안전운전불이행,건조,맑음,교차로 - 교차로안,기타불명,기타불명,기타불명,기타불명,자전거,남,16세,부상신고
2014092200100638,2014년 9월 22일 23시,월요일,강원도 강릉시 내곡동,경상사고,0,0,1,0,차대사람 - 기타,안전운전불이행,건조,맑음,교차로 - 교차로안,승용,남,34세,상해없음,보행자,남,22세,경상
2014092300100057,2014년 9월 23일 03시,화요일,강원도 원주시 관설동,중상사고,0,1,1,0,차대차 - 기타,신호위반,건조,맑음,교차로 - 교차로안,승용,남,32세,경상,승용,남,68세,중상
2014092300100062,2014년 9월 23일 04시,화요일,강원도 춘천시 석사동,경상사고,0,0,1,0,차대차 - 측면직각충돌,신호위반,건조,맑음,교차로 - 교차로안,이륜,남,34세,상해없음,승용,남,56세,경상
2014092300100185,2014년 9월 23일 09시,화요일,강원도 춘천시 효자동,경상사고,0,0,1,0,차대차 - 측면직각충돌,안전거리미확보,건조,맑음,단일로 - 기타,승용,남,61세,기타불명,화물,남,44세,경상
2014092300100221,2014년 9월 23일 10시,화요일,강원도 원주시 중앙동,중상사고,0,1,0,0,차대사람 - 기타,기타,건조,맑음,단일로 - 기타,승합,남,50세,기타불명,보행자,여,81세,중상
2014092300100222,2014년 9월 23일 10시,화요일,강원도 횡성군 둔내면,중상사고,0,1,0,0,차대차 - 측면직각충돌,직진우회전진행방해,건조,맑음,교차로 - 교차로안,승용,남,32세,상해없음,승용,여,68세,중상
2014092300100248,2014년 9월 23일 11시,화요일,강원도 태백시 하사미동,중상사고,0,1,0,0,차대차 - 정면충돌,안전운전불이행,건조,맑음,기타 - 기타,승용,남,32세,상해없음,승합,남,54세,중상
2014092300100275,2014년 9월 23일 12시,화요일,강원도 원주시 우산동,경상사고,0,0,1,0,차대사람 - 차도통행중,안전운전불이행,건조,맑음,단일로 - 기타,승용,남,57세,상해없음,보행자,남,23세,경상
2014092300100276,2014년 9월 23일 12시,화요일,강원도 태백시 황지동,경상사고,0,0,2,0,차대차 - 기타,교차로운행방법위반,건조,맑음,교차로 - 교차로안,승용,남,59세,상해없음,승용,남,57세,경상
2014092300100333,2014년 9월 23일 14시,화요일,강원도 원주시 명륜동,경상사고,0,0,1,0,차대차 - 측면직각충돌,중앙선침범,건조,맑음,단일로 - 기타,승용,남,34세,상해없음,승용,남,41세,경상
2014092300100334,2014년 9월 23일 14시,화요일,강원도 횡성군 둔내면,경상사고,0,0,2,0,차대차 - 기타,교차로운행방법위반,건조,맑음,교차로 - 교차로안,승용,남,52세,상해없음,승용,남,74세,경상
2014092300100370,2014년 9월 23일 15시,화요일,강원도 원주시 단구동,경상사고,0,0,1,1,차대차 - 기타,안전운전불이행,건조,맑음,교차로 - 교차로부근,승용,남,63세,상해없음,승용,남,38세,경상
2014092300100404,2014년 9월 23일 16시,화요일,강원도 원주시 반곡동,경상사고,0,0,1,0,차대차 - 기타,안전운전불이행,건조,맑음,단일로 - 기타,승용,남,62세,상해없음,승용,남,30세,경상
2014092300100405,2014년 9월 23일 16시,화요일,강원도 속초시 중앙동,경상사고,0,0,1,0,차대사람 - 보도통행중,기타,건조,맑음,단일로 - 기타,자전거,여,39세,상해없음,보행자,여,60세,경상
2014092300100406,2014년 9월 23일 16시,화요일,강원도 태백시 황지동,부상신고사고,0,0,0,1,차대차 - 추돌 - 주정차중,안전운전불이행,건조,맑음,단일로 - 기타,승용,여,58세,상해없음,화물,남,67세,부상신고
2014092300100446,2014년 9월 23일 17시,화요일,강원도 원주시 반곡동,중상사고,0,3,1,0,차대차 - 기타,안전운전불이행,건조,맑음,기타 - 기타,승용,남,64세,중상,특수,남,49세,상해없음
2014092300100447,2014년 9월 23일 17시,화요일,강원도 동해시 부곡동,중상사고,0,1,2,0,차대사람 - 기타,안전운전불이행,건조,맑음,단일로 - 기타,승합,여,51세,상해없음,보행자,남,18세,경상
2014092300100489,2014년 9월 23일 18시,화요일,강원도 춘천시 사북면,부상신고사고,0,0,0,1,차대차 - 기타,직진우회전진행방해,건조,맑음,교차로 - 교차로안,승용,여,33세,상해없음,화물,남,55세,부상신고
2014092300100490,2014년 9월 23일 18시,화요일,강원도 삼척시 원당동,경상사고,0,0,1,0,차대사람 - 길가장자리구역통행중,안전운전불이행,건조,맑음,단일로 - 기타,자전거,남,32세,상해없음,보행자,남,53세,경상
2014092300100491,2014년 9월 23일 18시,화요일,강원도 횡성군 횡성읍,경상사고,0,0,1,0,차대차 - 기타,안전운전불이행,건조,맑음,교차로 - 교차로안,승용,여,40세,상해없음,승용,남,27세,경상
2014092300100540,2014년 9월 23일 19시,화요일,강원도 춘천시 후평동,경상사고,0,0,1,0,차대차 - 측면직각충돌,교차로운행방법위반,건조,기타,교차로 - 교차로안,승용,남,29세,상해없음,승용,남,22세,경상
2014092300100541,2014년 9월 23일 19시,화요일,강원도 원주시 무실동,경상사고,0,0,1,0,차대차 - 측면직각충돌,교차로운행방법위반,건조,맑음,교차로 - 교차로안,승용,남,49세,상해없음,승용,여,27세,경상
2014092300100542,2014년 9월 23일 19시,화요일,강원도 원주시 개운동,경상사고,0,0,1,0,차대차 - 측면직각충돌,교차로운행방법위반,건조,맑음,교차로 - 교차로안,승합,여,48세,상해없음,이륜,남,45세,경상
2014092300100543,2014년 9월 23일 19시,화요일,강원도 인제군 북면,부상신고사고,0,0,0,1,차대차 - 기타,안전운전불이행,건조,맑음,단일로 - 기타,기타불명,기타불명,기타불명,기타불명,승용,남,45세,부상신고
2014092300100593,2014년 9월 23일 20시,화요일,강원도 원주시 태장동,경상사고,0,0,1,0,차대차 - 기타,안전운전불이행,건조,맑음,교차로 - 교차로안,승용,여,40세,상해없음,승용,남,52세,경상
2014092300100641,2014년 9월 23일 21시,화요일,강원도 춘천시 서면,경상사고,0,0,1,0,차대차 - 추돌 - 진행중,안전거리미확보,건조,기타,교차로 - 교차로부근,승용,남,24세,상해없음,승합,남,46세,경상
2014092300100741,2014년 9월 23일 23시,화요일,강원도 원주시 단계동,경상사고,0,0,1,0,차대차 - 측면직각충돌,교차로운행방법위반,습기,비,교차로 - 교차로안,승용,여,21세,상해없음,승용,여,54세,경상
2014092400100013,2014년 9월 24일 00시,수요일,강원도 원주시 단계동,경상사고,0,0,3,0,차대차 - 측면직각충돌,신호위반,건조,맑음,교차로 - 교차로안,승합,남,27세,상해없음,승용,남,51세,경상
2014092400100043,2014년 9월 24일 01시,수요일,강원도 원주시 단계동,중상사고,0,2,0,0,차대차 - 기타,교차로운행방법위반,건조,맑음,교차로 - 교차로안,승용,남,24세,상해없음,승용,남,38세,중상
2014092400100093,2014년 9월 24일 04시,수요일,강원도 춘천시 효자동,경상사고,0,0,2,0,차대사람 - 기타,보행자보호의무위반,습기,비,교차로 - 교차로안,승용,남,59세,상해없음,보행자,여,19세,경상
2014092400100121,2014년 9월 24일 06시,수요일,강원도 원주시 중앙동,중상사고,0,1,0,0,차대사람 - 기타,안전운전불이행,습기,비,교차로 - 교차로부근,승용,남,48세,상해없음,보행자,남,59세,중상
2014092400100122,2014년 9월 24일 06시,수요일,강원도 원주시 단구동,경상사고,0,0,1,0,차대차 - 측면직각충돌,신호위반,습기,비,교차로 - 교차로안,승용,남,69세,상해없음,승용,남,39세,경상
2014092400100145,2014년 9월 24일 07시,수요일,강원도 원주시 일산동,중상사고,0,1,0,0,차대차 - 추돌 - 진행중,교차로운행방법위반,습기,비,교차로 - 교차로안,승용,여,51세,상해없음,승용,남,32세,중상
2014092400100219,2014년 9월 24일 09시,수요일,강원도 춘천시 석사동,경상사고,0,0,1,0,차대차 - 기타,안전거리미확보,습기,비,교차로 - 교차로부근,승용,남,43세,상해없음,승용,남,52세,경상
2014092400100220,2014년 9월 24일 09시,수요일,강원도 인제군 북면,중상사고,0,1,0,0,차대사람 - 기타,보행자보호의무위반,습기,비,교차로 - 교차로부근,화물,남,33세,상해없음,보행자,남,69세,중상
2014092400100259,2014년 9월 24일 10시,수요일,강원도 삼척시 도경동,중상사고,0,1,1,0,차대차 - 측면직각충돌,신호위반,습기,비,교차로 - 교차로안,건설기계,남,54세,경상,화물,남,52세,중상
2014092400100283,2014년 9월 24일 11시,수요일,강원도 원주시 호저면,경상사고,0,0,1,0,차대차 - 기타,안전거리미확보,습기,비,교차로 - 교차로부근,승합,남,43세,상해없음,승용,남,36세,경상
2014092400100284,2014년 9월 24일 11시,수요일,강원도 원주시 우산동,중상사고,0,1,0,0,차대사람 - 기타,안전운전불이행,습기,비,단일로 - 기타,승합,남,43세,상해없음,보행자,여,73세,중상
2014092400100314,2014년 9월 24일 12시,수요일,강원도 영월군 수주면,경상사고,0,0,2,0,차대차 - 정면충돌,교차로운행방법위반,습기,비,교차로 - 교차로안,화물,남,65세,상해없음,화물,남,58세,경상
2014092400100315,2014년 9월 24일 12시,수요일,강원도 동해시 나안동,경상사고,0,0,8,0,차대차 - 추돌 - 진행중,안전거리미확보,건조,맑음,단일로 - 기타,화물,남,62세,상해없음,화물,남,60세,경상
2014092400100347,2014년 9월 24일 13시,수요일,강원도 춘천시 효자동,경상사고,0,0,1,0,차대차 - 기타,안전운전불이행,건조,맑음,단일로 - 기타,승합,남,58세,상해없음,승용,여,43세,기타불명
2014092400100348,2014년 9월 24일 13시,수요일,강원도 강릉시 주문진읍,중상사고,0,1,0,0,차대사람 - 기타,안전운전불이행,습기,비,교차로 - 교차로안,승용,남,59세,상해없음,보행자,여,48세,중상
2014092400100386,2014년 9월 24일 14시,수요일,강원도 원주시 판부면,경상사고,0,0,1,0,차대차 - 측면직각충돌,안전운전불이행,습기,비,단일로 - 기타,승용,남,42세,상해없음,승용,여,42세,경상
2014092400100387,2014년 9월 24일 14시,수요일,강원도 고성군 간성읍,경상사고,0,0,1,0,차대차 - 기타,안전운전불이행,건조,맑음,단일로 - 기타,화물,남,67세,상해없음,승용,남,51세,경상
2014092400100424,2014년 9월 24일 15시,수요일,강원도 춘천시 동면,경상사고,0,0,1,0,차대차 - 기타,중앙선침범,건조,맑음,단일로 - 기타,승용,남,50세,상해없음,화물,남,38세,경상
2014092400100463,2014년 9월 24일 16시,수요일,강원도 춘천시 후평동,중상사고,0,1,0,0,차대차 - 측면직각충돌,교차로운행방법위반,건조,맑음,교차로 - 교차로안,승용,남,74세,상해없음,화물,남,25세,중상
2014092400100464,2014년 9월 24일 16시,수요일,강원도 춘천시 퇴계동,경상사고,0,0,1,0,차대차 - 기타,중앙선침범,건조,맑음,단일로 - 기타,승용,여,49세,상해없음,승용,여,35세,경상
2014092400100494,2014년 9월 24일 17시,수요일,강원도 춘천시 후평동,경상사고,0,0,2,0,차대차 - 측면직각충돌,중앙선침범,건조,맑음,교차로 - 교차로안,승용,남,55세,상해없음,승용,여,24세,경상
2014092400100495,2014년 9월 24일 17시,수요일,강원도 속초시 교동,경상사고,0,0,1,0,차대차 - 측면직각충돌,차로위반,건조,맑음,교차로 - 교차로안,승용,여,53세,상해없음,승합,남,34세,상해없음
2014092400100522,2014년 9월 24일 18시,수요일,강원도 춘천시 후평동,중상사고,0,1,0,0,차대사람 - 기타,교차로운행방법위반,건조,맑음,교차로 - 교차로부근,승용,여,46세,상해없음,보행자,여,10세,중상
2014092400100571,2014년 9월 24일 19시,수요일,강원도 강릉시 연곡면,중상사고,0,1,0,0,차대사람 - 횡단중,안전운전불이행,습기,흐림,단일로 - 기타,승용,남,24세,상해없음,보행자,남,48세,중상
2014092400100572,2014년 9월 24일 19시,수요일,강원도 원주시 명륜동,경상사고,0,0,1,0,차대차 - 추돌 - 진행중,안전운전불이행,건조,흐림,단일로 - 기타,승용,남,56세,상해없음,이륜,남,17세,경상
2014092400100573,2014년 9월 24일 19시,수요일,강원도 원주시 명륜동,경상사고,0,0,1,0,차대차 - 추돌 - 진행중,안전운전불이행,건조,맑음,교차로 - 교차로안,이륜,남,19세,상해없음,자전거,남,14세,경상
2014092400100624,2014년 9월 24일 20시,수요일,강원도 삼척시 도계읍,경상사고,0,0,1,0,차량단독 - 도로외이탈 - 추락,안전운전불이행,습기,비,교차로 - 교차로부근,화물,남,51세,경상,,,,
2014092400100696,2014년 9월 24일 22시,수요일,강원도 원주시 명륜동,경상사고,0,0,1,0,차대차 - 추돌 - 주정차중,안전운전불이행,건조,맑음,교차로 - 교차로부근,승용,남,44세,상해없음,승용,여,44세,경상
2014092400100727,2014년 9월 24일 23시,수요일,강원도 원주시 개운동,경상사고,0,0,1,0,차대차 - 측면직각충돌,신호위반,건조,맑음,교차로 - 교차로안,승용,남,54세,상해없음,승용,남,33세,경상
2014092500100120,2014년 9월 25일 08시,목요일,강원도 강릉시 주문진읍,경상사고,0,0,2,0,차대차 - 측면직각충돌,안전운전불이행,건조,맑음,단일로 - 기타,승합,남,49세,상해없음,승용,여,46세,경상
2014092500100121,2014년 9월 25일 08시,목요일,강원도 동해시 천곡동,경상사고,0,0,1,0,차대차 - 기타,안전거리미확보,건조,맑음,단일로 - 기타,승용,남,46세,상해없음,화물,남,52세,상해없음
2014092500100165,2014년 9월 25일 09시,목요일,강원도 홍천군 홍천읍,경상사고,0,0,1,0,차대차 - 측면직각충돌,직진우회전진행방해,건조,맑음,교차로 - 교차로안,승합,여,36세,상해없음,승용,남,52세,상해없음
2014092500100166,2014년 9월 25일 09시,목요일,강원도 평창군 평창읍,중상사고,0,1,0,0,차대차 - 추돌 - 진행중,안전운전불이행,건조,맑음,단일로 - 기타,화물,남,53세,상해없음,이륜,남,69세,중상
2014092500100167,2014년 9월 25일 09시,목요일,강원도 횡성군 횡성읍,중상사고,0,1,0,0,차대차 - 측면직각충돌,직진우회전진행방해,건조,맑음,교차로 - 교차로안,승용,여,44세,기타불명,화물,남,52세,중상
2014092500100202,2014년 9월 25일 10시,목요일,강원도 고성군 토성면,경상사고,0,0,1,0,차대차 - 추돌 - 진행중,신호위반,습기,비,교차로 - 교차로안,승용,남,74세,상해없음,승용,남,60세,경상
2014092500100203,2014년 9월 25일 10시,목요일,강원도 동해시 천곡동,경상사고,0,0,2,0,차대차 - 추돌 - 진행중,교차로운행방법위반,건조,맑음,교차로 - 교차로안,승용,여,53세,경상,승용,남,37세,경상
2014092500100266,2014년 9월 25일 12시,목요일,강원도 춘천시 사농동,사망사고,1,0,0,0,차량단독 - 공작물충돌,안전운전불이행,건조,맑음,단일로 - 기타,승용,남,51세,사망,,,,
2014092500100267,2014년 9월 25일 12시,목요일,강원도 영월군 영월읍,중상사고,0,1,0,0,차대차 - 기타,안전운전불이행,건조,맑음,교차로 - 교차로안,승용,남,59세,상해없음,이륜,남,45세,중상
2014092500100268,2014년 9월 25일 12시,목요일,강원도 태백시 통동,경상사고,0,0,1,0,차대사람 - 길가장자리구역통행중,안전운전불이행,건조,맑음,단일로 - 기타,승합,남,43세,상해없음,보행자,여,70세,경상
2014092500100290,2014년 9월 25일 13시,목요일,강원도 춘천시 사북면,중상사고,0,1,0,0,차대사람 - 기타,중앙선침범,건조,맑음,단일로 - 기타,승용,남,50세,상해없음,보행자,남,46세,중상
2014092500100322,2014년 9월 25일 14시,목요일,강원도 강릉시 왕산면,경상사고,0,0,3,0,차대차 - 기타,안전운전불이행,습기,비,단일로 - 기타,화물,남,50세,상해없음,승용,남,20세,경상
2014092500100424,2014년 9월 25일 17시,목요일,강원도 홍천군 북방면,경상사고,0,0,3,0,차대차 - 기타,중앙선침범,건조,맑음,단일로 - 기타,화물,남,72세,상해없음,승용,남,31세,경상
2014092500100425,2014년 9월 25일 17시,목요일,강원도 평창군 진부면,중상사고,0,1,1,0,차대차 - 기타,안전운전불이행,건조,맑음,교차로 - 교차로안,승합,남,59세,상해없음,승용,남,48세,경상
2014092500100426,2014년 9월 25일 17시,목요일,강원도 태백시 황지동,경상사고,0,0,1,0,차대차 - 측면직각충돌,교차로운행방법위반,건조,맑음,교차로 - 교차로안,화물,남,40세,상해없음,승용,남,44세,경상
2014092500100427,2014년 9월 25일 17시,목요일,강원도 홍천군 북방면,중상사고,0,1,0,0,차대차 - 측면직각충돌,안전운전불이행,건조,맑음,기타 - 기타,승용,남,60세,상해없음,승용,여,48세,중상
2014092500100461,2014년 9월 25일 18시,목요일,강원도 양양군 양양읍,경상사고,0,0,1,0,차대차 - 추돌 - 진행중,안전운전불이행,건조,맑음,단일로 - 기타,화물,남,33세,상해없음,승용,남,37세,경상
2014092500100507,2014년 9월 25일 19시,목요일,강원도 강릉시 주문진읍,중상사고,0,1,0,0,차대차 - 기타,안전운전불이행,기타,기타,단일로 - 기타,승용,남,67세,상해없음,자전거,여,59세,중상
2014092500100577,2014년 9월 25일 21시,목요일,강원도 원주시 무실동,경상사고,0,0,2,0,차대차 - 측면직각충돌,안전운전불이행,건조,맑음,교차로 - 교차로안,승용,남,24세,상해없음,승용,남,27세,경상
2014092500100609,2014년 9월 25일 22시,목요일,강원도 원주시 단계동,중상사고,0,1,2,0,차대차 - 측면직각충돌,신호위반,건조,맑음,교차로 - 교차로안,승용,남,24세,경상,승용,남,38세,중상