사고번호,사고일시,요일,시군구,사고내용,사망자수,중상자수,경상자수,부상신고자수,사고유형,법규위반,노면상태,기상상태,도로형태,가해운전자 차종,가해운전자 성별,가해운전자 연령,가해운전자 상해정도,피해운전자 차종,피해운전자 성별,피해운전자 연령,피해운전자 상해정도
2014092500100639,2014년 9월 25일 23시,목요일,강원도 춘천시 효자동,경상사고,0,0,1,0,차대사람 - 기타,보행자보호의무위반,건조,맑음,교차로 - 교차로부근,승용,남,60세,상해없음,보행자,남,22세,경상
2014092600100006,2014년 9월 26일 00시,금요일,강원도 삼척시 도계읍,경상사고,0,0,1,0,차대차 - 추돌 - 주정차중,안전운전불이행,건조,맑음,교차로 - 교차로부근,승용,남,35세,상해없음,화물,남,54세,경상
2014092600100007,2014년 9월 26일 00시,금요일,강원도 고성군 죽왕면,경상사고,0,0,3,0,차대차 - 추돌 - 진행중,안전운전불이행,건조,맑음,단일로 - 기타,승용,남,47세,상해없음,승용,남,33세,경상
2014092600100048,2014년 9월 26일 02시,금요일,강원도 강릉시 성산면,중상사고,0,1,0,0,차량단독 - 공작물충돌,안전운전불이행,건조,맑음,단일로 - 기타,화물,남,36세,중상,,,,
2014092600100075,2014년 9월 26일 05시,금요일,강원도 원주시 관설동,중상사고,0,1,0,0,차대사람 - 기타,과속,건조,맑음,단일로 - 기타,승용,남,55세,상해없음,보행자,여,67세,중상
2014092600100101,2014년 9월 26일 07시,금요일,강원도 춘천시 소양로1가,경상사고,0,0,1,1,차대차 - 측면직각충돌,기타,건조,맑음,단일로 - 기타,화물,남,24세,상해없음,승용,여,45세,경상
2014092600100146,2014년 9월 26일 08시,금요일,강원도 강릉시 홍제동,중상사고,0,1,3,0,차대차 - 기타,안전운전불이행,기타,기타,교차로 - 교차로안,승용,남,71세,중상,화물,남,40세,경상
2014092600100147,2014년 9월 26일 08시,금요일,강원도 원주시 평원동,경상사고,0,0,1,0,차대사람 - 기타,안전운전불이행,건조,맑음,교차로 - 교차로부근,승용,여,55세,상해없음,보행자,여,82세,경상
2014092600100148,2014년 9월 26일 08시,금요일,강원도 원주시 흥업면,경상사고,0,0,1,0,차대차 - 추돌 - 주정차중,안전거리미확보,건조,맑음,교차로 - 교차로부근,화물,남,60세,상해없음,승용,남,41세,경상
2014092600100149,2014년 9월 26일 08시,금요일,강원도 삼척시 원덕읍,중상사고,0,1,1,0,차대차 - 추돌 - 진행중,안전거리미확보,건조,맑음,단일로 - 기타,화물,남,37세,경상,승용,남,48세,중상
2014092600100184,2014년 9월 26일 09시,금요일,강원도 강릉시 대전동,중상사고,0,1,1,0,차대차 - 기타,안전운전불이행,건조,맑음,단일로 - 기타,승용,남,59세,상해없음,승용,남,40세,경상
2014092600100216,2014년 9월 26일 10시,금요일,강원도 속초시 교동,경상사고,0,0,1,0,차대차 - 측면직각충돌,안전운전불이행,건조,맑음,교차로 - 교차로안,승용,남,80세,상해없음,승용,남,51세,경상
2014092600100273,2014년 9월 26일 12시,금요일,강원도 인제군 북면,사망사고,1,0,4,0,차대차 - 기타,중앙선침범,건조,맑음,단일로 - 기타,이륜,남,47세,사망,화물,남,20세,경상
2014092600100274,2014년 9월 26일 12시,금요일,강원도 고성군 간성읍,경상사고,0,0,1,0,차량단독 - 전도전복,안전운전불이행,건조,맑음,단일로 - 기타,승용,남,64세,상해없음,,,,
2014092600100295,2014년 9월 26일 13시,금요일,강원도 원주시 문막읍,중상사고,0,1,0,0,차대차 - 기타,교차로운행방법위반,건조,맑음,교차로 - 교차로안,화물,남,46세,상해없음,이륜,남,61세,중상
2014092600100296,2014년 9월 26일 13시,금요일,강원도 동해시 발한동,경상사고,0,0,1,0,차대사람 - 기타,안전운전불이행,건조,맑음,단일로 - 기타,화물,남,52세,상해없음,보행자,여,57세,경상
2014092600100331,2014년 9월 26일 14시,금요일,강원도 강릉시 포남동,경상사고,0,0,2,0,차대차 - 기타,신호위반,건조,맑음,교차로 - 교차로안,승용,남,65세,상해없음,승용,남,78세,경상
2014092600100332,2014년 9월 26일 14시,금요일,강원도 원주시 태장동,중상사고,0,1,0,0,차대차 - 기타,안전운전불이행,건조,맑음,교차로 - 교차로부근,승용,남,73세,기타불명,승용,여,55세,중상
2014092600100333,2014년 9월 26일 14시,금요일,강원도 삼척시 당저동,경상사고,0,0,1,0,차대차 - 측면직각충돌,교차로운행방법위반,건조,맑음,교차로 - 교차로안,승용,여,45세,상해없음,자전거,남,55세,경상
2014092600100358,2014년 9월 26일 15시,금요일,강원도 삼척시 성내동,중상사고,0,1,0,0,차대차 - 측면직각충돌,안전운전불이행,건조,맑음,교차로 - 교차로안,승용,남,32세,상해없음,자전거,남,72세,중상
2014092600100359,2014년 9월 26일 15시,금요일,강원도 영월군 영월읍,경상사고,0,0,1,0,차대차 - 추돌 - 진행중,안전운전불이행,건조,맑음,단일로 - 기타,승용,남,28세,상해없음,승용,남,29세,경상
2014092600100439,2014년 9월 26일 17시,금요일,강원도 횡성군 청일면,중상사고,0,1,0,0,차대사람 - 횡단중,보행자보호의무위반,건조,맑음,단일로 - 기타,승용,여,53세,상해없음,보행자,여,4세,중상
2014092600100480,2014년 9월 26일 18시,금요일,강원도 원주시 지정면,경상사고,0,0,5,0,차대차 - 측면직각충돌,교차로운행방법위반,건조,맑음,교차로 - 교차로안,승용,여,57세,경상,승용,남,58세,경상
2014092600100481,2014년 9월 26일 18시,금요일,강원도 평창군 평창읍,중상사고,0,2,0,3,차대차 - 추돌 - 진행중,안전운전불이행,건조,맑음,단일로 - 기타,승용,남,43세,상해없음,승용,여,42세,중상
2014092600100547,2014년 9월 26일 19시,금요일,강원도 양양군 양양읍,중상사고,0,1,0,0,차대사람 - 기타,안전운전불이행,건조,맑음,교차로 - 교차로부근,승용,남,30세,상해없음,보행자,여,62세,중상
2014092600100548,2014년 9월 26일 19시,금요일,강원도 홍천군 서석면,사망사고,1,0,0,0,차량단독 - 공작물충돌,안전운전불이행,건조,맑음,단일로 - 기타,승용,여,49세,사망,,,,
2014092600100549,2014년 9월 26일 19시,금요일,강원도 홍천군 북방면,경상사고,0,0,2,0,차대차 - 기타,중앙선침범,건조,맑음,단일로 - 기타,승용,여,58세,상해없음,승용,남,35세,경상
2014092600100646,2014년 9월 26일 21시,금요일,강원도 원주시 가현동,중상사고,0,1,0,0,차대사람 - 기타,안전운전불이행,건조,맑음,단일로 - 기타,이륜,남,18세,상해없음,보행자,남,55세,중상
2014092600100647,2014년 9월 26일 21시,금요일,강원도 동해시 천곡동,중상사고,0,1,0,0,차대사람 - 보도통행중,보행자보호의무위반,건조,맑음,교차로 - 교차로안,승용,남,57세,상해없음,보행자,남,60세,상해없음
2014092700100036,2014년 9월 27일 01시,토요일,강원도 강릉시 송정동,경상사고,0,0,2,0,차대차 - 정면충돌,중앙선침범,건조,맑음,단일로 - 기타,승용,남,24세,상해없음,승용,여,24세,경상
2014092700100108,2014년 9월 27일 05시,토요일,강원도 원주시 무실동,중상사고,0,1,0,0,차대사람 - 횡단중,보행자보호의무위반,건조,맑음,교차로 - 교차로안,화물,남,53세,기타불명,보행자,남,76세,중상
2014092700100109,2014년 9월 27일 05시,토요일,강원도 원주시 명륜동,경상사고,0,0,2,0,차대차 - 측면직각충돌,안전거리미확보,건조,맑음,교차로 - 교차로부근,승합,남,36세,기타불명,승합,남,26세,경상
2014092700100140,2014년 9월 27일 07시,토요일,강원도 춘천시 온의동,부상신고사고,0,0,0,1,차대차 - 측면직각충돌,안전운전불이행,건조,맑음,단일로 - 기타,화물,남,40세,상해없음,승용,남,57세,부상신고
2014092700100141,2014년 9월 27일 07시,토요일,강원도 홍천군 동면,중상사고,0,1,0,0,차대차 - 추돌 - 주정차중,안전운전불이행,건조,맑음,단일로 - 기타,승용,남,55세,상해없음,화물,남,67세,상해없음
2014092700100169,2014년 9월 27일 08시,토요일,강원도 속초시 노학동,경상사고,0,0,1,0,차대차 - 측면직각충돌,안전거리미확보,건조,맑음,교차로 - 교차로부근,승용,남,38세,상해없음,승용,남,60세,경상
2014092700100170,2014년 9월 27일 08시,토요일,강원도 동해시 발한동,경상사고,0,0,2,0,차대차 - 측면직각충돌,안전운전불이행,건조,맑음,단일로 - 기타,승용,여,45세,상해없음,승용,여,32세,경상
2014092700100203,2014년 9월 27일 09시,토요일,강원도 정선군 사북읍,경상사고,0,0,1,0,차대사람 - 횡단중,안전운전불이행,건조,맑음,교차로 - 교차로안,화물,남,46세,상해없음,보행자,남,6세,경상
2014092700100236,2014년 9월 27일 10시,토요일,강원도 삼척시 원덕읍,중상사고,0,1,1,0,차대차 - 측면직각충돌,과속,건조,맑음,단일로 - 기타,화물,남,49세,상해없음,승용,남,17세,경상
2014092700100237,2014년 9월 27일 10시,토요일,강원도 삼척시 정상동,경상사고,0,0,3,0,차대차 - 측면직각충돌,안전거리미확보,건조,맑음,단일로 - 기타,건설기계,남,47세,상해없음,승용,남,31세,경상
2014092700100238,2014년 9월 27일 10시,토요일,강원도 동해시 어달동,부상신고사고,0,0,0,1,차대차 - 측면직각충돌,안전운전불이행,건조,맑음,단일로 - 기타,승용,남,26세,상해없음,이륜,남,78세,부상신고
2014092700100271,2014년 9월 27일 11시,토요일,강원도 강릉시 사천면,경상사고,0,0,2,0,차대차 - 기타,안전운전불이행,건조,맑음,단일로 - 기타,건설기계,남,61세,상해없음,승용,여,63세,경상
2014092700100357,2014년 9월 27일 13시,토요일,강원도 횡성군 횡성읍,경상사고,0,0,1,0,차대차 - 기타,안전거리미확보,건조,맑음,단일로 - 기타,원동기,남,80세,경상,승합,남,49세,상해없음
2014092700100396,2014년 9월 27일 14시,토요일,강원도 춘천시 근화동,경상사고,0,0,2,0,차대차 - 추돌 - 주정차중,교차로운행방법위반,건조,맑음,교차로 - 교차로안,승용,남,58세,경상,승용,여,46세,경상
2014092700100435,2014년 9월 27일 15시,토요일,강원도 홍천군 홍천읍,중상사고,0,1,0,0,차대차 - 기타,차로위반,건조,맑음,단일로 - 기타,승용,여,53세,상해없음,이륜,남,69세,중상
2014092700100436,2014년 9월 27일 15시,토요일,강원도 양구군 양구읍,경상사고,0,0,2,0,차대차 - 측면직각충돌,안전운전불이행,건조,맑음,단일로 - 기타,승용,여,44세,상해없음,자전거,남,14세,경상
2014092700100473,2014년 9월 27일 16시,토요일,강원도 원주시 우산동,중상사고,0,1,3,0,차대차 - 추돌 - 진행중,교차로운행방법위반,건조,맑음,교차로 - 교차로안,승용,여,21세,경상,이륜,남,34세,중상
2014092700100474,2014년 9월 27일 16시,토요일,강원도 삼척시 정상동,중상사고,0,1,3,0,차대차 - 추돌 - 진행중,안전거리미확보,건조,맑음,교차로 - 교차로부근,건설기계,남,58세,상해없음,승합,여,50세,상해없음
2014092700100475,2014년 9월 27일 16시,토요일,강원도 동해시 천곡동,경상사고,0,0,1,0,차대차 - 측면직각충돌,교차로운행방법위반,건조,맑음,교차로 - 교차로안,이륜,여,55세,경상,승용,남,77세,상해없음
2014092700100518,2014년 9월 27일 17시,토요일,강원도 영월군 영월읍,경상사고,0,0,1,0,차대사람 - 기타,안전운전불이행,건조,맑음,교차로 - 교차로안,승용,남,56세,상해없음,보행자,여,6세,경상
2014092700100590,2014년 9월 27일 19시,토요일,강원도 원주시 명륜동,경상사고,0,0,2,0,차대차 - 측면직각충돌,신호위반,건조,맑음,교차로 - 교차로안,승용,여,58세,상해없음,승용,여,52세,경상
2014092700100637,2014년 9월 27일 20시,토요일,강원도 원주시 무실동,경상사고,0,0,1,0,차대차 - 측면직각충돌,중앙선침범,건조,맑음,단일로 - 기타,승합,여,36세,상해없음,승용,여,62세,경상
2014092700100638,2014년 9월 27일 20시,토요일,강원도 인제군 남면,경상사고,0,0,1,0,차대차 - 측면직각충돌,안전운전불이행,건조,맑음,교차로 - 교차로안,화물,남,50세,상해없음,승용,남,56세,경상
2014092700100673,2014년 9월 27일 21시,토요일,강원도 강릉시 내곡동,중상사고,0,1,0,0,차대차 - 기타,안전운전불이행,건조,맑음,단일로 - 기타,승용,남,65세,상해없음,원동기,남,18세,중상
2014092700100705,2014년 9월 27일 22시,토요일,강원도 원주시 단계동,중상사고,0,1,0,0,차대차 - 추돌 - 진행중,중앙선침범,건조,맑음,단일로 - 기타,승용,남,56세,상해없음,이륜,남,18세,중상
2014092800100080,2014년 9월 28일 04시,일요일,강원도 인제군 인제읍,중상사고,0,1,1,0,차량단독 - 공작물충돌,안전운전불이행,건조,맑음,단일로 - 기타,화물,남,24세,중상,,,,
2014092800100107,2014년 9월 28일 07시,일요일,강원도 춘천시 후평동,경상사고,0,0,1,0,차량단독 - 기타,기타,건조,맑음,단일로 - 기타,승합,남,48세,상해없음,,,,
2014092800100108,2014년 9월 28일 07시,일요일,강원도 강릉시 강동면,경상사고,0,0,1,0,차대차 - 측면직각충돌,안전운전불이행,건조,맑음,교차로 - 교차로안,승합,남,34세,상해없음,승용,여,27세,경상
2014092800100123,2014년 9월 28일 08시,일요일,강원도 원주시 우산동,경상사고,0,0,1,0,차대사람 - 횡단중,안전운전불이행,건조,맑음,교차로 - 교차로부근,승용,남,48세,상해없음,보행자,여,44세,경상
2014092800100152,2014년 9월 28일 10시,일요일,강원도 원주시 무실동,경상사고,0,0,1,0,차대차 - 측면직각충돌,안전거리미확보,건조,맑음,단일로 - 기타,승용,남,74세,상해없음,승용,남,55세,경상
2014092800100153,2014년 9월 28일 10시,일요일,강원도 원주시 단계동,경상사고,0,0,1,0,차대차 - 측면직각충돌,교차로운행방법위반,건조,맑음,교차로 - 교차로안,승용,남,27세,상해없음,승용,남,48세,경상
2014092800100173,2014년 9월 28일 11시,일요일,강원도 원주시 무실동,부상신고사고,0,0,0,1,차대차 - 기타,안전운전불이행,건조,맑음,단일로 - 기타,기타불명,기타불명,기타불명,기타불명,자전거,남,13세,부상신고
2014092800100197,2014년 9월 28일 12시,일요일,강원도 강릉시 교동,경상사고,0,0,1,0,차대차 - 기타,안전운전불이행,건조,맑음,단일로 - 기타,승용,남,43세,상해없음,이륜,남,51세,경상
2014092800100198,2014년 9월 28일 12시,일요일,강원도 원주시 명륜동,중상사고,0,1,0,0,차대차 - 측면직각충돌,안전운전불이행,건조,맑음,단일로 - 기타,자전거,여,70세,상해없음,이륜,남,29세,중상
2014092800100199,2014년 9월 28일 12시,일요일,강원도 원주시 행구동,경상사고,0,0,1,0,차대차 - 측면직각충돌,안전운전불이행,건조,맑음,교차로 - 교차로안,승용,여,46세,상해없음,승용,여,57세,경상
2014092800100250,2014년 9월 28일 14시,일요일,강원도 춘천시 온의동,경상사고,0,0,4,0,차대차 - 기타,안전거리미확보,건조,흐림,단일로 - 기타,승용,남,25세,상해없음,승용,남,30세,경상
2014092800100251,2014년 9월 28일 14시,일요일,강원도 원주시 소초면,경상사고,0,0,1,0,차대차 - 측면직각충돌,안전거리미확보,건조,맑음,교차로 - 교차로부근,승용,여,52세,상해없음,승용,남,77세,상해없음
2014092800100252,2014년 9월 28일 14시,일요일,강원도 삼척시 당저동,경상사고,0,0,5,0,차대차 - 기타,안전운전불이행,건조,맑음,교차로 - 교차로안,승용,남,34세,경상,승용,남,53세,경상
2014092800100342,2014년 9월 28일 17시,일요일,강원도 강릉시 안현동,경상사고,0,0,2,0,차대차 - 측면직각충돌,중앙선침범,건조,맑음,교차로 - 교차로안,승용,남,19세,상해없음,승용,남,64세,경상
2014092800100343,2014년 9월 28일 17시,일요일,강원도 원주시 우산동,경상사고,0,0,3,0,차대차 - 측면직각충돌,안전운전불이행,건조,맑음,단일로 - 기타,승용,남,55세,상해없음,승용,남,31세,경상
2014092800100344,2014년 9월 28일 17시,일요일,강원도 홍천군 화촌면,사망사고,1,0,1,0,차대차 - 정면충돌,중앙선침범,건조,맑음,단일로 - 기타,이륜,남,57세,사망,승합,남,55세,경상
2014092800100345,2014년 9월 28일 17시,일요일,강원도 철원군 갈말읍,중상사고,0,1,0,0,차대차 - 측면직각충돌,중앙선침범,건조,맑음,단일로 - 기타,이륜,남,72세,상해없음,이륜,남,51세,중상
2014092800100388,2014년 9월 28일 18시,일요일,강원도 춘천시 봉의동,부상신고사고,0,0,0,1,차대사람 - 기타,교차로운행방법위반,건조,맑음,교차로 - 교차로부근,승용,여,54세,상해없음,보행자,여,54세,부상신고
2014092800100425,2014년 9월 28일 19시,일요일,강원도 동해시 천곡동,경상사고,0,0,3,0,차대차 - 측면직각충돌,안전운전불이행,건조,맑음,교차로 - 교차로안,화물,남,34세,상해없음,승용,남,37세,경상
2014092800100517,2014년 9월 28일 22시,일요일,강원도 원주시 무실동,경상사고,0,0,2,0,차대차 - 추돌 - 주정차중,안전운전불이행,건조,맑음,교차로 - 교차로부근,승용,남,56세,상해없음,승용,남,54세,경상
2014092800100531,2014년 9월 28일 23시,일요일,강원도 홍천군 홍천읍,경상사고,0,0,2,0,차량단독 - 기타,안전운전불이행,습기,비,단일로 - 기타,승용,남,20세,경상,,,,
2014092900100017,2014년 9월 29일 01시,월요일,강원도 원주시 단계동,중상사고,0,1,0,0,차대사람 - 기타,안전운전불이행,건조,맑음,단일로 - 기타,승용,남,31세,상해없음,보행자,남,43세,중상
2014092900100066,2014년 9월 29일 06시,월요일,강원도 삼척시 오분동,경상사고,0,0,1,0,차대사람 - 기타,신호위반,습기,비,단일로 - 기타,승용,남,48세,상해없음,보행자,여,12세,경상
2014092900100088,2014년 9월 29일 07시,월요일,강원도 원주시 명륜동,경상사고,0,0,1,0,차대사람 - 횡단중,안전운전불이행,건조,맑음,교차로 - 교차로안,승용,여,47세,상해없음,보행자,여,80세,경상
2014092900100119,2014년 9월 29일 08시,월요일,강원도 동해시 효가동,경상사고,0,0,5,0,차대차 - 기타,안전운전불이행,습기,흐림,단일로 - 기타,승용,여,41세,경상,승용,남,63세,경상
2014092900100150,2014년 9월 29일 09시,월요일,강원도 춘천시 신동면,경상사고,0,0,1,0,차대차 - 기타,안전운전불이행,건조,맑음,기타 - 기타,승용,남,68세,상해없음,승용,여,54세,경상
2014092900100151,2014년 9월 29일 09시,월요일,강원도 원주시 평원동,경상사고,0,0,1,0,차대차 - 추돌 - 주정차중,안전거리미확보,습기,비,교차로 - 교차로부근,화물,남,26세,상해없음,승용,여,57세,경상
2014092900100188,2014년 9월 29일 10시,월요일,강원도 고성군 간성읍,경상사고,0,0,2,0,차대차 - 정면충돌,중앙선침범,습기,비,단일로 - 기타,화물,남,56세,상해없음,승합,남,21세,경상
2014092900100217,2014년 9월 29일 11시,월요일,강원도 춘천시 퇴계동,경상사고,0,0,5,0,차대차 - 측면직각충돌,신호위반,습기,비,교차로 - 교차로안,승용,여,52세,상해없음,승용,남,35세,경상
2014092900100249,2014년 9월 29일 12시,월요일,강원도 춘천시 우두동,경상사고,0,0,3,0,차대차 - 측면직각충돌,신호위반,습기,비,교차로 - 교차로안,승용,남,48세,상해없음,승용,남,31세,경상
2014092900100250,2014년 9월 29일 12시,월요일,강원도 홍천군 홍천읍,중상사고,0,1,0,0,차대차 - 기타,신호위반,건조,흐림,교차로 - 교차로안,승용,남,64세,상해없음,승용,여,63세,중상
2014092900100251,2014년 9월 29일 12시,월요일,강원도 동해시 천곡동,경상사고,0,0,1,0,차대차 - 기타,직진우회전진행방해,건조,맑음,교차로 - 교차로안,승용,남,51세,상해없음,승용,남,70세,상해없음
2014092900100388,2014년 9월 29일 16시,월요일,강원도 강릉시 교동,경상사고,0,0,1,0,차대사람 - 횡단중,안전운전불이행,건조,맑음,단일로 - 기타,승용,남,52세,상해없음,보행자,여,61세,경상
2014092900100432,2014년 9월 29일 17시,월요일,강원도 춘천시 석사동,경상사고,0,0,1,0,차대차 - 기타,신호위반,건조,맑음,단일로 - 횡단보도상,승용,남,67세,기타불명,자전거,남,54세,경상
2014092900100433,2014년 9월 29일 17시,월요일,강원도 동해시 천곡동,경상사고,0,0,3,0,차대차 - 추돌 - 진행중,안전운전불이행,건조,맑음,교차로 - 교차로안,승용,여,48세,상해없음,승용,여,35세,경상
2014092900100473,2014년 9월 29일 18시,월요일,강원도 원주시 개운동,경상사고,0,0,1,0,차대사람 - 기타,안전운전불이행,건조,맑음,단일로 - 기타,승용,남,52세,상해없음,보행자,남,54세,경상
2014092900100526,2014년 9월 29일 19시,월요일,강원도 원주시 단구동,경상사고,0,0,2,0,차대차 - 기타,신호위반,건조,맑음,교차로 - 교차로안,화물,남,56세,상해없음,승합,남,51세,상해없음
2014092900100564,2014년 9월 29일 20시,월요일,강원도 춘천시 칠전동,경상사고,0,0,2,0,차대차 - 측면직각충돌,안전운전불이행,건조,맑음,단일로 - 기타,승용,여,30세,상해없음,화물,남,37세,경상
2014092900100601,2014년 9월 29일 21시,월요일,강원도 춘천시 효자동,중상사고,0,1,0,0,차대사람 - 기타,안전운전불이행,건조,맑음,단일로 - 기타,승합,남,46세,상해없음,보행자,남,54세,중상
2014092900100602,2014년 9월 29일 21시,월요일,강원도 강릉시 옥천동,사망사고,1,1,1,0,차대차 - 추돌 - 진행중,안전운전불이행,건조,맑음,단일로 - 기타,승용,남,67세,중상,승용,남,48세,상해없음
2014092900100628,2014년 9월 29일 22시,월요일,강원도 원주시 단계동,경상사고,0,0,2,0,차대차 - 측면직각충돌,신호위반,건조,맑음,교차로 - 교차로안,승용,남,28세,상해없음,승용,남,60세,경상
2014093000100148,2014년 9월 30일 08시,화요일,강원도 삼척시 신기면,경상사고,0,0,1,0,차대차 - 측면직각충돌,중앙선침범,습기,비,단일로 - 기타,건설기계,남,56세,상해없음,승용,남,49세,경상
2014093000100190,2014년 9월 30일 09시,화요일,강원도 원주시 우산동,경상사고,0,0,2,0,차대차 - 측면직각충돌,안전운전불이행,건조,맑음,단일로 - 기타,승용,남,21세,상해없음,승용,남,62세,경상
2014093000100222,2014년 9월 30일 10시,화요일,강원도 강릉시 입암동,경상사고,0,0,1,0,차대차 - 추돌 - 주정차중,안전운전불이행,습기,비,교차로 - 교차로부근,승용,남,58세,상해없음,승용,남,28세,경상
2014093000100270,2014년 9월 30일 11시,화요일,강원도 평창군 평창읍,경상사고,0,0,1,0,차대사람 - 기타,안전운전불이행,건조,맑음,단일로 - 기타,화물,남,53세,상해없음,보행자,남,72세,경상
2014093000100309,2014년 9월 30일 12시,화요일,강원도 원주시 단계동,중상사고,0,1,0,0,차대차 - 기타,안전거리미확보,건조,맑음,교차로 - 교차로부근,승용,여,26세,상해없음,이륜,남,72세,중상
2014093000100338,2014년 9월 30일 13시,화요일,강원도 춘천시 석사동,경상사고,0,0,1,0,차대차 - 기타,교차로운행방법위반,건조,맑음,교차로 - 교차로안,승용,남,29세,상해없음,원동기,남,26세,경상
2014093000100385,2014년 9월 30일 14시,화요일,강원도 원주시 흥업면,부상신고사고,0,0,0,1,차대사람 - 횡단중,안전운전불이행,건조,맑음,단일로 - 기타,승용,기타불명,기타불명,기타불명,보행자,남,18세,부상신고
2014093000100386,2014년 9월 30일 14시,화요일,강원도 삼척시 교동,경상사고,0,0,3,1,차대차 - 추돌 - 진행중,안전운전불이행,습기,비,교차로 - 교차로안,승용,여,45세,상해없음,승용,여,39세,경상
2014093000100387,2014년 9월 30일 14시,화요일,강원도 홍천군 남면,경상사고,0,0,1,0,차대차 - 기타,안전운전불이행,건조,맑음,단일로 - 기타,승용,여,75세,상해없음,자전거,남,62세,경상
2014093000100420,2014년 9월 30일 15시,화요일,강원도 양양군 양양읍,경상사고,0,0,4,0,차대차 - 측면직각충돌,안전운전불이행,습기,비,단일로 - 기타,건설기계,남,57세,상해없음,승용,남,18세,경상
2014093000100455,2014년 9월 30일 16시,화요일,강원도 춘천시 효자동,경상사고,0,0,1,0,차대사람 - 기타,안전운전불이행,건조,맑음,단일로 - 기타,승용,여,34세,상해없음,보행자,남,28세,경상
2014093000100456,2014년 9월 30일 16시,화요일,강원도 삼척시 신기면,경상사고,0,0,1,0,차량단독 - 공작물충돌,안전운전불이행,습기,비,단일로 - 기타,승용,남,48세,경상,,,,
2014093000100605,2014년 9월 30일 19시,화요일,강원도 홍천군 남면,경상사고,0,0,1,0,차대차 - 측면직각충돌,안전운전불이행,건조,맑음,단일로 - 기타,승용,남,58세,상해없음,승용,남,41세,기타불명
2014093000100684,2014년 9월 30일 21시,화요일,강원도 춘천시 온의동,중상사고,0,1,1,0,차대차 - 측면직각충돌,불법유턴,건조,맑음,단일로 - 기타,승용,남,35세,상해없음,승용,남,52세,중상
2014093000100685,2014년 9월 30일 21시,화요일,강원도 원주시 무실동,부상신고사고,0,0,0,1,차대차 - 추돌 - 주정차중,안전운전불이행,건조,맑음,교차로 - 교차로부근,기타불명,기타불명,기타불명,기타불명,승용,여,38세,부상신고
2014093000100717,2014년 9월 30일 22시,화요일,강원도 원주시 개운동,경상사고,0,0,1,0,차대차 - 측면직각충돌,신호위반,건조,맑음,단일로 - 기타,승용,여,45세,상해없음,승용,여,28세,경상
2014093000100718,2014년 9월 30일 22시,화요일,강원도 원주시 반곡동,중상사고,0,1,0,0,차대차 - 추돌 - 주정차중,안전운전불이행,건조,맑음,교차로 - 교차로안,승용,남,33세,기타불명,승용,여,30세,중상
2014093000100749,2014년 9월 30일 23시,화요일,강원도 원주시 명륜동,경상사고,0,0,3,0,차대차 - 추돌 - 주정차중,안전운전불이행,건조,맑음,교차로 - 교차로부근,승용,남,60세,상해없음,승용,남,44세,경상
2014100100100013,2014년 10월 1일 00시,수요일,강원도 원주시 무실동,중상사고,0,1,2,0,차대차 - 측면직각충돌,신호위반,건조,맑음,교차로 - 교차로안,승용,남,36세,경상,승용,남,62세,중상
2014100100100014,2014년 10월 1일 00시,수요일,강원도 삼척시 가곡면,중상사고,0,1,0,0,차량단독 - 공작물충돌,안전운전불이행,건조,맑음,단일로 - 기타,승용,여,48세,중상,,,,
2014100100100053,2014년 10월 1일 03시,수요일,강원도 평창군 용평면,경상사고,0,0,1,0,차대차 - 추돌 - 진행중,안전운전불이행,건조,맑음,단일로 - 기타,승용,남,28세,상해없음,화물,남,37세,경상
2014100100100098,2014년 10월 1일 07시,수요일,강원도 춘천시 석사동,경상사고,0,0,1,0,차대차 - 측면직각충돌,직진우회전진행방해,건조,맑음,교차로 - 교차로안,승용,남,29세,상해없음,승합,남,39세,경상
2014100100100135,2014년 10월 1일 08시,수요일,강원도 춘천시 퇴계동,경상사고,0,0,1,0,차대차 - 측면직각충돌,직진우회전진행방해,건조,맑음,교차로 - 교차로안,승용,여,48세,상해없음,승용,남,30세,경상
2014100100100136,2014년 10월 1일 08시,수요일,강원도 춘천시 동면,중상사고,0,1,0,0,차대사람 - 기타,안전운전불이행,건조,맑음,단일로 - 기타,자전거,남,16세,상해없음,보행자,여,77세,중상
2014100100100137,2014년 10월 1일 08시,수요일,강원도 강릉시 노암동,경상사고,0,0,1,0,차대차 - 기타,안전운전불이행,건조,맑음,교차로 - 교차로부근,승합,여,50세,상해없음,승용,여,36세,경상
2014100100100171,2014년 10월 1일 09시,수요일,강원도 횡성군 갑천면,경상사고,0,0,2,0,차대차 - 추돌 - 진행중,안전운전불이행,건조,맑음,단일로 - 기타,승합,남,58세,상해없음,화물,여,49세,경상
2014100100100200,2014년 10월 1일 10시,수요일,강원도 원주시 단계동,중상사고,0,1,0,0,차대사람 - 기타,안전운전불이행,건조,맑음,단일로 - 횡단보도부근,자전거,남,59세,상해없음,보행자,남,73세,중상
2014100100100201,2014년 10월 1일 10시,수요일,강원도 평창군 대관령면,경상사고,0,0,1,0,차대차 - 측면직각충돌,안전운전불이행,건조,맑음,단일로 - 기타,승합,남,49세,상해없음,승합,남,29세,경상