사고번호,사고일시,요일,시군구,사고내용,사망자수,중상자수,경상자수,부상신고자수,사고유형,법규위반,노면상태,기상상태,도로형태,가해운전자 차종,가해운전자 성별,가해운전자 연령,가해운전자 상해정도,피해운전자 차종,피해운전자 성별,피해운전자 연령,피해운전자 상해정도
2014100700100223,2014년 10월 7일 11시,화요일,강원도 원주시 봉산동,경상사고,0,0,2,0,차대차 - 측면직각충돌,교차로운행방법위반,건조,맑음,교차로 - 교차로안,승용,남,78세,상해없음,승용,여,61세,경상
2014100700100224,2014년 10월 7일 11시,화요일,강원도 원주시 문막읍,경상사고,0,0,1,0,차대사람 - 횡단중,신호위반,건조,맑음,교차로 - 교차로부근,화물,남,62세,상해없음,보행자,여,60세,경상
2014100700100284,2014년 10월 7일 13시,화요일,강원도 춘천시 낙원동,중상사고,0,1,0,0,차대사람 - 기타,안전운전불이행,건조,맑음,단일로 - 기타,화물,여,71세,상해없음,보행자,남,66세,중상
2014100700100286,2014년 10월 7일 13시,화요일,강원도 동해시 천곡동,경상사고,0,0,1,0,차대차 - 측면직각충돌,안전운전불이행,건조,맑음,단일로 - 기타,승용,여,58세,상해없음,자전거,여,67세,경상
2014100700100312,2014년 10월 7일 14시,화요일,강원도 춘천시 신북읍,중상사고,0,1,0,0,차대사람 - 기타,안전운전불이행,건조,맑음,기타 - 기타,승용,여,18세,상해없음,보행자,남,57세,중상
2014100700100388,2014년 10월 7일 16시,화요일,강원도 원주시 단계동,경상사고,0,0,1,0,차대차 - 기타,안전운전불이행,건조,맑음,기타 - 기타,승용,여,50세,상해없음,승용,여,35세,경상
2014100700100389,2014년 10월 7일 16시,화요일,강원도 속초시 조양동,경상사고,0,0,4,0,차대차 - 측면직각충돌,신호위반,건조,맑음,교차로 - 교차로안,승용,남,29세,상해없음,승용,여,38세,경상
2014100700100428,2014년 10월 7일 17시,화요일,강원도 원주시 학성동,경상사고,0,0,1,0,차대차 - 기타,안전거리미확보,건조,맑음,단일로 - 기타,화물,남,31세,상해없음,승용,남,51세,경상
2014100700100464,2014년 10월 7일 18시,화요일,강원도 춘천시 온의동,사망사고,1,0,0,0,차대사람 - 횡단중,안전운전불이행,건조,맑음,단일로 - 기타,승용,남,60세,상해없음,보행자,남,61세,사망
2014100700100465,2014년 10월 7일 18시,화요일,강원도 강릉시 초당동,중상사고,0,1,0,0,차대사람 - 횡단중,보행자보호의무위반,건조,맑음,교차로 - 교차로안,화물,남,48세,상해없음,보행자,여,84세,중상
2014100700100466,2014년 10월 7일 18시,화요일,강원도 원주시 우산동,경상사고,0,0,1,0,차대차 - 기타,안전운전불이행,건조,맑음,교차로 - 교차로안,승합,남,22세,상해없음,이륜,남,53세,경상
2014100700100516,2014년 10월 7일 19시,화요일,강원도 강릉시 노암동,경상사고,0,0,2,0,차대차 - 기타,안전운전불이행,건조,맑음,교차로 - 교차로부근,승용,남,56세,상해없음,원동기,남,65세,경상
2014100700100517,2014년 10월 7일 19시,화요일,강원도 인제군 기린면,중상사고,0,2,0,1,차대차 - 정면충돌,중앙선침범,건조,맑음,단일로 - 기타,승용,여,30세,상해없음,승용,남,28세,중상
2014100700100549,2014년 10월 7일 20시,화요일,강원도 강릉시 옥천동,경상사고,0,0,1,0,차대차 - 기타,안전운전불이행,건조,맑음,교차로 - 교차로부근,승용,남,69세,상해없음,승합,남,31세,경상
2014100700100550,2014년 10월 7일 20시,화요일,강원도 원주시 문막읍,경상사고,0,0,1,0,차대차 - 추돌 - 주정차중,안전운전불이행,건조,맑음,단일로 - 기타,이륜,남,17세,상해없음,이륜,남,42세,경상
2014100700100575,2014년 10월 7일 21시,화요일,강원도 강릉시 포남동,경상사고,0,0,1,0,차대차 - 기타,안전운전불이행,건조,맑음,교차로 - 교차로안,승용,남,42세,상해없음,자전거,남,14세,경상
2014100700100576,2014년 10월 7일 21시,화요일,강원도 원주시 무실동,경상사고,0,0,1,0,차대차 - 기타,안전거리미확보,건조,맑음,교차로 - 교차로안,승용,남,55세,상해없음,승용,남,44세,경상
2014100700100635,2014년 10월 7일 23시,화요일,강원도 강릉시 교동,경상사고,0,0,1,0,차대사람 - 기타,안전운전불이행,건조,맑음,단일로 - 기타,기타불명,기타불명,기타불명,기타불명,보행자,남,59세,경상
2014100800100009,2014년 10월 8일 00시,수요일,강원도 속초시 조양동,경상사고,0,0,1,0,차대차 - 측면직각충돌,안전운전불이행,건조,맑음,단일로 - 기타,승용,남,35세,상해없음,승용,남,56세,상해없음
2014100800100023,2014년 10월 8일 01시,수요일,강원도 속초시 교동,중상사고,0,4,0,0,차량단독 - 공작물충돌,과속,건조,맑음,단일로 - 기타,승용,남,21세,상해없음,,,,
2014100800100024,2014년 10월 8일 01시,수요일,강원도 홍천군 남면,중상사고,0,1,0,0,차대사람 - 기타,안전운전불이행,건조,맑음,단일로 - 기타,승합,남,51세,상해없음,보행자,여,53세,중상
2014100800100054,2014년 10월 8일 05시,수요일,강원도 원주시 중앙동,경상사고,0,0,1,0,차대차 - 측면직각충돌,직진우회전진행방해,건조,맑음,교차로 - 교차로안,이륜,남,85세,경상,승용,남,54세,상해없음
2014100800100068,2014년 10월 8일 06시,수요일,강원도 춘천시 효자동,경상사고,0,0,2,0,차대차 - 측면직각충돌,신호위반,건조,맑음,교차로 - 교차로안,승용,남,40세,경상,승용,여,23세,경상
2014100800100083,2014년 10월 8일 07시,수요일,강원도 춘천시 온의동,중상사고,0,1,0,0,차대사람 - 횡단중,안전운전불이행,건조,맑음,단일로 - 기타,승용,남,34세,상해없음,보행자,여,16세,중상
2014100800100121,2014년 10월 8일 08시,수요일,강원도 원주시 관설동,경상사고,0,0,1,0,차대차 - 추돌 - 진행중,안전거리미확보,건조,맑음,단일로 - 기타,승합,남,29세,상해없음,승용,남,36세,경상
2014100800100156,2014년 10월 8일 09시,수요일,강원도 강릉시 교동,부상신고사고,0,0,0,1,차량단독 - 기타,안전운전불이행,기타,기타,단일로 - 기타,이륜,남,16세,상해없음,,,,
2014100800100185,2014년 10월 8일 10시,수요일,강원도 강릉시 명주동,경상사고,0,0,1,0,차대사람 - 기타,안전운전불이행,기타,기타,기타 - 기타,승용,남,46세,상해없음,보행자,남,57세,경상
2014100800100213,2014년 10월 8일 11시,수요일,강원도 원주시 관설동,경상사고,0,0,1,0,차대차 - 기타,안전운전불이행,건조,맑음,단일로 - 기타,자전거,남,76세,경상,승용,여,42세,상해없음
2014100800100214,2014년 10월 8일 11시,수요일,강원도 평창군 평창읍,중상사고,0,2,7,0,차대차 - 정면충돌,중앙선침범,건조,맑음,단일로 - 기타,승용,남,45세,경상,승합,남,54세,경상
2014100800100284,2014년 10월 8일 13시,수요일,강원도 춘천시 동내면,중상사고,0,1,0,0,차대차 - 기타,신호위반,건조,맑음,교차로 - 교차로안,원동기,남,76세,중상,승용,여,40세,상해없음
2014100800100314,2014년 10월 8일 14시,수요일,강원도 철원군 동송읍,경상사고,0,0,2,0,차대차 - 추돌 - 주정차중,안전운전불이행,건조,맑음,단일로 - 기타,화물,남,52세,상해없음,승용,남,44세,경상
2014100800100348,2014년 10월 8일 15시,수요일,강원도 속초시 조양동,경상사고,0,0,1,0,차대차 - 추돌 - 진행중,안전운전불이행,건조,맑음,단일로 - 기타,이륜,남,18세,상해없음,승용,남,60세,경상
2014100800100349,2014년 10월 8일 15시,수요일,강원도 속초시 동명동,경상사고,0,0,1,0,차대차 - 추돌 - 주정차중,안전운전불이행,건조,맑음,교차로 - 교차로부근,승용,여,31세,상해없음,이륜,남,40세,경상
2014100800100376,2014년 10월 8일 16시,수요일,강원도 양양군 강현면,경상사고,0,0,1,0,차대차 - 측면직각충돌,직진우회전진행방해,건조,맑음,교차로 - 교차로안,승용,남,26세,상해없음,화물,남,55세,경상
2014100800100377,2014년 10월 8일 16시,수요일,강원도 삼척시 원덕읍,중상사고,0,1,0,0,차대사람 - 차도통행중,안전운전불이행,건조,맑음,단일로 - 기타,승용,남,51세,상해없음,보행자,여,74세,중상
2014100800100378,2014년 10월 8일 16시,수요일,강원도 삼척시 정상동,중상사고,0,1,0,0,차대사람 - 길가장자리구역통행중,안전운전불이행,건조,맑음,단일로 - 기타,승용,남,59세,상해없음,보행자,여,73세,중상
2014100800100417,2014년 10월 8일 17시,수요일,강원도 속초시 교동,경상사고,0,0,1,0,차대차 - 추돌 - 진행중,안전운전불이행,건조,맑음,교차로 - 교차로부근,자전거,남,12세,경상,승용,여,59세,기타불명
2014100800100418,2014년 10월 8일 17시,수요일,강원도 홍천군 북방면,경상사고,0,0,2,0,차대차 - 기타,신호위반,건조,맑음,교차로 - 교차로안,승용,남,45세,기타불명,승용,남,69세,경상
2014100800100419,2014년 10월 8일 17시,수요일,강원도 횡성군 횡성읍,경상사고,0,0,1,0,차대차 - 측면직각충돌,안전운전불이행,건조,맑음,교차로 - 교차로안,승용,여,39세,상해없음,원동기,남,27세,경상
2014100800100475,2014년 10월 8일 18시,수요일,강원도 춘천시 퇴계동,중상사고,0,1,2,0,차대차 - 기타,중앙선침범,건조,맑음,단일로 - 기타,이륜,남,18세,상해없음,승용,여,52세,기타불명
2014100800100476,2014년 10월 8일 18시,수요일,강원도 춘천시 후평동,경상사고,0,0,3,0,차대차 - 측면직각충돌,교차로운행방법위반,건조,맑음,교차로 - 교차로안,승용,남,67세,상해없음,승용,남,23세,경상
2014100800100477,2014년 10월 8일 18시,수요일,강원도 춘천시 근화동,경상사고,0,0,1,0,차대차 - 측면직각충돌,안전운전불이행,건조,맑음,교차로 - 교차로안,승용,남,60세,상해없음,자전거,여,48세,경상
2014100800100478,2014년 10월 8일 18시,수요일,강원도 춘천시 석사동,경상사고,0,0,1,0,차대차 - 기타,안전운전불이행,건조,맑음,단일로 - 기타,승용,남,43세,상해없음,이륜,남,45세,경상
2014100800100479,2014년 10월 8일 18시,수요일,강원도 평창군 방림면,경상사고,0,0,2,0,차대차 - 추돌 - 진행중,안전운전불이행,건조,맑음,단일로 - 기타,화물,남,43세,상해없음,화물,남,59세,경상
2014100800100535,2014년 10월 8일 19시,수요일,강원도 춘천시 온의동,경상사고,0,0,3,0,차대차 - 측면직각충돌,안전거리미확보,건조,맑음,단일로 - 기타,승용,여,33세,상해없음,승용,여,31세,경상
2014100800100536,2014년 10월 8일 19시,수요일,강원도 원주시 인동,중상사고,0,1,0,0,차대사람 - 차도통행중,안전운전불이행,건조,맑음,단일로 - 기타,승용,여,33세,상해없음,보행자,남,61세,중상
2014100800100537,2014년 10월 8일 19시,수요일,강원도 인제군 북면,중상사고,0,1,4,0,차대차 - 추돌 - 주정차중,안전거리미확보,건조,맑음,단일로 - 기타,화물,남,31세,상해없음,승용,남,65세,중상
2014100800100574,2014년 10월 8일 20시,수요일,강원도 춘천시 효자동,중상사고,0,1,0,0,차대사람 - 기타,안전운전불이행,건조,맑음,단일로 - 기타,승용,남,58세,상해없음,보행자,여,53세,중상
2014100800100612,2014년 10월 8일 21시,수요일,강원도 강릉시 교동,경상사고,0,0,1,0,차대사람 - 기타,안전운전불이행,건조,맑음,단일로 - 기타,이륜,남,56세,상해없음,보행자,남,8세,경상
2014100800100613,2014년 10월 8일 21시,수요일,강원도 원주시 단계동,경상사고,0,0,1,0,차대차 - 측면직각충돌,신호위반,건조,맑음,교차로 - 교차로안,승용,여,27세,기타불명,이륜,남,18세,경상
2014100800100660,2014년 10월 8일 22시,수요일,강원도 철원군 김화읍,사망사고,1,0,0,0,차대차 - 추돌 - 진행중,안전운전불이행,건조,맑음,단일로 - 기타,승용,남,52세,기타불명,자전거,남,53세,사망
2014100900100020,2014년 10월 9일 00시,목요일,강원도 원주시 단구동,중상사고,0,1,0,0,차대사람 - 기타,안전운전불이행,건조,맑음,단일로 - 기타,승용,남,50세,기타불명,보행자,남,44세,중상
2014100900100050,2014년 10월 9일 01시,목요일,강원도 강릉시 성남동,경상사고,0,0,1,0,차대차 - 기타,중앙선침범,건조,맑음,단일로 - 기타,자전거,남,56세,경상,승용,남,46세,상해없음
2014100900100131,2014년 10월 9일 06시,목요일,강원도 원주시 명륜동,중상사고,0,1,0,0,차량단독 - 전도전복,안전운전불이행,건조,맑음,단일로 - 기타,자전거,여,72세,중상,,,,
2014100900100132,2014년 10월 9일 06시,목요일,강원도 삼척시 자원동,사망사고,1,1,0,0,차량단독 - 공작물충돌,안전운전불이행,건조,맑음,단일로 - 기타,승용,남,68세,사망,,,,
2014100900100165,2014년 10월 9일 08시,목요일,강원도 원주시 단구동,경상사고,0,0,1,0,차대차 - 측면직각충돌,교차로운행방법위반,건조,맑음,교차로 - 교차로안,화물,남,47세,상해없음,화물,남,45세,경상
2014100900100166,2014년 10월 9일 08시,목요일,강원도 원주시 단구동,중상사고,0,1,0,0,차대차 - 측면직각충돌,차로위반,건조,맑음,교차로 - 교차로안,승합,남,34세,상해없음,승용,남,44세,중상
2014100900100190,2014년 10월 9일 09시,목요일,강원도 삼척시 정상동,경상사고,0,0,3,0,차대차 - 추돌 - 진행중,안전운전불이행,건조,맑음,교차로 - 교차로안,승용,남,58세,상해없음,승용,남,60세,경상
2014100900100236,2014년 10월 9일 11시,목요일,강원도 원주시 명륜동,경상사고,0,0,2,0,차대차 - 기타,차로위반,건조,맑음,교차로 - 교차로부근,승용,남,35세,기타불명,승합,남,67세,상해없음
2014100900100237,2014년 10월 9일 11시,목요일,강원도 태백시 황지동,경상사고,0,0,1,0,차대차 - 기타,교차로운행방법위반,건조,맑음,교차로 - 교차로안,승용,여,41세,상해없음,승용,남,51세,경상
2014100900100238,2014년 10월 9일 11시,목요일,강원도 태백시 황지동,경상사고,0,0,1,0,차대사람 - 기타,안전운전불이행,건조,맑음,기타 - 기타,승용,남,42세,기타불명,보행자,여,64세,경상
2014100900100292,2014년 10월 9일 13시,목요일,강원도 원주시 흥업면,부상신고사고,0,0,0,1,차대차 - 정면충돌,중앙선침범,건조,맑음,교차로 - 교차로부근,화물,남,76세,상해없음,승용,남,45세,부상신고
2014100900100293,2014년 10월 9일 13시,목요일,강원도 평창군 봉평면,경상사고,0,0,1,0,차대차 - 측면직각충돌,안전운전불이행,건조,맑음,교차로 - 교차로안,승용,남,40세,상해없음,이륜,남,76세,경상
2014100900100326,2014년 10월 9일 14시,목요일,강원도 춘천시 남산면,경상사고,0,0,2,0,차대차 - 기타,안전운전불이행,건조,맑음,단일로 - 기타,화물,남,54세,상해없음,승용,남,53세,경상
2014100900100355,2014년 10월 9일 15시,목요일,강원도 춘천시 효자동,경상사고,0,0,1,0,차대차 - 기타,안전운전불이행,건조,맑음,교차로 - 교차로부근,승용,여,44세,상해없음,이륜,남,28세,경상
2014100900100387,2014년 10월 9일 16시,목요일,강원도 삼척시 원덕읍,경상사고,0,0,7,0,차대차 - 측면직각충돌,안전운전불이행,건조,맑음,단일로 - 기타,승합,남,50세,상해없음,승합,남,51세,상해없음
2014100900100427,2014년 10월 9일 17시,목요일,강원도 춘천시 석사동,중상사고,0,1,1,0,차대차 - 추돌 - 주정차중,안전거리미확보,건조,맑음,교차로 - 교차로부근,승용,남,50세,상해없음,화물,남,27세,중상
2014100900100465,2014년 10월 9일 18시,목요일,강원도 강릉시 주문진읍,경상사고,0,0,1,0,차대사람 - 기타,안전운전불이행,건조,맑음,단일로 - 기타,승용,남,50세,상해없음,보행자,남,23세,경상
2014100900100466,2014년 10월 9일 18시,목요일,강원도 원주시 반곡동,중상사고,0,1,4,0,차대차 - 측면직각충돌,교차로운행방법위반,건조,맑음,교차로 - 교차로안,화물,남,44세,상해없음,승합,남,34세,경상
2014100900100467,2014년 10월 9일 18시,목요일,강원도 동해시 효가동,부상신고사고,0,0,0,1,차대차 - 기타,안전운전불이행,건조,맑음,교차로 - 교차로부근,원동기,남,17세,부상신고,화물,남,51세,상해없음
2014100900100512,2014년 10월 9일 19시,목요일,강원도 춘천시 석사동,경상사고,0,0,4,0,차대차 - 기타,안전운전불이행,건조,맑음,단일로 - 기타,승용,남,42세,상해없음,승용,여,43세,경상
2014100900100513,2014년 10월 9일 19시,목요일,강원도 강릉시 옥천동,중상사고,0,1,0,0,차대사람 - 횡단중,안전운전불이행,건조,맑음,단일로 - 기타,화물,남,56세,상해없음,보행자,남,69세,중상
2014100900100514,2014년 10월 9일 19시,목요일,강원도 원주시 소초면,중상사고,0,1,0,0,차대사람 - 횡단중,안전운전불이행,건조,맑음,단일로 - 기타,승용,여,37세,상해없음,보행자,여,15세,중상
2014100900100572,2014년 10월 9일 21시,목요일,강원도 강릉시 교동,경상사고,0,0,3,0,차대차 - 추돌 - 진행중,안전운전불이행,건조,맑음,단일로 - 기타,승용,남,43세,상해없음,승용,남,50세,경상
2014100900100607,2014년 10월 9일 22시,목요일,강원도 원주시 태장동,경상사고,0,0,1,0,차대차 - 추돌 - 진행중,차로위반,건조,맑음,단일로 - 기타,승용,남,51세,상해없음,승용,남,23세,경상
2014101000100147,2014년 10월 10일 08시,금요일,강원도 춘천시 동내면,중상사고,0,1,1,0,차대차 - 기타,안전운전불이행,건조,맑음,교차로 - 교차로안,승용,남,54세,상해없음,승용,여,35세,중상
2014101000100148,2014년 10월 10일 08시,금요일,강원도 원주시 개운동,경상사고,0,0,4,0,차대차 - 추돌 - 진행중,안전운전불이행,건조,맑음,교차로 - 교차로부근,승합,남,53세,상해없음,승용,여,27세,경상
2014101000100149,2014년 10월 10일 08시,금요일,강원도 원주시 우산동,부상신고사고,0,0,0,1,차대차 - 기타,기타,건조,맑음,교차로 - 교차로안,원동기,남,18세,부상신고,승용,여,42세,상해없음
2014101000100188,2014년 10월 10일 09시,금요일,강원도 춘천시 칠전동,경상사고,0,0,2,0,차대차 - 정면충돌,신호위반,건조,맑음,교차로 - 교차로안,화물,남,32세,상해없음,승용,남,52세,경상
2014101000100189,2014년 10월 10일 09시,금요일,강원도 원주시 판부면,경상사고,0,0,1,0,차대차 - 측면직각충돌,기타,건조,맑음,교차로 - 교차로안,화물,남,76세,상해없음,화물,남,33세,경상
2014101000100190,2014년 10월 10일 09시,금요일,강원도 원주시 단구동,경상사고,0,0,3,0,차대차 - 추돌 - 주정차중,안전거리미확보,건조,맑음,교차로 - 교차로부근,승용,남,68세,상해없음,승용,남,29세,경상
2014101000100225,2014년 10월 10일 10시,금요일,강원도 정선군 고한읍,중상사고,0,1,1,0,차대차 - 측면직각충돌,안전운전불이행,건조,맑음,교차로 - 교차로안,승용,남,65세,상해없음,승용,남,65세,경상
2014101000100268,2014년 10월 10일 11시,금요일,강원도 평창군 대관령면,경상사고,0,0,2,0,차대차 - 추돌 - 진행중,안전운전불이행,습기,비,단일로 - 기타,승용,남,37세,상해없음,승용,남,46세,상해없음
2014101000100354,2014년 10월 10일 14시,금요일,강원도 태백시 장성동,경상사고,0,0,2,0,차량단독 - 공작물충돌,안전운전불이행,습기,비,단일로 - 기타,승용,남,19세,상해없음,,,,
2014101000100399,2014년 10월 10일 15시,금요일,강원도 홍천군 내면,경상사고,0,0,2,0,차대차 - 기타,중앙선침범,건조,맑음,단일로 - 기타,승용,남,29세,상해없음,승용,여,26세,경상
2014101000100487,2014년 10월 10일 17시,금요일,강원도 원주시 단구동,경상사고,0,0,2,0,차대차 - 기타,중앙선침범,건조,맑음,교차로 - 교차로안,승용,남,55세,상해없음,승용,남,66세,경상
2014101000100488,2014년 10월 10일 17시,금요일,강원도 삼척시 정상동,경상사고,0,0,1,0,차대차 - 추돌 - 진행중,안전운전불이행,건조,맑음,교차로 - 교차로부근,건설기계,남,43세,상해없음,승용,남,55세,경상
2014101000100536,2014년 10월 10일 18시,금요일,강원도 강릉시 옥계면,경상사고,0,0,4,0,차대차 - 추돌 - 주정차중,안전운전불이행,건조,맑음,교차로 - 교차로부근,승용,남,54세,상해없음,승용,남,52세,경상
2014101000100642,2014년 10월 10일 20시,금요일,강원도 영월군 김삿갓면,경상사고,0,0,1,0,차량단독 - 공작물충돌,안전운전불이행,건조,맑음,단일로 - 기타,승용,여,46세,경상,,,,
2014101000100741,2014년 10월 10일 23시,금요일,강원도 춘천시 운교동,중상사고,0,1,1,0,차대차 - 기타,중앙선침범,건조,맑음,단일로 - 기타,승용,남,26세,경상,원동기,남,57세,중상
2014101100100042,2014년 10월 11일 02시,토요일,강원도 춘천시 퇴계동,중상사고,0,1,0,0,차대차 - 측면직각충돌,안전운전불이행,건조,맑음,단일로 - 기타,승용,남,53세,상해없음,승용,여,45세,중상
2014101100100043,2014년 10월 11일 02시,토요일,강원도 원주시 단계동,중상사고,0,1,1,0,차대차 - 기타,안전운전불이행,건조,맑음,교차로 - 교차로안,자전거,남,26세,중상,승용,남,50세,경상
2014101100100113,2014년 10월 11일 07시,토요일,강원도 강릉시 노암동,중상사고,0,1,0,0,차대사람 - 차도통행중,안전운전불이행,건조,맑음,단일로 - 기타,승용,남,62세,상해없음,보행자,여,61세,중상
2014101100100130,2014년 10월 11일 08시,토요일,강원도 원주시 단계동,경상사고,0,0,2,0,차대차 - 추돌 - 진행중,안전거리미확보,건조,맑음,교차로 - 교차로안,승용,남,47세,상해없음,승용,여,42세,경상
2014101100100158,2014년 10월 11일 09시,토요일,강원도 춘천시 근화동,경상사고,0,0,1,2,차대차 - 기타,교차로운행방법위반,건조,맑음,교차로 - 교차로안,승용,남,76세,상해없음,이륜,남,18세,부상신고
2014101100100187,2014년 10월 11일 10시,토요일,강원도 동해시 효가동,중상사고,0,1,0,0,차대사람 - 횡단중,보행자보호의무위반,건조,맑음,교차로 - 교차로안,승용,여,47세,상해없음,보행자,여,68세,중상
2014101100100220,2014년 10월 11일 11시,토요일,강원도 태백시 황지동,중상사고,0,1,0,0,차대사람 - 기타,안전운전불이행,건조,맑음,단일로 - 기타,승용,남,62세,상해없음,보행자,여,57세,중상
2014101100100290,2014년 10월 11일 13시,토요일,강원도 강릉시 내곡동,경상사고,0,0,1,0,차대차 - 기타,안전운전불이행,기타,기타,단일로 - 기타,승용,남,27세,상해없음,승용,남,40세,경상
2014101100100323,2014년 10월 11일 14시,토요일,강원도 원주시 개운동,경상사고,0,0,1,0,차대차 - 기타,안전거리미확보,건조,맑음,교차로 - 교차로부근,이륜,남,19세,상해없음,승용,여,31세,경상
2014101100100324,2014년 10월 11일 14시,토요일,강원도 정선군 신동읍,중상사고,0,1,2,0,차대차 - 측면직각충돌,안전운전불이행,건조,맑음,교차로 - 교차로부근,승용,남,37세,상해없음,승용,여,55세,중상
2014101100100325,2014년 10월 11일 14시,토요일,강원도 인제군 북면,부상신고사고,0,0,0,1,차대차 - 기타,교차로운행방법위반,건조,맑음,교차로 - 교차로안,이륜,남,51세,부상신고,승용,남,32세,상해없음
2014101100100371,2014년 10월 11일 15시,토요일,강원도 강릉시 연곡면,경상사고,0,0,1,0,차대차 - 추돌 - 주정차중,안전운전불이행,건조,맑음,교차로 - 교차로안,승용,남,34세,상해없음,승용,남,58세,경상
2014101100100372,2014년 10월 11일 15시,토요일,강원도 속초시 조양동,경상사고,0,0,1,0,차대차 - 추돌 - 진행중,교차로운행방법위반,건조,맑음,교차로 - 교차로부근,승용,남,19세,상해없음,승용,여,55세,경상
2014101100100373,2014년 10월 11일 15시,토요일,강원도 정선군 남면,경상사고,0,0,5,0,차대차 - 측면직각충돌,중앙선침범,건조,맑음,단일로 - 기타,승용,여,49세,경상,승합,남,56세,상해없음
2014101100100413,2014년 10월 11일 16시,토요일,강원도 원주시 태장동,부상신고사고,0,0,0,3,차대차 - 기타,차로위반,건조,맑음,교차로 - 교차로부근,기타불명,기타불명,기타불명,기타불명,승용,남,24세,상해없음
2014101100100414,2014년 10월 11일 16시,토요일,강원도 속초시 교동,경상사고,0,0,1,0,차대차 - 측면직각충돌,안전운전불이행,건조,맑음,교차로 - 교차로부근,승용,여,27세,기타불명,승용,남,41세,경상
2014101100100415,2014년 10월 11일 16시,토요일,강원도 홍천군 서면,중상사고,0,1,0,0,차대차 - 기타,안전운전불이행,건조,맑음,단일로 - 기타,승용,남,51세,상해없음,이륜,남,20세,중상
2014101100100500,2014년 10월 11일 18시,토요일,강원도 춘천시 근화동,경상사고,0,0,1,0,차대사람 - 횡단중,보행자보호의무위반,건조,맑음,단일로 - 기타,승용,남,47세,상해없음,보행자,여,55세,경상
2014101100100501,2014년 10월 11일 18시,토요일,강원도 강릉시 강동면,중상사고,0,1,0,0,차대사람 - 기타,안전운전불이행,건조,맑음,단일로 - 기타,승용,남,68세,상해없음,보행자,남,59세,중상
2014101100100502,2014년 10월 11일 18시,토요일,강원도 원주시 단구동,중상사고,0,1,0,0,차대차 - 기타,중앙선침범,건조,맑음,단일로 - 기타,승용,남,57세,상해없음,이륜,남,33세,중상
2014101100100503,2014년 10월 11일 18시,토요일,강원도 영월군 주천면,중상사고,0,2,0,0,차대차 - 추돌 - 진행중,안전운전불이행,건조,맑음,단일로 - 기타,화물,남,52세,상해없음,농기계,남,71세,중상
2014101100100504,2014년 10월 11일 18시,토요일,강원도 인제군 남면,경상사고,0,0,1,0,차대차 - 추돌 - 주정차중,안전거리미확보,건조,맑음,교차로 - 교차로부근,승용,남,25세,상해없음,승용,남,70세,경상
2014101100100505,2014년 10월 11일 18시,토요일,강원도 평창군 대관령면,중상사고,0,3,7,0,차대차 - 추돌 - 주정차중,안전운전불이행,건조,맑음,단일로 - 기타,승합,남,48세,상해없음,승용,남,48세,중상
2014101100100547,2014년 10월 11일 19시,토요일,강원도 강릉시 교동,중상사고,0,1,0,0,차대사람 - 기타,안전운전불이행,건조,맑음,단일로 - 기타,승용,남,57세,상해없음,보행자,남,43세,중상
2014101100100548,2014년 10월 11일 19시,토요일,강원도 춘천시 신북읍,중상사고,0,1,0,0,차대차 - 측면직각충돌,안전거리미확보,건조,맑음,단일로 - 기타,승합,남,54세,상해없음,승용,여,46세,중상
2014101100100587,2014년 10월 11일 20시,토요일,강원도 강릉시 교동,경상사고,0,0,1,0,차대차 - 기타,신호위반,건조,맑음,단일로 - 기타,승용,남,42세,상해없음,원동기,남,17세,경상
2014101100100588,2014년 10월 11일 20시,토요일,강원도 원주시 우산동,경상사고,0,0,2,0,차대차 - 기타,안전운전불이행,건조,맑음,교차로 - 교차로부근,이륜,남,46세,경상,승용,남,57세,경상
2014101100100678,2014년 10월 11일 23시,토요일,강원도 춘천시 신북읍,경상사고,0,0,1,0,차대차 - 추돌 - 주정차중,안전운전불이행,건조,맑음,교차로 - 교차로부근,승용,남,31세,상해없음,승용,남,49세,경상
2014101200100012,2014년 10월 12일 00시,일요일,강원도 횡성군 횡성읍,경상사고,0,0,1,0,차량단독 - 공작물충돌,안전운전불이행,건조,맑음,단일로 - 기타,승용,남,27세,상해없음,,,,
2014101200100033,2014년 10월 12일 01시,일요일,강원도 원주시 단계동,경상사고,0,0,2,0,차대차 - 기타,안전운전불이행,건조,맑음,교차로 - 교차로부근,화물,남,36세,상해없음,승용,남,25세,경상
2014101200100034,2014년 10월 12일 01시,일요일,강원도 원주시 문막읍,경상사고,0,0,1,0,차량단독 - 공작물충돌,안전운전불이행,건조,맑음,교차로 - 교차로부근,승용,남,21세,상해없음,,,,
2014101200100035,2014년 10월 12일 01시,일요일,강원도 양구군 양구읍,경상사고,0,0,4,0,차대차 - 정면충돌,중앙선침범,건조,맑음,교차로 - 교차로안,승합,남,29세,상해없음,승용,남,32세,상해없음