사고번호,사고일시,요일,시군구,사고내용,사망자수,중상자수,경상자수,부상신고자수,사고유형,법규위반,노면상태,기상상태,도로형태,가해운전자 차종,가해운전자 성별,가해운전자 연령,가해운전자 상해정도,피해운전자 차종,피해운전자 성별,피해운전자 연령,피해운전자 상해정도
2014102400100216,2014년 10월 24일 10시,금요일,강원도 삼척시 도계읍,경상사고,0,0,1,0,차대사람 - 기타,안전운전불이행,건조,맑음,단일로 - 기타,화물,남,52세,상해없음,보행자,남,77세,경상
2014102400100247,2014년 10월 24일 11시,금요일,강원도 원주시 단계동,경상사고,0,0,2,0,차대차 - 기타,안전운전불이행,건조,맑음,단일로 - 기타,승용,남,46세,상해없음,승용,남,21세,경상
2014102400100248,2014년 10월 24일 11시,금요일,강원도 동해시 천곡동,경상사고,0,0,1,0,차대차 - 기타,직진우회전진행방해,건조,맑음,교차로 - 교차로안,승용,여,47세,상해없음,원동기,남,79세,경상
2014102400100282,2014년 10월 24일 12시,금요일,강원도 동해시 부곡동,경상사고,0,0,1,0,차대차 - 측면직각충돌,안전운전불이행,건조,흐림,교차로 - 교차로부근,승용,남,48세,상해없음,승합,남,39세,상해없음
2014102400100339,2014년 10월 24일 14시,금요일,강원도 원주시 반곡동,경상사고,0,0,3,0,차대차 - 측면직각충돌,신호위반,건조,맑음,단일로 - 기타,승용,남,67세,상해없음,승합,남,42세,경상
2014102400100367,2014년 10월 24일 15시,금요일,강원도 원주시 일산동,경상사고,0,0,1,0,차대사람 - 횡단중,보행자보호의무위반,건조,맑음,교차로 - 교차로부근,승합,남,55세,상해없음,보행자,남,10세,경상
2014102400100368,2014년 10월 24일 15시,금요일,강원도 정선군 신동읍,중상사고,0,1,1,0,차대차 - 측면직각충돌,신호위반,건조,맑음,교차로 - 교차로안,승용,남,53세,상해없음,승용,남,54세,경상
2014102400100413,2014년 10월 24일 16시,금요일,강원도 원주시 문막읍,중상사고,0,1,0,0,차대차 - 측면직각충돌,안전운전불이행,건조,맑음,교차로 - 교차로안,승용,남,52세,기타불명,승용,남,51세,중상
2014102400100414,2014년 10월 24일 16시,금요일,강원도 삼척시 도계읍,중상사고,0,1,0,0,차량단독 - 도로외이탈 - 추락,안전운전불이행,건조,맑음,단일로 - 기타,건설기계,남,27세,중상,,,,
2014102400100445,2014년 10월 24일 17시,금요일,강원도 춘천시 남산면,경상사고,0,0,2,1,차대차 - 기타,안전거리미확보,건조,맑음,단일로 - 기타,화물,남,55세,상해없음,승합,남,41세,경상
2014102400100446,2014년 10월 24일 17시,금요일,강원도 양구군 양구읍,경상사고,0,0,1,1,차대차 - 측면직각충돌,안전운전불이행,건조,맑음,단일로 - 터널,승용,남,19세,부상신고,승용,여,45세,경상
2014102400100494,2014년 10월 24일 18시,금요일,강원도 춘천시 근화동,중상사고,0,1,0,0,차대차 - 측면직각충돌,안전운전불이행,건조,맑음,단일로 - 기타,승용,남,53세,상해없음,자전거,여,21세,중상
2014102400100495,2014년 10월 24일 18시,금요일,강원도 춘천시 중앙로1가,경상사고,0,0,2,0,차대차 - 측면직각충돌,안전운전불이행,건조,맑음,교차로 - 교차로안,승용,남,63세,상해없음,자전거,남,15세,경상
2014102400100496,2014년 10월 24일 18시,금요일,강원도 강릉시 포남동,중상사고,0,1,0,0,차대차 - 측면직각충돌,안전운전불이행,건조,맑음,단일로 - 기타,승용,남,75세,상해없음,이륜,남,48세,중상
2014102400100497,2014년 10월 24일 18시,금요일,강원도 원주시 무실동,경상사고,0,0,1,0,차대차 - 추돌 - 주정차중,안전거리미확보,건조,맑음,단일로 - 기타,승용,남,35세,상해없음,승용,남,47세,상해없음
2014102400100498,2014년 10월 24일 18시,금요일,강원도 양구군 남면,부상신고사고,0,0,0,1,차대차 - 측면직각충돌,안전운전불이행,건조,맑음,교차로 - 교차로안,이륜,남,74세,부상신고,화물,남,20세,상해없음
2014102400100561,2014년 10월 24일 19시,금요일,강원도 화천군 화천읍,부상신고사고,0,0,0,1,차대차 - 측면직각충돌,중앙선침범,건조,맑음,기타 - 기타,이륜,남,46세,상해없음,승용,남,39세,부상신고
2014102400100601,2014년 10월 24일 20시,금요일,강원도 횡성군 횡성읍,경상사고,0,0,1,0,차대차 - 추돌 - 진행중,안전운전불이행,건조,맑음,단일로 - 기타,승용,남,62세,상해없음,승용,여,55세,경상
2014102400100630,2014년 10월 24일 21시,금요일,강원도 춘천시 근화동,중상사고,0,1,0,0,차량단독 - 기타,기타,건조,맑음,단일로 - 기타,승합,남,54세,상해없음,,,,
2014102400100657,2014년 10월 24일 22시,금요일,강원도 강릉시 교동,경상사고,0,0,1,0,차대차 - 기타,안전운전불이행,건조,맑음,교차로 - 교차로안,승용,여,29세,상해없음,이륜,남,39세,경상
2014102400100695,2014년 10월 24일 23시,금요일,강원도 춘천시 퇴계동,중상사고,0,1,0,0,차대사람 - 기타,안전운전불이행,건조,맑음,교차로 - 교차로부근,승용,여,34세,상해없음,보행자,여,54세,중상
2014102500100014,2014년 10월 25일 00시,토요일,강원도 원주시 판부면,중상사고,0,1,2,0,차대차 - 측면직각충돌,직진우회전진행방해,건조,맑음,교차로 - 교차로안,승용,남,32세,경상,승용,남,33세,경상
2014102500100098,2014년 10월 25일 05시,토요일,강원도 춘천시 효자동,중상사고,0,1,0,0,차대사람 - 기타,안전운전불이행,건조,맑음,단일로 - 기타,승용,남,70세,상해없음,보행자,여,78세,중상
2014102500100111,2014년 10월 25일 06시,토요일,강원도 춘천시 석사동,경상사고,0,0,2,0,차대차 - 측면직각충돌,신호위반,건조,맑음,교차로 - 교차로안,승용,남,35세,상해없음,승용,여,57세,경상
2014102500100112,2014년 10월 25일 06시,토요일,강원도 양양군 양양읍,경상사고,0,0,2,0,차대차 - 측면직각충돌,교차로운행방법위반,건조,맑음,교차로 - 교차로안,승용,남,74세,상해없음,승합,남,49세,경상
2014102500100136,2014년 10월 25일 07시,토요일,강원도 평창군 대화면,중상사고,0,1,1,0,차대차 - 추돌 - 진행중,안전운전불이행,습기,안개,단일로 - 기타,건설기계,남,47세,상해없음,승용,남,53세,경상
2014102500100157,2014년 10월 25일 08시,토요일,강원도 동해시 삼화동,경상사고,0,0,1,0,차대차 - 기타,안전거리미확보,건조,맑음,단일로 - 기타,승용,남,68세,상해없음,이륜,남,39세,경상
2014102500100158,2014년 10월 25일 08시,토요일,강원도 동해시 효가동,경상사고,0,0,2,0,차대차 - 추돌 - 진행중,안전거리미확보,건조,맑음,단일로 - 기타,승용,여,59세,상해없음,승용,남,34세,경상
2014102500100192,2014년 10월 25일 09시,토요일,강원도 양양군 서면,중상사고,0,1,0,0,차대차 - 측면직각충돌,기타,건조,맑음,교차로 - 교차로안,승용,여,43세,상해없음,이륜,여,74세,중상
2014102500100249,2014년 10월 25일 11시,토요일,강원도 춘천시 서면,경상사고,0,0,1,0,차대사람 - 기타,안전운전불이행,건조,맑음,기타 - 기타,자전거,남,25세,상해없음,보행자,여,3세,경상
2014102500100250,2014년 10월 25일 11시,토요일,강원도 인제군 남면,경상사고,0,0,2,0,차대차 - 추돌 - 진행중,안전거리미확보,건조,맑음,단일로 - 기타,승합,남,62세,상해없음,승용,여,55세,경상
2014102500100281,2014년 10월 25일 12시,토요일,강원도 춘천시 사북면,경상사고,0,0,2,0,차대차 - 정면충돌,중앙선침범,건조,맑음,교차로 - 교차로부근,승용,남,30세,기타불명,승용,여,54세,경상
2014102500100282,2014년 10월 25일 12시,토요일,강원도 춘천시 남산면,부상신고사고,0,0,0,1,차량단독 - 도로외이탈 - 추락,안전운전불이행,건조,맑음,단일로 - 기타,이륜,여,16세,부상신고,,,,
2014102500100283,2014년 10월 25일 12시,토요일,강원도 강릉시 입암동,중상사고,0,1,0,0,차대사람 - 기타,안전운전불이행,건조,맑음,기타 - 기타,화물,남,43세,상해없음,보행자,남,5세,중상
2014102500100284,2014년 10월 25일 12시,토요일,강원도 강릉시 교동,경상사고,0,0,1,0,차대차 - 기타,안전운전불이행,건조,맑음,단일로 - 기타,승용,여,58세,상해없음,이륜,남,26세,경상
2014102500100388,2014년 10월 25일 15시,토요일,강원도 인제군 북면,중상사고,0,2,5,0,차대차 - 추돌 - 주정차중,안전거리미확보,건조,맑음,단일로 - 기타,승용,남,26세,경상,승용,여,33세,상해없음
2014102500100418,2014년 10월 25일 16시,토요일,강원도 홍천군 홍천읍,경상사고,0,0,1,0,차대차 - 기타,교차로운행방법위반,건조,맑음,교차로 - 교차로안,승용,여,60세,상해없음,승용,남,46세,경상
2014102500100459,2014년 10월 25일 17시,토요일,강원도 강릉시 안현동,경상사고,0,0,1,0,차대차 - 기타,안전운전불이행,건조,맑음,단일로 - 기타,승용,남,47세,상해없음,승용,남,22세,경상
2014102500100460,2014년 10월 25일 17시,토요일,강원도 홍천군 서석면,경상사고,0,0,4,0,차대차 - 추돌 - 진행중,안전거리미확보,건조,맑음,단일로 - 기타,화물,남,40세,상해없음,화물,남,73세,경상
2014102500100509,2014년 10월 25일 18시,토요일,강원도 원주시 판부면,경상사고,0,0,1,0,차대사람 - 기타,안전운전불이행,건조,맑음,기타 - 기타,승용,남,47세,상해없음,보행자,여,59세,경상
2014102500100510,2014년 10월 25일 18시,토요일,강원도 양양군 강현면,경상사고,0,0,5,0,차대차 - 추돌 - 주정차중,안전운전불이행,건조,맑음,단일로 - 기타,승용,남,67세,상해없음,승용,남,31세,경상
2014102500100511,2014년 10월 25일 18시,토요일,강원도 인제군 상남면,중상사고,0,1,0,0,차량단독 - 도로외이탈 - 추락,안전운전불이행,습기,비,단일로 - 기타,화물,여,52세,중상,,,,
2014102500100579,2014년 10월 25일 19시,토요일,강원도 강릉시 입암동,중상사고,0,1,0,0,차대차 - 기타,안전운전불이행,건조,맑음,교차로 - 교차로안,원동기,남,24세,중상,승용,남,41세,상해없음
2014102500100580,2014년 10월 25일 19시,토요일,강원도 원주시 단구동,중상사고,0,1,0,0,차대차 - 추돌 - 주정차중,안전거리미확보,건조,맑음,교차로 - 교차로부근,승용,남,48세,상해없음,화물,남,43세,중상
2014102500100624,2014년 10월 25일 20시,토요일,강원도 춘천시 후평동,경상사고,0,0,1,0,차대사람 - 보도통행중,보행자보호의무위반,건조,맑음,단일로 - 횡단보도상,승용,남,42세,상해없음,보행자,남,41세,경상
2014102600100105,2014년 10월 26일 07시,일요일,강원도 속초시 교동,경상사고,0,0,1,0,차대차 - 측면직각충돌,신호위반,건조,맑음,교차로 - 교차로안,승용,여,55세,상해없음,승용,여,62세,경상
2014102600100159,2014년 10월 26일 10시,일요일,강원도 원주시 단계동,경상사고,0,0,2,0,차대차 - 추돌 - 진행중,차로위반,건조,맑음,단일로 - 기타,승용,남,30세,상해없음,승용,남,55세,경상
2014102600100160,2014년 10월 26일 10시,일요일,강원도 횡성군 안흥면,경상사고,0,0,2,0,차대차 - 기타,기타,건조,맑음,단일로 - 기타,승용,남,59세,상해없음,승용,남,50세,경상
2014102600100182,2014년 10월 26일 11시,일요일,강원도 춘천시 퇴계동,부상신고사고,0,0,0,1,차대차 - 측면직각충돌,신호위반,건조,맑음,교차로 - 교차로안,승용,여,65세,상해없음,승용,여,27세,부상신고
2014102600100183,2014년 10월 26일 11시,일요일,강원도 강릉시 교동,중상사고,0,1,3,0,차대차 - 기타,불법유턴,건조,맑음,단일로 - 기타,승용,남,51세,상해없음,승용,남,44세,경상
2014102600100184,2014년 10월 26일 11시,일요일,강원도 삼척시 오분동,경상사고,0,0,11,1,차대차 - 추돌 - 주정차중,안전운전불이행,건조,맑음,단일로 - 기타,승합,남,62세,상해없음,승용,남,53세,경상
2014102600100185,2014년 10월 26일 11시,일요일,강원도 횡성군 둔내면,경상사고,0,0,4,0,차대차 - 추돌 - 주정차중,안전운전불이행,건조,맑음,기타 - 기타,승용,남,25세,상해없음,승용,남,30세,경상
2014102600100243,2014년 10월 26일 13시,일요일,강원도 원주시 태장동,경상사고,0,0,1,0,차대사람 - 기타,안전운전불이행,건조,맑음,단일로 - 기타,승용,여,38세,상해없음,보행자,남,8세,경상
2014102600100244,2014년 10월 26일 13시,일요일,강원도 횡성군 둔내면,중상사고,0,1,2,0,차대차 - 추돌 - 진행중,안전운전불이행,건조,맑음,교차로 - 교차로부근,건설기계,남,40세,상해없음,이륜,남,44세,경상
2014102600100268,2014년 10월 26일 14시,일요일,강원도 원주시 문막읍,중상사고,0,2,3,0,차대차 - 기타,안전거리미확보,건조,맑음,교차로 - 교차로부근,화물,남,56세,상해없음,승용,남,43세,중상
2014102600100269,2014년 10월 26일 14시,일요일,강원도 영월군 영월읍,중상사고,0,1,0,0,차량단독 - 도로외이탈 - 추락,안전운전불이행,건조,맑음,단일로 - 기타,승용,남,57세,중상,,,,
2014102600100270,2014년 10월 26일 14시,일요일,강원도 홍천군 내면,중상사고,0,4,4,0,차대차 - 기타,안전거리미확보,건조,맑음,단일로 - 기타,승용,남,61세,경상,승용,여,53세,상해없음
2014102600100363,2014년 10월 26일 17시,일요일,강원도 원주시 단계동,경상사고,0,0,2,0,차대차 - 추돌 - 진행중,안전운전불이행,건조,맑음,교차로 - 교차로부근,승용,여,52세,상해없음,승용,남,62세,상해없음
2014102600100364,2014년 10월 26일 17시,일요일,강원도 원주시 일산동,중상사고,0,1,0,0,차대사람 - 횡단중,보행자보호의무위반,건조,흐림,교차로 - 교차로부근,이륜,남,16세,상해없음,보행자,여,59세,중상
2014102600100365,2014년 10월 26일 17시,일요일,강원도 원주시 개운동,경상사고,0,0,1,0,차대차 - 기타,안전운전불이행,건조,맑음,단일로 - 기타,승용,여,32세,경상,승용,남,68세,상해없음
2014102600100366,2014년 10월 26일 17시,일요일,강원도 원주시 명륜동,부상신고사고,0,0,0,1,차대차 - 기타,안전운전불이행,건조,맑음,교차로 - 교차로부근,기타불명,기타불명,기타불명,기타불명,자전거,여,60세,부상신고
2014102600100367,2014년 10월 26일 17시,일요일,강원도 삼척시 교동,중상사고,0,1,1,0,차대차 - 기타,안전운전불이행,건조,맑음,교차로 - 교차로안,원동기,남,18세,중상,자전거,남,15세,경상
2014102600100368,2014년 10월 26일 17시,일요일,강원도 태백시 화전동,사망사고,1,0,0,0,차량단독 - 기타,안전운전불이행,건조,맑음,단일로 - 기타,자전거,남,42세,사망,,,,
2014102600100409,2014년 10월 26일 18시,일요일,강원도 원주시 단구동,부상신고사고,0,0,0,1,차대차 - 기타,안전운전불이행,건조,맑음,교차로 - 교차로안,기타불명,기타불명,기타불명,기타불명,이륜,남,16세,부상신고
2014102600100410,2014년 10월 26일 18시,일요일,강원도 양양군 양양읍,중상사고,0,3,1,0,차대차 - 측면직각충돌,안전운전불이행,건조,맑음,단일로 - 기타,승용,남,44세,상해없음,농기계,남,67세,중상
2014102600100449,2014년 10월 26일 19시,일요일,강원도 원주시 명륜동,경상사고,0,0,1,0,차대사람 - 횡단중,안전운전불이행,건조,흐림,기타 - 기타,승용,여,39세,상해없음,보행자,여,37세,경상
2014102600100552,2014년 10월 26일 22시,일요일,강원도 춘천시 효자동,중상사고,0,1,0,0,차대사람 - 기타,신호위반,습기,비,교차로 - 교차로부근,승용,남,65세,상해없음,보행자,남,52세,중상
2014102600100571,2014년 10월 26일 23시,일요일,강원도 철원군 동송읍,경상사고,0,0,1,0,차량단독 - 전도전복,안전운전불이행,건조,맑음,단일로 - 기타,이륜,남,18세,경상,,,,
2014102700100010,2014년 10월 27일 00시,월요일,강원도 강릉시 노암동,경상사고,0,0,1,0,차대차 - 측면직각충돌,안전운전불이행,건조,맑음,교차로 - 교차로안,승합,남,54세,상해없음,이륜,남,44세,경상
2014102700100084,2014년 10월 27일 07시,월요일,강원도 춘천시 온의동,경상사고,0,0,1,0,차대차 - 측면직각충돌,중앙선침범,건조,맑음,단일로 - 기타,승용,남,58세,상해없음,승용,여,21세,경상
2014102700100119,2014년 10월 27일 08시,월요일,강원도 춘천시 석사동,경상사고,0,0,1,0,차대차 - 측면직각충돌,교차로운행방법위반,건조,맑음,교차로 - 교차로안,화물,남,64세,상해없음,승용,남,58세,경상
2014102700100159,2014년 10월 27일 09시,월요일,강원도 원주시 단구동,경상사고,0,0,1,0,차대사람 - 횡단중,보행자보호의무위반,건조,맑음,단일로 - 기타,승용,남,62세,상해없음,보행자,남,5세,경상
2014102700100160,2014년 10월 27일 09시,월요일,강원도 홍천군 홍천읍,경상사고,0,0,1,0,차대차 - 기타,교차로운행방법위반,건조,맑음,교차로 - 교차로안,승용,남,65세,상해없음,자전거,여,75세,경상
2014102700100204,2014년 10월 27일 10시,월요일,강원도 강릉시 주문진읍,경상사고,0,0,1,0,차대차 - 기타,안전운전불이행,건조,맑음,교차로 - 교차로안,원동기,남,73세,상해없음,원동기,남,56세,경상
2014102700100272,2014년 10월 27일 12시,월요일,강원도 속초시 조양동,경상사고,0,0,1,0,차대차 - 추돌 - 진행중,중앙선침범,건조,맑음,단일로 - 기타,승용,여,52세,상해없음,승용,남,66세,상해없음
2014102700100308,2014년 10월 27일 13시,월요일,강원도 강릉시 임당동,중상사고,0,1,0,0,차대차 - 측면직각충돌,안전운전불이행,건조,맑음,교차로 - 교차로부근,승용,남,65세,상해없음,원동기,남,78세,중상
2014102700100309,2014년 10월 27일 13시,월요일,강원도 원주시 우산동,중상사고,0,1,0,0,차대차 - 측면직각충돌,교차로운행방법위반,건조,맑음,교차로 - 교차로안,승용,남,55세,상해없음,승용,여,65세,중상
2014102700100310,2014년 10월 27일 13시,월요일,강원도 원주시 흥업면,중상사고,0,1,0,0,차대차 - 정면충돌,중앙선침범,건조,맑음,단일로 - 기타,화물,남,42세,상해없음,화물,남,64세,중상
2014102700100350,2014년 10월 27일 14시,월요일,강원도 원주시 태장동,경상사고,0,0,3,0,차대차 - 측면직각충돌,신호위반,건조,맑음,교차로 - 교차로안,승용,남,69세,상해없음,화물,남,31세,경상
2014102700100351,2014년 10월 27일 14시,월요일,강원도 삼척시 정상동,중상사고,0,1,0,0,차대차 - 측면직각충돌,안전운전불이행,건조,맑음,교차로 - 교차로안,승용,남,71세,상해없음,원동기,여,57세,중상
2014102700100352,2014년 10월 27일 14시,월요일,강원도 태백시 장성동,경상사고,0,0,1,0,차대차 - 기타,중앙선침범,건조,맑음,단일로 - 기타,승용,남,57세,상해없음,승용,남,30세,경상
2014102700100385,2014년 10월 27일 15시,월요일,강원도 원주시 봉산동,경상사고,0,0,1,0,차대차 - 기타,안전운전불이행,건조,맑음,단일로 - 기타,승용,남,64세,상해없음,자전거,남,13세,경상
2014102700100422,2014년 10월 27일 16시,월요일,강원도 원주시 인동,경상사고,0,0,1,0,차대차 - 측면직각충돌,교차로운행방법위반,건조,맑음,교차로 - 교차로안,승합,여,59세,상해없음,승용,남,60세,경상
2014102700100468,2014년 10월 27일 17시,월요일,강원도 춘천시 퇴계동,경상사고,0,0,1,0,차대차 - 기타,안전운전불이행,건조,맑음,단일로 - 기타,승용,남,28세,상해없음,승용,여,41세,경상
2014102700100469,2014년 10월 27일 17시,월요일,강원도 삼척시 도계읍,경상사고,0,0,2,0,차대차 - 측면직각충돌,안전운전불이행,건조,맑음,단일로 - 기타,승용,여,45세,상해없음,승용,남,43세,경상
2014102700100470,2014년 10월 27일 17시,월요일,강원도 인제군 남면,경상사고,0,0,1,0,차대차 - 추돌 - 주정차중,안전운전불이행,건조,맑음,단일로 - 기타,화물,남,38세,상해없음,승용,여,45세,경상
2014102700100519,2014년 10월 27일 18시,월요일,강원도 춘천시 후평동,경상사고,0,0,1,0,차대사람 - 기타,안전운전불이행,건조,맑음,단일로 - 기타,원동기,남,44세,상해없음,보행자,남,15세,경상
2014102700100520,2014년 10월 27일 18시,월요일,강원도 원주시 소초면,중상사고,0,1,0,0,차대사람 - 횡단중,안전운전불이행,건조,맑음,단일로 - 기타,승용,여,62세,상해없음,보행자,여,41세,중상
2014102700100609,2014년 10월 27일 20시,월요일,강원도 원주시 단계동,중상사고,0,2,0,0,차대차 - 기타,신호위반,건조,맑음,교차로 - 교차로안,이륜,남,52세,상해없음,승용,남,21세,중상
2014102700100610,2014년 10월 27일 20시,월요일,강원도 정선군 사북읍,중상사고,0,1,0,0,차대차 - 측면직각충돌,교차로운행방법위반,건조,맑음,교차로 - 교차로안,승용,남,73세,상해없음,원동기,남,48세,중상
2014102700100611,2014년 10월 27일 20시,월요일,강원도 철원군 김화읍,중상사고,0,3,0,0,차대차 - 정면충돌,신호위반,건조,맑음,교차로 - 교차로안,기타불명,남,22세,상해없음,승용,남,25세,중상
2014102700100635,2014년 10월 27일 21시,월요일,강원도 춘천시 후평동,경상사고,0,0,2,0,차대차 - 측면직각충돌,안전운전불이행,건조,맑음,교차로 - 교차로부근,화물,남,30세,상해없음,승용,남,54세,경상
2014102700100636,2014년 10월 27일 21시,월요일,강원도 원주시 문막읍,중상사고,0,1,0,1,차대차 - 기타,안전거리미확보,건조,맑음,교차로 - 교차로부근,승용,남,48세,상해없음,승용,남,39세,상해없음
2014102700100637,2014년 10월 27일 21시,월요일,강원도 원주시 단구동,경상사고,0,0,3,0,차대차 - 추돌 - 주정차중,안전거리미확보,건조,맑음,교차로 - 교차로부근,승용,남,54세,상해없음,승용,여,53세,경상
2014102700100664,2014년 10월 27일 22시,월요일,강원도 강릉시 내곡동,경상사고,0,0,2,0,차대차 - 기타,안전운전불이행,건조,맑음,교차로 - 교차로안,이륜,남,23세,상해없음,이륜,남,19세,경상
2014102800100019,2014년 10월 28일 01시,화요일,강원도 원주시 가현동,사망사고,1,0,0,0,차량단독 - 공작물충돌,안전운전불이행,건조,맑음,교차로 - 교차로부근,승용,남,26세,사망,,,,
2014102800100082,2014년 10월 28일 07시,화요일,강원도 원주시 개운동,경상사고,0,0,1,0,차대차 - 기타,직진우회전진행방해,건조,맑음,교차로 - 교차로안,승용,남,60세,상해없음,승용,여,26세,경상
2014102800100083,2014년 10월 28일 07시,화요일,강원도 삼척시 도계읍,경상사고,0,0,1,0,차대차 - 측면직각충돌,안전운전불이행,건조,맑음,단일로 - 기타,화물,여,55세,경상,승용,남,55세,상해없음
2014102800100084,2014년 10월 28일 07시,화요일,강원도 고성군 토성면,중상사고,0,1,1,0,차대차 - 측면직각충돌,신호위반,건조,맑음,교차로 - 교차로안,화물,남,35세,상해없음,승용,남,45세,중상
2014102800100129,2014년 10월 28일 08시,화요일,강원도 동해시 나안동,경상사고,0,0,1,0,차대차 - 추돌 - 주정차중,안전운전불이행,건조,맑음,단일로 - 기타,화물,남,21세,상해없음,승용,여,33세,경상
2014102800100169,2014년 10월 28일 09시,화요일,강원도 춘천시 소양로2가,경상사고,0,0,1,0,차대차 - 측면직각충돌,교차로운행방법위반,건조,맑음,교차로 - 교차로안,승합,남,46세,상해없음,승용,남,77세,경상
2014102800100170,2014년 10월 28일 09시,화요일,강원도 속초시 청호동,중상사고,0,1,2,0,차대차 - 측면직각충돌,신호위반,건조,맑음,교차로 - 교차로안,승용,남,73세,상해없음,승합,여,35세,경상
2014102800100171,2014년 10월 28일 09시,화요일,강원도 속초시 노학동,중상사고,0,1,0,0,차대차 - 추돌 - 진행중,신호위반,건조,맑음,교차로 - 교차로부근,승용,남,55세,상해없음,승용,여,48세,중상
2014102800100172,2014년 10월 28일 09시,화요일,강원도 횡성군 횡성읍,경상사고,0,0,1,0,차대차 - 측면직각충돌,신호위반,건조,맑음,교차로 - 교차로안,승용,남,63세,상해없음,승용,남,38세,경상
2014102800100207,2014년 10월 28일 10시,화요일,강원도 원주시 가현동,중상사고,0,1,0,0,차대차 - 기타,직진우회전진행방해,건조,맑음,교차로 - 교차로안,승용,여,42세,상해없음,자전거,남,64세,중상
2014102800100208,2014년 10월 28일 10시,화요일,강원도 원주시 판부면,경상사고,0,0,1,0,차대차 - 측면직각충돌,안전거리미확보,건조,맑음,단일로 - 기타,승용,남,24세,상해없음,승용,여,45세,경상
2014102800100209,2014년 10월 28일 10시,화요일,강원도 횡성군 청일면,중상사고,0,1,0,0,차대사람 - 기타,안전운전불이행,건조,맑음,교차로 - 교차로안,화물,남,45세,상해없음,보행자,여,77세,중상
2014102800100210,2014년 10월 28일 10시,화요일,강원도 횡성군 공근면,중상사고,0,1,0,0,차대차 - 기타,안전운전불이행,건조,맑음,교차로 - 교차로부근,승용,남,56세,상해없음,원동기,남,38세,중상
2014102800100236,2014년 10월 28일 11시,화요일,강원도 강릉시 교동,경상사고,0,0,1,0,차대사람 - 횡단중,보행자보호의무위반,기타,기타,교차로 - 교차로안,화물,남,38세,상해없음,보행자,여,76세,경상
2014102800100237,2014년 10월 28일 11시,화요일,강원도 속초시 조양동,경상사고,0,0,1,0,차대차 - 측면직각충돌,안전운전불이행,건조,맑음,단일로 - 기타,화물,남,62세,상해없음,승용,남,33세,경상
2014102800100274,2014년 10월 28일 12시,화요일,강원도 춘천시 퇴계동,경상사고,0,0,1,0,차대사람 - 기타,안전운전불이행,건조,맑음,단일로 - 기타,승용,남,27세,상해없음,보행자,여,37세,경상
2014102800100275,2014년 10월 28일 12시,화요일,강원도 춘천시 칠전동,경상사고,0,0,1,0,차대차 - 측면직각충돌,교차로운행방법위반,건조,맑음,교차로 - 교차로부근,승용,남,66세,상해없음,승용,남,62세,경상
2014102800100276,2014년 10월 28일 12시,화요일,강원도 속초시 조양동,경상사고,0,0,1,0,차대차 - 측면직각충돌,차로위반,건조,맑음,단일로 - 기타,승용,남,73세,상해없음,승합,남,35세,경상
2014102800100277,2014년 10월 28일 12시,화요일,강원도 삼척시 근덕면,경상사고,0,0,1,0,차대차 - 기타,안전운전불이행,건조,맑음,기타 - 기타,승용,여,57세,경상,승합,남,44세,상해없음
2014102800100297,2014년 10월 28일 13시,화요일,강원도 속초시 청학동,경상사고,0,0,1,0,차대사람 - 보도통행중,보행자보호의무위반,건조,맑음,교차로 - 교차로안,화물,남,48세,상해없음,보행자,여,68세,경상
2014102800100298,2014년 10월 28일 13시,화요일,강원도 고성군 죽왕면,중상사고,0,1,0,0,차대차 - 추돌 - 진행중,안전운전불이행,건조,맑음,교차로 - 교차로부근,승용,남,20세,상해없음,승용,여,44세,중상
2014102800100299,2014년 10월 28일 13시,화요일,강원도 고성군 거진읍,경상사고,0,0,2,0,차대차 - 측면직각충돌,직진우회전진행방해,건조,맑음,교차로 - 교차로안,승용,남,24세,상해없음,화물,남,44세,경상
2014102800100333,2014년 10월 28일 14시,화요일,강원도 평창군 진부면,경상사고,0,0,1,0,차대차 - 측면직각충돌,안전운전불이행,건조,맑음,단일로 - 기타,승합,남,70세,상해없음,승용,남,41세,상해없음
2014102800100367,2014년 10월 28일 15시,화요일,강원도 속초시 도문동,중상사고,0,1,2,0,차대차 - 측면직각충돌,교차로운행방법위반,건조,맑음,교차로 - 교차로부근,승용,남,62세,상해없음,화물,여,32세,경상
2014102800100368,2014년 10월 28일 15시,화요일,강원도 영월군 영월읍,경상사고,0,0,3,0,차대차 - 기타,중앙선침범,건조,맑음,단일로 - 기타,승용,남,53세,경상,승용,남,47세,경상
2014102800100369,2014년 10월 28일 15시,화요일,강원도 홍천군 홍천읍,중상사고,0,1,0,0,차대차 - 측면직각충돌,교차로운행방법위반,건조,맑음,교차로 - 교차로안,승합,남,27세,기타불명,승용,여,53세,중상
2014102800100406,2014년 10월 28일 16시,화요일,강원도 태백시 황지동,경상사고,0,0,1,0,차대사람 - 횡단중,안전운전불이행,건조,맑음,교차로 - 교차로부근,화물,남,35세,상해없음,보행자,여,66세,경상