사고번호,사고일시,요일,시군구,사고내용,사망자수,중상자수,경상자수,부상신고자수,사고유형,법규위반,노면상태,기상상태,도로형태,가해운전자 차종,가해운전자 성별,가해운전자 연령,가해운전자 상해정도,피해운전자 차종,피해운전자 성별,피해운전자 연령,피해운전자 상해정도
2014102800100437,2014년 10월 28일 17시,화요일,강원도 원주시 단구동,경상사고,0,0,2,0,차대차 - 측면직각충돌,안전운전불이행,건조,맑음,교차로 - 교차로안,화물,여,51세,기타불명,승용,남,54세,상해없음
2014102800100438,2014년 10월 28일 17시,화요일,강원도 영월군 김삿갓면,부상신고사고,0,0,0,2,차대차 - 측면직각충돌,안전운전불이행,건조,맑음,단일로 - 기타,승용,여,46세,상해없음,승용,남,45세,상해없음
2014102800100490,2014년 10월 28일 18시,화요일,강원도 속초시 노학동,중상사고,0,3,1,0,차대차 - 추돌 - 진행중,안전거리미확보,건조,맑음,단일로 - 기타,특수,남,55세,상해없음,승용,남,61세,중상
2014102800100491,2014년 10월 28일 18시,화요일,강원도 정선군 고한읍,경상사고,0,0,4,0,차대차 - 추돌 - 진행중,안전운전불이행,건조,맑음,기타 - 기타,승용,여,32세,상해없음,승용,남,57세,경상
2014102800100492,2014년 10월 28일 18시,화요일,강원도 횡성군 공근면,경상사고,0,0,1,0,차대차 - 정면충돌,중앙선침범,건조,맑음,단일로 - 기타,승합,남,37세,상해없음,화물,남,65세,경상
2014102800100553,2014년 10월 28일 19시,화요일,강원도 강릉시 옥천동,경상사고,0,0,2,0,차대차 - 측면직각충돌,안전운전불이행,건조,맑음,교차로 - 교차로안,승용,남,39세,상해없음,승합,남,75세,경상
2014102800100554,2014년 10월 28일 19시,화요일,강원도 원주시 반곡동,경상사고,0,0,2,0,차대차 - 추돌 - 주정차중,안전거리미확보,건조,맑음,단일로 - 기타,승용,남,39세,상해없음,화물,남,55세,경상
2014102800100593,2014년 10월 28일 20시,화요일,강원도 원주시 개운동,경상사고,0,0,1,0,차대차 - 추돌 - 진행중,안전거리미확보,건조,맑음,단일로 - 기타,승용,남,70세,기타불명,승용,남,47세,경상
2014102800100627,2014년 10월 28일 21시,화요일,강원도 강릉시 내곡동,경상사고,0,0,1,0,차대차 - 기타,안전운전불이행,건조,맑음,교차로 - 교차로부근,승용,남,33세,상해없음,승용,남,58세,경상
2014102800100628,2014년 10월 28일 21시,화요일,강원도 홍천군 홍천읍,중상사고,0,1,0,0,차대차 - 기타,안전운전불이행,건조,맑음,단일로 - 기타,승용,남,43세,상해없음,승용,남,49세,중상
2014102800100666,2014년 10월 28일 22시,화요일,강원도 동해시 천곡동,중상사고,0,2,0,0,차대차 - 측면직각충돌,직진우회전진행방해,건조,맑음,교차로 - 교차로안,승용,남,40세,상해없음,승용,남,39세,중상
2014102800100695,2014년 10월 28일 23시,화요일,강원도 원주시 단구동,경상사고,0,0,1,0,차대사람 - 횡단중,보행자보호의무위반,건조,맑음,교차로 - 교차로부근,기타불명,기타불명,기타불명,기타불명,보행자,남,16세,경상
2014102800100696,2014년 10월 28일 23시,화요일,강원도 평창군 평창읍,중상사고,0,1,1,0,차대차 - 추돌 - 주정차중,안전운전불이행,건조,맑음,단일로 - 기타,화물,남,53세,중상,화물,남,34세,경상
2014102900100090,2014년 10월 29일 07시,수요일,강원도 원주시 관설동,경상사고,0,0,4,0,차대차 - 추돌 - 진행중,안전운전불이행,건조,맑음,단일로 - 횡단보도부근,승용,남,30세,기타불명,화물,남,53세,경상
2014102900100091,2014년 10월 29일 07시,수요일,강원도 원주시 단구동,경상사고,0,0,3,0,차대차 - 측면직각충돌,교차로운행방법위반,건조,맑음,교차로 - 교차로안,승용,남,31세,기타불명,화물,남,51세,경상
2014102900100092,2014년 10월 29일 07시,수요일,강원도 삼척시 남양동,경상사고,0,0,1,0,차대차 - 측면직각충돌,안전운전불이행,건조,맑음,단일로 - 기타,자전거,여,11세,경상,승용,여,54세,상해없음
2014102900100123,2014년 10월 29일 08시,수요일,강원도 춘천시 소양로1가,경상사고,0,0,4,0,차대차 - 기타,안전운전불이행,건조,맑음,교차로 - 교차로안,승용,여,49세,경상,승용,여,62세,경상
2014102900100124,2014년 10월 29일 08시,수요일,강원도 동해시 효가동,경상사고,0,0,2,0,차대차 - 추돌 - 진행중,안전운전불이행,건조,맑음,단일로 - 기타,승용,여,40세,상해없음,승용,여,45세,경상
2014102900100157,2014년 10월 29일 09시,수요일,강원도 춘천시 교동,중상사고,0,1,0,0,차대사람 - 기타,보행자보호의무위반,건조,맑음,단일로 - 횡단보도상,승용,여,38세,상해없음,보행자,여,76세,중상
2014102900100214,2014년 10월 29일 11시,수요일,강원도 춘천시 동면,경상사고,0,0,2,0,차대차 - 기타,안전거리미확보,건조,맑음,교차로 - 교차로부근,승용,남,31세,상해없음,승용,여,55세,경상
2014102900100215,2014년 10월 29일 11시,수요일,강원도 강릉시 교동,경상사고,0,0,1,0,차대차 - 측면직각충돌,안전운전불이행,건조,맑음,교차로 - 교차로안,승용,남,36세,상해없음,승용,남,67세,경상
2014102900100216,2014년 10월 29일 11시,수요일,강원도 원주시 개운동,중상사고,0,1,2,0,차대차 - 기타,안전운전불이행,건조,맑음,단일로 - 기타,승용,여,44세,상해없음,승합,남,56세,경상
2014102900100217,2014년 10월 29일 11시,수요일,강원도 삼척시 갈천동,경상사고,0,0,1,0,차대차 - 추돌 - 진행중,안전운전불이행,건조,맑음,교차로 - 교차로부근,승용,남,25세,상해없음,승용,남,45세,경상
2014102900100251,2014년 10월 29일 12시,수요일,강원도 태백시 황지동,부상신고사고,0,0,0,1,차대차 - 기타,안전운전불이행,건조,맑음,단일로 - 기타,화물,여,55세,부상신고,특수,남,53세,상해없음
2014102900100274,2014년 10월 29일 13시,수요일,강원도 춘천시 석사동,경상사고,0,0,1,0,차대차 - 기타,안전운전불이행,건조,맑음,교차로 - 교차로부근,이륜,남,41세,경상,화물,남,32세,상해없음
2014102900100300,2014년 10월 29일 14시,수요일,강원도 춘천시 교동,경상사고,0,0,1,0,차대차 - 기타,안전운전불이행,건조,맑음,단일로 - 기타,승용,남,80세,상해없음,승용,여,53세,경상
2014102900100301,2014년 10월 29일 14시,수요일,강원도 홍천군 두촌면,사망사고,1,1,0,1,차량단독 - 기타,안전운전불이행,건조,맑음,단일로 - 기타,승용,남,64세,상해없음,,,,
2014102900100362,2014년 10월 29일 16시,수요일,강원도 원주시 학성동,중상사고,0,1,0,0,차대사람 - 횡단중,안전운전불이행,건조,맑음,교차로 - 교차로안,화물,남,46세,상해없음,보행자,여,46세,중상
2014102900100363,2014년 10월 29일 16시,수요일,강원도 원주시 단계동,경상사고,0,0,1,0,차대차 - 추돌 - 진행중,안전운전불이행,건조,맑음,단일로 - 기타,승합,남,38세,상해없음,기타불명,기타불명,기타불명,기타불명
2014102900100451,2014년 10월 29일 18시,수요일,강원도 원주시 일산동,경상사고,0,0,1,0,차대차 - 추돌 - 진행중,안전거리미확보,건조,맑음,교차로 - 교차로부근,화물,남,50세,상해없음,승합,남,60세,경상
2014102900100514,2014년 10월 29일 19시,수요일,강원도 삼척시 남양동,중상사고,0,1,0,0,차대차 - 측면직각충돌,보행자보호의무위반,건조,맑음,교차로 - 교차로안,화물,남,55세,상해없음,자전거,여,60세,중상
2014103000100102,2014년 10월 30일 07시,목요일,강원도 춘천시 효자동,중상사고,0,1,0,0,차대사람 - 기타,안전운전불이행,건조,맑음,교차로 - 교차로안,승용,남,73세,상해없음,보행자,여,68세,중상
2014103000100135,2014년 10월 30일 08시,목요일,강원도 강릉시 노암동,경상사고,0,0,1,0,차대차 - 측면직각충돌,안전운전불이행,건조,맑음,단일로 - 기타,승용,여,46세,상해없음,이륜,남,71세,경상
2014103000100136,2014년 10월 30일 08시,목요일,강원도 원주시 우산동,중상사고,0,1,0,0,차대사람 - 횡단중,보행자보호의무위반,건조,맑음,단일로 - 기타,화물,남,60세,상해없음,보행자,여,60세,중상
2014103000100137,2014년 10월 30일 08시,목요일,강원도 홍천군 홍천읍,경상사고,0,0,1,0,차대차 - 측면직각충돌,직진우회전진행방해,건조,맑음,교차로 - 교차로안,승용,여,38세,상해없음,승용,여,26세,경상
2014103000100138,2014년 10월 30일 08시,목요일,강원도 화천군 화천읍,중상사고,0,1,0,0,차대사람 - 횡단중,보행자보호의무위반,건조,맑음,단일로 - 횡단보도상,승용,남,57세,상해없음,보행자,여,86세,중상
2014103000100172,2014년 10월 30일 09시,목요일,강원도 철원군 동송읍,사망사고,1,0,0,0,차대차 - 측면직각충돌,교차로운행방법위반,건조,맑음,교차로 - 교차로안,이륜,남,35세,사망,화물,남,44세,상해없음
2014103000100229,2014년 10월 30일 11시,목요일,강원도 춘천시 석사동,사망사고,1,0,0,0,차대차 - 측면직각충돌,안전운전불이행,건조,맑음,교차로 - 교차로안,승용,남,79세,상해없음,자전거,남,74세,사망
2014103000100258,2014년 10월 30일 12시,목요일,강원도 고성군 토성면,경상사고,0,0,3,0,차대차 - 기타,기타,건조,맑음,단일로 - 터널,화물,남,50세,기타불명,승용,여,51세,경상
2014103000100259,2014년 10월 30일 12시,목요일,강원도 양구군 남면,중상사고,0,1,0,0,차대차 - 기타,안전운전불이행,건조,맑음,단일로 - 기타,화물,남,54세,상해없음,이륜,남,82세,중상
2014103000100281,2014년 10월 30일 13시,목요일,강원도 양양군 양양읍,중상사고,0,1,2,0,차대차 - 측면직각충돌,안전운전불이행,건조,맑음,단일로 - 기타,화물,남,46세,상해없음,승용,여,61세,경상
2014103000100312,2014년 10월 30일 14시,목요일,강원도 원주시 우산동,경상사고,0,0,1,0,차대차 - 추돌 - 진행중,안전거리미확보,건조,맑음,단일로 - 기타,승합,남,55세,상해없음,승용,여,43세,경상
2014103000100313,2014년 10월 30일 14시,목요일,강원도 홍천군 홍천읍,경상사고,0,0,1,0,차대차 - 측면직각충돌,교차로운행방법위반,건조,맑음,교차로 - 교차로안,화물,남,21세,상해없음,화물,여,46세,경상
2014103000100341,2014년 10월 30일 15시,목요일,강원도 강릉시 옥천동,경상사고,0,0,1,0,차대차 - 측면직각충돌,안전운전불이행,건조,맑음,교차로 - 교차로안,승용,여,20세,상해없음,승용,남,65세,경상
2014103000100342,2014년 10월 30일 15시,목요일,강원도 양구군 양구읍,경상사고,0,0,1,0,차대차 - 측면직각충돌,안전운전불이행,건조,맑음,교차로 - 교차로안,승용,여,53세,상해없음,이륜,남,57세,경상
2014103000100409,2014년 10월 30일 17시,목요일,강원도 강릉시 성산면,경상사고,0,0,2,0,차대차 - 기타,중앙선침범,건조,맑음,단일로 - 기타,화물,남,46세,상해없음,승용,여,44세,경상
2014103000100410,2014년 10월 30일 17시,목요일,강원도 평창군 용평면,경상사고,0,0,2,0,차대차 - 추돌 - 진행중,안전거리미확보,건조,맑음,단일로 - 기타,화물,남,41세,상해없음,화물,남,67세,경상
2014103000100457,2014년 10월 30일 18시,목요일,강원도 원주시 행구동,중상사고,0,1,0,0,차대사람 - 횡단중,보행자보호의무위반,건조,맑음,단일로 - 기타,승용,여,54세,상해없음,보행자,남,13세,중상
2014103000100458,2014년 10월 30일 18시,목요일,강원도 원주시 신림면,경상사고,0,0,3,0,차대차 - 기타,중앙선침범,건조,맑음,단일로 - 기타,화물,남,68세,상해없음,승용,남,68세,경상
2014103000100459,2014년 10월 30일 18시,목요일,강원도 평창군 대관령면,중상사고,0,1,0,0,차대차 - 기타,신호위반,건조,맑음,교차로 - 교차로안,승합,남,20세,상해없음,농기계,남,69세,중상
2014103000100460,2014년 10월 30일 18시,목요일,강원도 인제군 인제읍,경상사고,0,0,1,0,차대차 - 기타,안전운전불이행,건조,맑음,교차로 - 교차로안,승용,남,60세,상해없음,이륜,남,33세,경상
2014103000100517,2014년 10월 30일 19시,목요일,강원도 강릉시 안현동,경상사고,0,0,1,0,차대차 - 측면직각충돌,신호위반,건조,맑음,교차로 - 교차로안,승용,여,46세,상해없음,승합,남,26세,경상
2014103000100552,2014년 10월 30일 20시,목요일,강원도 원주시 단구동,경상사고,0,0,3,0,차대차 - 추돌 - 진행중,차로위반,건조,맑음,교차로 - 교차로안,승용,남,67세,상해없음,승용,남,38세,경상
2014103000100589,2014년 10월 30일 21시,목요일,강원도 삼척시 원덕읍,중상사고,0,1,2,0,차대차 - 정면충돌,안전운전불이행,건조,맑음,교차로 - 교차로안,승용,남,59세,상해없음,자전거,여,14세,중상
2014103000100667,2014년 10월 30일 23시,목요일,강원도 강릉시 교동,경상사고,0,0,1,0,차대차 - 기타,안전운전불이행,기타,기타,단일로 - 기타,기타불명,기타불명,기타불명,기타불명,원동기,남,16세,경상
2014103000100668,2014년 10월 30일 23시,목요일,강원도 원주시 명륜동,경상사고,0,0,1,0,차대차 - 추돌 - 주정차중,안전운전불이행,건조,맑음,교차로 - 교차로부근,기타불명,기타불명,기타불명,기타불명,승용,남,53세,상해없음
2014103100100013,2014년 10월 31일 00시,금요일,강원도 강릉시 안현동,경상사고,0,0,1,0,차대차 - 기타,안전운전불이행,기타,기타,단일로 - 기타,승용,남,37세,상해없음,승용,남,53세,경상
2014103100100110,2014년 10월 31일 07시,금요일,강원도 영월군 영월읍,경상사고,0,0,2,0,차대차 - 측면직각충돌,교차로운행방법위반,습기,흐림,교차로 - 교차로안,화물,남,56세,상해없음,승용,여,48세,경상
2014103100100111,2014년 10월 31일 07시,금요일,강원도 횡성군 공근면,중상사고,0,1,0,0,차대차 - 측면직각충돌,신호위반,건조,맑음,교차로 - 교차로안,화물,남,54세,상해없음,승용,남,51세,중상
2014103100100179,2014년 10월 31일 09시,금요일,강원도 원주시 중앙동,경상사고,0,0,2,0,차대차 - 기타,안전운전불이행,건조,맑음,단일로 - 기타,승용,남,62세,상해없음,승합,남,30세,경상
2014103100100229,2014년 10월 31일 11시,금요일,강원도 원주시 소초면,경상사고,0,0,1,0,차대차 - 기타,안전거리미확보,건조,맑음,교차로 - 교차로부근,화물,남,62세,상해없음,승용,여,40세,경상
2014103100100230,2014년 10월 31일 11시,금요일,강원도 속초시 대포동,경상사고,0,0,1,0,차대차 - 추돌 - 진행중,안전운전불이행,건조,맑음,교차로 - 교차로부근,화물,남,35세,상해없음,승용,여,50세,경상
2014103100100231,2014년 10월 31일 11시,금요일,강원도 동해시 천곡동,경상사고,0,0,1,0,차대차 - 추돌 - 주정차중,안전운전불이행,건조,맑음,교차로 - 교차로부근,승용,여,35세,상해없음,승용,여,41세,경상
2014103100100251,2014년 10월 31일 12시,금요일,강원도 홍천군 홍천읍,경상사고,0,0,2,0,차대차 - 기타,안전운전불이행,건조,맑음,교차로 - 교차로부근,승용,남,23세,상해없음,승용,여,50세,경상
2014103100100279,2014년 10월 31일 13시,금요일,강원도 삼척시 도계읍,경상사고,0,0,1,0,차대차 - 측면직각충돌,안전운전불이행,습기,비,교차로 - 교차로부근,화물,남,53세,상해없음,승용,여,33세,경상
2014103100100280,2014년 10월 31일 13시,금요일,강원도 고성군 간성읍,경상사고,0,0,1,0,차대차 - 추돌 - 진행중,안전운전불이행,건조,맑음,교차로 - 교차로부근,화물,남,45세,상해없음,승용,남,28세,경상
2014103100100306,2014년 10월 31일 14시,금요일,강원도 강릉시 교동,경상사고,0,0,2,0,차대차 - 측면직각충돌,안전운전불이행,건조,맑음,교차로 - 교차로안,건설기계,남,48세,상해없음,승용,여,71세,경상
2014103100100307,2014년 10월 31일 14시,금요일,강원도 원주시 단구동,중상사고,0,1,0,0,차대차 - 기타,안전운전불이행,습기,비,단일로 - 기타,화물,남,60세,상해없음,자전거,여,70세,중상
2014103100100335,2014년 10월 31일 15시,금요일,강원도 영월군 수주면,경상사고,0,0,1,0,차대차 - 측면직각충돌,안전운전불이행,습기,비,단일로 - 기타,승용,여,52세,상해없음,화물,남,52세,경상
2014103100100360,2014년 10월 31일 16시,금요일,강원도 삼척시 근덕면,중상사고,0,1,3,0,차대차 - 측면직각충돌,안전운전불이행,습기,비,단일로 - 기타,화물,남,71세,중상,화물,남,54세,상해없음
2014103100100398,2014년 10월 31일 17시,금요일,강원도 춘천시 퇴계동,경상사고,0,0,1,0,차대사람 - 기타,안전운전불이행,건조,기타,기타 - 기타,승합,남,34세,상해없음,보행자,남,9세,경상
2014103100100399,2014년 10월 31일 17시,금요일,강원도 원주시 우산동,경상사고,0,0,1,0,차대차 - 기타,안전운전불이행,건조,맑음,단일로 - 기타,승용,여,55세,상해없음,이륜,남,25세,경상
2014103100100400,2014년 10월 31일 17시,금요일,강원도 영월군 영월읍,경상사고,0,0,1,0,차대사람 - 기타,안전운전불이행,습기,비,단일로 - 기타,승용,남,41세,상해없음,보행자,남,55세,경상
2014103100100472,2014년 10월 31일 18시,금요일,강원도 강릉시 포남동,중상사고,0,1,0,0,차대사람 - 기타,중앙선침범,습기,비,단일로 - 기타,승용,남,44세,상해없음,보행자,여,58세,중상
2014103100100473,2014년 10월 31일 18시,금요일,강원도 강릉시 포남동,중상사고,0,1,0,0,차대차 - 측면직각충돌,신호위반,건조,맑음,교차로 - 교차로부근,승용,남,21세,상해없음,자전거,남,15세,중상
2014103100100474,2014년 10월 31일 18시,금요일,강원도 원주시 태장동,경상사고,0,0,1,0,차대차 - 기타,안전거리미확보,건조,맑음,교차로 - 교차로부근,승용,남,47세,상해없음,승용,여,32세,경상
2014103100100475,2014년 10월 31일 18시,금요일,강원도 원주시 우산동,중상사고,0,1,2,0,차대차 - 측면직각충돌,직진우회전진행방해,습기,비,교차로 - 교차로안,승용,여,32세,경상,승용,남,54세,경상
2014103100100476,2014년 10월 31일 18시,금요일,강원도 영월군 영월읍,중상사고,0,1,0,0,차대사람 - 횡단중,안전운전불이행,습기,비,단일로 - 기타,승용,여,46세,상해없음,보행자,남,62세,중상
2014103100100477,2014년 10월 31일 18시,금요일,강원도 인제군 북면,중상사고,0,2,1,2,차대차 - 기타,신호위반,건조,맑음,교차로 - 교차로안,승용,여,73세,상해없음,승용,남,44세,중상
2014103100100478,2014년 10월 31일 18시,금요일,강원도 고성군 죽왕면,중상사고,0,1,4,0,차대차 - 측면직각충돌,교차로운행방법위반,건조,맑음,교차로 - 교차로안,승용,남,60세,상해없음,승용,남,56세,상해없음
2014103100100479,2014년 10월 31일 18시,금요일,강원도 철원군 김화읍,중상사고,0,1,0,0,차대사람 - 횡단중,안전운전불이행,건조,맑음,단일로 - 기타,승용,여,28세,상해없음,보행자,여,75세,중상
2014103100100558,2014년 10월 31일 19시,금요일,강원도 강릉시 교동,경상사고,0,0,3,0,차대차 - 기타,안전운전불이행,습기,비,교차로 - 교차로안,승용,남,46세,경상,승용,여,30세,경상
2014103100100559,2014년 10월 31일 19시,금요일,강원도 강릉시 노암동,경상사고,0,0,1,0,차대차 - 추돌 - 주정차중,안전운전불이행,습기,비,교차로 - 교차로안,승용,여,27세,상해없음,승용,남,49세,상해없음
2014103100100560,2014년 10월 31일 19시,금요일,강원도 원주시 호저면,중상사고,0,1,0,0,차대차 - 기타,중앙선침범,습기,비,단일로 - 기타,승용,남,52세,상해없음,승용,남,37세,중상
2014103100100561,2014년 10월 31일 19시,금요일,강원도 홍천군 홍천읍,경상사고,0,0,1,0,차대차 - 측면직각충돌,안전운전불이행,건조,맑음,교차로 - 교차로안,원동기,남,16세,상해없음,자전거,남,15세,경상
2014103100100562,2014년 10월 31일 19시,금요일,강원도 동해시 동회동,경상사고,0,0,2,0,차대차 - 추돌 - 주정차중,안전운전불이행,습기,비,교차로 - 교차로부근,승용,여,40세,상해없음,승용,남,40세,상해없음
2014103100100629,2014년 10월 31일 20시,금요일,강원도 춘천시 서면,중상사고,0,1,0,0,차대차 - 추돌 - 진행중,안전운전불이행,건조,맑음,단일로 - 기타,승용,남,35세,상해없음,건설기계,남,30세,중상
2014103100100630,2014년 10월 31일 20시,금요일,강원도 강릉시 포남동,경상사고,0,0,1,0,차대사람 - 횡단중,안전운전불이행,습기,비,교차로 - 교차로안,승용,여,44세,상해없음,보행자,남,29세,경상
2014103100100631,2014년 10월 31일 20시,금요일,강원도 원주시 흥업면,경상사고,0,0,2,0,차대차 - 기타,교차로운행방법위반,건조,맑음,교차로 - 교차로안,승용,여,30세,상해없음,승용,남,65세,경상
2014103100100632,2014년 10월 31일 20시,금요일,강원도 원주시 단구동,중상사고,0,1,0,0,차대사람 - 기타,안전운전불이행,습기,비,단일로 - 기타,기타불명,기타불명,기타불명,기타불명,보행자,남,59세,중상
2014103100100633,2014년 10월 31일 20시,금요일,강원도 원주시 명륜동,경상사고,0,0,3,0,차대차 - 측면직각충돌,직진우회전진행방해,습기,비,교차로 - 교차로안,승용,남,46세,경상,승용,남,26세,상해없음
2014103100100634,2014년 10월 31일 20시,금요일,강원도 속초시 교동,경상사고,0,0,1,0,차대차 - 측면직각충돌,교차로운행방법위반,건조,맑음,교차로 - 교차로안,승용,여,39세,상해없음,원동기,남,24세,경상
2014103100100677,2014년 10월 31일 21시,금요일,강원도 강릉시 포남동,경상사고,0,0,3,0,차대차 - 기타,교차로운행방법위반,습기,비,교차로 - 교차로안,승용,남,43세,상해없음,승용,남,68세,경상
2014103100100678,2014년 10월 31일 21시,금요일,강원도 원주시 개운동,경상사고,0,0,1,0,차대사람 - 기타,안전운전불이행,습기,비,단일로 - 기타,승용,여,53세,상해없음,보행자,여,51세,경상
2014103100100729,2014년 10월 31일 22시,금요일,강원도 원주시 단계동,경상사고,0,0,1,0,차대차 - 기타,안전운전불이행,습기,비,단일로 - 기타,승용,남,50세,상해없음,승용,남,23세,경상
2014103100100730,2014년 10월 31일 22시,금요일,강원도 원주시 무실동,경상사고,0,0,1,0,차대사람 - 횡단중,보행자보호의무위반,습기,비,교차로 - 교차로부근,승용,남,46세,상해없음,보행자,여,12세,경상
2014103100100774,2014년 10월 31일 23시,금요일,강원도 원주시 봉산동,경상사고,0,0,2,0,차대차 - 기타,교차로운행방법위반,건조,맑음,교차로 - 교차로안,승용,여,49세,상해없음,승용,여,40세,경상
2014110100100012,2014년 11월 1일 00시,토요일,강원도 동해시 천곡동,경상사고,0,0,2,0,차대차 - 측면직각충돌,직진우회전진행방해,습기,비,교차로 - 교차로안,승용,남,21세,상해없음,화물,남,45세,경상
2014110100100058,2014년 11월 1일 01시,토요일,강원도 원주시 단계동,경상사고,0,0,1,0,차량단독 - 공작물충돌,안전운전불이행,습기,비,교차로 - 교차로부근,승용,남,41세,경상,,,,
2014110100100059,2014년 11월 1일 01시,토요일,강원도 동해시 부곡동,중상사고,0,1,0,0,차대사람 - 기타,안전운전불이행,건조,맑음,단일로 - 기타,승용,남,70세,상해없음,보행자,남,39세,중상
2014110100100084,2014년 11월 1일 02시,토요일,강원도 강릉시 남문동,경상사고,0,0,2,0,차대차 - 측면직각충돌,신호위반,습기,비,교차로 - 교차로안,승용,여,56세,상해없음,승용,남,40세,경상
2014110100100085,2014년 11월 1일 02시,토요일,강원도 원주시 단계동,중상사고,0,2,3,0,차대차 - 측면직각충돌,신호위반,습기,흐림,교차로 - 교차로안,화물,남,21세,경상,승용,남,35세,중상
2014110100100109,2014년 11월 1일 03시,토요일,강원도 삼척시 교동,경상사고,0,0,2,0,차량단독 - 공작물충돌,안전운전불이행,습기,비,단일로 - 기타,승용,여,41세,상해없음,,,,
2014110100100135,2014년 11월 1일 04시,토요일,강원도 동해시 효가동,경상사고,0,0,1,0,차대차 - 측면직각충돌,신호위반,습기,비,교차로 - 교차로안,승용,여,54세,상해없음,승용,남,58세,경상
2014110100100187,2014년 11월 1일 08시,토요일,강원도 강릉시 안현동,경상사고,0,0,5,0,차대차 - 추돌 - 진행중,안전운전불이행,습기,비,단일로 - 기타,승용,남,28세,상해없음,승합,남,41세,경상
2014110100100249,2014년 11월 1일 10시,토요일,강원도 강릉시 입암동,경상사고,0,0,1,0,차대차 - 측면직각충돌,안전운전불이행,습기,흐림,단일로 - 기타,승용,여,47세,상해없음,화물,남,35세,경상
2014110100100250,2014년 11월 1일 10시,토요일,강원도 횡성군 횡성읍,중상사고,0,1,2,0,차대차 - 추돌 - 진행중,안전운전불이행,건조,맑음,교차로 - 교차로부근,승용,남,69세,상해없음,승용,남,66세,경상
2014110100100281,2014년 11월 1일 11시,토요일,강원도 원주시 단구동,경상사고,0,0,1,0,차대사람 - 기타,보행자보호의무위반,습기,비,단일로 - 횡단보도상,승용,여,44세,상해없음,보행자,남,13세,경상
2014110100100338,2014년 11월 1일 13시,토요일,강원도 원주시 흥업면,경상사고,0,0,1,0,차대차 - 추돌 - 주정차중,안전운전불이행,건조,맑음,교차로 - 교차로부근,승용,여,47세,기타불명,승용,남,37세,기타불명
2014110100100339,2014년 11월 1일 13시,토요일,강원도 양구군 양구읍,중상사고,0,1,0,0,차대차 - 기타,안전운전불이행,건조,흐림,교차로 - 교차로안,승용,여,40세,상해없음,원동기,남,64세,중상
2014110100100369,2014년 11월 1일 14시,토요일,강원도 원주시 단구동,중상사고,0,1,0,0,차대차 - 기타,교차로운행방법위반,건조,맑음,교차로 - 교차로안,화물,남,51세,상해없음,이륜,남,22세,중상
2014110100100370,2014년 11월 1일 14시,토요일,강원도 평창군 대관령면,경상사고,0,0,3,0,차대차 - 측면직각충돌,차로위반,건조,흐림,단일로 - 기타,승용,남,57세,상해없음,승용,남,29세,경상
2014110100100403,2014년 11월 1일 15시,토요일,강원도 강릉시 강동면,중상사고,0,1,1,0,차대차 - 정면충돌,중앙선침범,건조,맑음,단일로 - 기타,승합,남,60세,중상,승용,남,35세,경상
2014110100100404,2014년 11월 1일 15시,토요일,강원도 삼척시 정상동,경상사고,0,0,1,0,차대차 - 측면직각충돌,신호위반,건조,맑음,교차로 - 교차로안,승용,남,62세,상해없음,화물,남,63세,경상
2014110100100405,2014년 11월 1일 15시,토요일,강원도 철원군 근남면,사망사고,2,2,0,0,차량단독 - 도로외이탈 - 추락,안전운전불이행,건조,맑음,단일로 - 기타,화물,남,43세,사망,,,,
2014110100100464,2014년 11월 1일 17시,토요일,강원도 속초시 교동,중상사고,0,1,9,0,차대차 - 추돌 - 주정차중,기타,건조,맑음,단일로 - 기타,승용,남,43세,상해없음,승합,남,51세,상해없음
2014110100100518,2014년 11월 1일 18시,토요일,강원도 원주시 귀래면,중상사고,0,1,0,0,차량단독 - 기타,기타,건조,맑음,기타 - 기타,승용,남,54세,상해없음,,,,
2014110100100519,2014년 11월 1일 18시,토요일,강원도 원주시 문막읍,경상사고,0,0,1,0,차대차 - 기타,안전거리미확보,건조,맑음,단일로 - 기타,화물,남,58세,상해없음,이륜,남,75세,경상
2014110100100520,2014년 11월 1일 18시,토요일,강원도 평창군 봉평면,경상사고,0,0,1,0,차대차 - 측면직각충돌,안전운전불이행,습기,비,교차로 - 교차로안,화물,남,62세,상해없음,승용,여,40세,경상
2014110100100521,2014년 11월 1일 18시,토요일,강원도 횡성군 우천면,경상사고,0,0,5,0,차대차 - 추돌 - 진행중,안전운전불이행,건조,맑음,교차로 - 교차로부근,승용,남,47세,상해없음,승용,남,63세,경상
2014110100100571,2014년 11월 1일 19시,토요일,강원도 강릉시 청량동,경상사고,0,0,3,0,차대차 - 기타,신호위반,습기,흐림,교차로 - 교차로안,승용,여,39세,상해없음,승용,남,61세,경상
2014110100100615,2014년 11월 1일 20시,토요일,강원도 강릉시 포남동,경상사고,0,0,1,1,차대차 - 기타,안전운전불이행,건조,맑음,교차로 - 교차로부근,승합,남,42세,상해없음,승용,남,58세,경상