사고번호,사고일시,요일,시군구,사고내용,사망자수,중상자수,경상자수,부상신고자수,사고유형,법규위반,노면상태,기상상태,도로형태,가해운전자 차종,가해운전자 성별,가해운전자 연령,가해운전자 상해정도,피해운전자 차종,피해운전자 성별,피해운전자 연령,피해운전자 상해정도
2014111200100362,2014년 11월 12일 14시,수요일,강원도 영월군 영월읍,사망사고,1,0,0,0,차대사람 - 기타,안전운전불이행,건조,흐림,단일로 - 기타,승용,남,47세,상해없음,보행자,남,73세,사망
2014111200100363,2014년 11월 12일 14시,수요일,강원도 동해시 나안동,경상사고,0,0,4,0,차대차 - 추돌 - 진행중,안전운전불이행,건조,맑음,교차로 - 교차로부근,화물,남,65세,상해없음,승용,남,34세,경상
2014111200100392,2014년 11월 12일 15시,수요일,강원도 원주시 원동,중상사고,0,1,0,0,차대사람 - 기타,안전운전불이행,건조,맑음,단일로 - 기타,승용,여,39세,상해없음,보행자,여,54세,중상
2014111200100436,2014년 11월 12일 16시,수요일,강원도 춘천시 후평동,경상사고,0,0,1,0,차대차 - 측면직각충돌,교차로운행방법위반,건조,맑음,교차로 - 교차로안,화물,남,26세,상해없음,승용,여,26세,경상
2014111200100437,2014년 11월 12일 16시,수요일,강원도 횡성군 우천면,중상사고,0,1,1,0,차대차 - 측면직각충돌,직진우회전진행방해,건조,맑음,교차로 - 교차로안,화물,남,60세,상해없음,승용,남,54세,상해없음
2014111200100475,2014년 11월 12일 17시,수요일,강원도 춘천시 소양로1가,경상사고,0,0,1,0,차대차 - 추돌 - 주정차중,안전운전불이행,건조,맑음,교차로 - 교차로부근,승용,남,46세,상해없음,화물,남,50세,경상
2014111200100598,2014년 11월 12일 19시,수요일,강원도 춘천시 남산면,중상사고,0,1,1,0,차대차 - 측면직각충돌,안전운전불이행,건조,흐림,단일로 - 기타,승용,남,24세,상해없음,승용,남,48세,경상
2014111200100599,2014년 11월 12일 19시,수요일,강원도 춘천시 운교동,경상사고,0,0,3,0,차대차 - 측면직각충돌,직진우회전진행방해,건조,맑음,교차로 - 교차로안,승용,여,51세,상해없음,화물,남,62세,경상
2014111200100648,2014년 11월 12일 20시,수요일,강원도 원주시 태장동,중상사고,0,1,0,0,차대차 - 추돌 - 진행중,안전거리미확보,건조,맑음,교차로 - 교차로부근,화물,남,50세,상해없음,승용,남,52세,중상
2014111200100684,2014년 11월 12일 21시,수요일,강원도 강릉시 포남동,경상사고,0,0,1,1,차대차 - 기타,안전운전불이행,건조,맑음,단일로 - 기타,기타불명,기타불명,기타불명,기타불명,승합,남,40세,상해없음
2014111200100685,2014년 11월 12일 21시,수요일,강원도 원주시 태장동,경상사고,0,0,1,0,차대차 - 기타,안전운전불이행,건조,맑음,교차로 - 교차로안,승용,남,29세,상해없음,승용,남,39세,경상
2014111200100686,2014년 11월 12일 21시,수요일,강원도 속초시 조양동,경상사고,0,0,1,1,차대차 - 측면직각충돌,차로위반,건조,맑음,단일로 - 기타,승용,여,54세,상해없음,승용,여,45세,경상
2014111200100687,2014년 11월 12일 21시,수요일,강원도 평창군 방림면,중상사고,0,2,0,0,차대차 - 정면충돌,안전운전불이행,건조,맑음,단일로 - 횡단보도상,승용,남,58세,상해없음,승용,남,38세,중상
2014111200100721,2014년 11월 12일 22시,수요일,강원도 원주시 소초면,사망사고,1,1,0,0,차대차 - 기타,중앙선침범,건조,맑음,단일로 - 기타,승용,남,52세,사망,승용,남,40세,중상
2014111200100739,2014년 11월 12일 23시,수요일,강원도 춘천시 효자동,경상사고,0,0,1,0,차대차 - 측면직각충돌,안전거리미확보,건조,맑음,단일로 - 기타,이륜,남,16세,상해없음,승용,남,41세,경상
2014111200100740,2014년 11월 12일 23시,수요일,강원도 동해시 용정동,중상사고,0,1,0,0,차대차 - 기타,안전운전불이행,건조,맑음,단일로 - 기타,승용,여,45세,상해없음,자전거,남,16세,중상
2014111300100066,2014년 11월 13일 06시,목요일,강원도 강릉시 내곡동,경상사고,0,0,1,0,차대차 - 기타,신호위반,건조,맑음,교차로 - 교차로안,승용,남,67세,상해없음,자전거,남,66세,경상
2014111300100159,2014년 11월 13일 09시,목요일,강원도 강릉시 성남동,경상사고,0,0,1,0,차대차 - 추돌 - 주정차중,안전운전불이행,건조,맑음,기타 - 기타,승용,여,47세,상해없음,승용,남,37세,경상
2014111300100160,2014년 11월 13일 09시,목요일,강원도 태백시 장성동,중상사고,0,1,0,0,차대사람 - 보도통행중,보행자보호의무위반,건조,맑음,단일로 - 기타,화물,여,52세,상해없음,보행자,남,64세,중상
2014111300100193,2014년 11월 13일 10시,목요일,강원도 원주시 단계동,경상사고,0,0,3,0,차대차 - 추돌 - 진행중,안전거리미확보,건조,맑음,단일로 - 기타,승용,남,63세,상해없음,승용,남,45세,경상
2014111300100233,2014년 11월 13일 11시,목요일,강원도 춘천시 후평동,경상사고,0,0,2,0,차대차 - 측면직각충돌,교차로운행방법위반,건조,맑음,교차로 - 교차로안,승용,남,33세,상해없음,승용,남,76세,경상
2014111300100234,2014년 11월 13일 11시,목요일,강원도 양양군 강현면,경상사고,0,0,2,0,차대차 - 측면직각충돌,안전운전불이행,건조,맑음,단일로 - 기타,화물,남,52세,상해없음,승용,남,54세,경상
2014111300100235,2014년 11월 13일 11시,목요일,강원도 고성군 거진읍,경상사고,0,0,1,0,차대차 - 추돌 - 주정차중,안전운전불이행,건조,맑음,단일로 - 기타,화물,남,42세,상해없음,승합,남,50세,경상
2014111300100300,2014년 11월 13일 13시,목요일,강원도 춘천시 퇴계동,경상사고,0,0,2,0,차대차 - 측면직각충돌,신호위반,건조,맑음,교차로 - 교차로안,승용,남,79세,상해없음,승용,남,36세,경상
2014111300100301,2014년 11월 13일 13시,목요일,강원도 동해시 천곡동,경상사고,0,0,1,0,차대사람 - 기타,안전운전불이행,건조,맑음,단일로 - 기타,승용,남,48세,상해없음,보행자,여,42세,경상
2014111300100332,2014년 11월 13일 14시,목요일,강원도 춘천시 석사동,중상사고,0,1,0,0,차대차 - 추돌 - 주정차중,안전운전불이행,건조,맑음,단일로 - 기타,승용,남,49세,상해없음,승용,여,40세,중상
2014111300100333,2014년 11월 13일 14시,목요일,강원도 강릉시 구정면,사망사고,1,0,0,0,차대사람 - 기타,안전운전불이행,건조,맑음,교차로 - 교차로안,화물,남,63세,상해없음,보행자,남,44세,사망
2014111300100334,2014년 11월 13일 14시,목요일,강원도 강릉시 포남동,경상사고,0,0,1,0,차대차 - 측면직각충돌,안전운전불이행,건조,맑음,교차로 - 교차로부근,승합,남,57세,상해없음,승용,여,45세,경상
2014111300100335,2014년 11월 13일 14시,목요일,강원도 원주시 원동,경상사고,0,0,1,0,차대사람 - 기타,안전운전불이행,건조,맑음,교차로 - 교차로안,승용,남,56세,기타불명,보행자,남,45세,경상
2014111300100360,2014년 11월 13일 15시,목요일,강원도 횡성군 횡성읍,중상사고,0,1,0,0,차대차 - 추돌 - 진행중,안전운전불이행,건조,맑음,단일로 - 기타,승용,남,56세,상해없음,승용,남,39세,중상
2014111300100443,2014년 11월 13일 17시,목요일,강원도 강릉시 송정동,경상사고,0,0,1,0,차대차 - 추돌 - 진행중,안전운전불이행,건조,맑음,단일로 - 기타,승용,여,55세,상해없음,승용,남,68세,경상
2014111300100500,2014년 11월 13일 18시,목요일,강원도 원주시 문막읍,중상사고,0,2,5,0,차대차 - 기타,안전운전불이행,건조,맑음,단일로 - 기타,승용,남,79세,상해없음,승용,남,24세,중상
2014111300100501,2014년 11월 13일 18시,목요일,강원도 횡성군 갑천면,사망사고,1,0,0,0,차량단독 - 전도전복,안전운전불이행,건조,맑음,단일로 - 기타,건설기계,남,54세,사망,,,,
2014111300100560,2014년 11월 13일 19시,목요일,강원도 춘천시 동면,경상사고,0,0,1,0,차대차 - 측면직각충돌,직진우회전진행방해,건조,맑음,교차로 - 교차로안,이륜,남,34세,경상,승용,남,38세,상해없음
2014111300100561,2014년 11월 13일 19시,목요일,강원도 영월군 영월읍,중상사고,0,1,0,0,차대차 - 정면충돌,중앙선침범,건조,맑음,단일로 - 기타,승용,남,52세,상해없음,승용,남,61세,중상
2014111300100562,2014년 11월 13일 19시,목요일,강원도 동해시 천곡동,경상사고,0,0,4,0,차대차 - 추돌 - 진행중,안전거리미확보,건조,맑음,단일로 - 기타,승합,남,33세,상해없음,승용,여,32세,경상
2014111300100563,2014년 11월 13일 19시,목요일,강원도 동해시 천곡동,경상사고,0,0,1,0,차대사람 - 기타,안전운전불이행,건조,맑음,단일로 - 기타,승용,여,28세,상해없음,보행자,여,15세,경상
2014111300100601,2014년 11월 13일 20시,목요일,강원도 춘천시 퇴계동,경상사고,0,0,1,0,차대차 - 기타,안전운전불이행,건조,맑음,단일로 - 기타,이륜,남,47세,기타불명,이륜,남,19세,경상
2014111300100602,2014년 11월 13일 20시,목요일,강원도 속초시 교동,경상사고,0,0,1,0,차대차 - 측면직각충돌,안전운전불이행,건조,맑음,단일로 - 기타,승용,남,60세,상해없음,이륜,남,40세,경상
2014111300100603,2014년 11월 13일 20시,목요일,강원도 원주시 소초면,중상사고,0,2,1,0,차대차 - 추돌 - 진행중,안전운전불이행,건조,맑음,단일로 - 기타,승용,여,51세,중상,화물,남,45세,상해없음
2014111300100664,2014년 11월 13일 22시,목요일,강원도 정선군 사북읍,경상사고,0,0,3,0,차대차 - 추돌 - 진행중,안전운전불이행,건조,맑음,교차로 - 교차로안,승용,남,33세,기타불명,승용,남,53세,경상
2014111400100014,2014년 11월 14일 00시,금요일,강원도 춘천시 운교동,중상사고,0,1,1,0,차대차 - 기타,직진우회전진행방해,건조,맑음,교차로 - 교차로안,승용,남,30세,상해없음,승용,남,57세,중상
2014111400100033,2014년 11월 14일 01시,금요일,강원도 속초시 조양동,경상사고,0,0,1,0,차대차 - 추돌 - 진행중,안전운전불이행,건조,맑음,교차로 - 교차로부근,승합,남,44세,상해없음,승용,여,29세,경상
2014111400100049,2014년 11월 14일 02시,금요일,강원도 원주시 명륜동,경상사고,0,0,2,0,차대차 - 기타,안전운전불이행,건조,맑음,교차로 - 교차로부근,승용,여,48세,상해없음,승용,남,41세,경상
2014111400100070,2014년 11월 14일 04시,금요일,강원도 강릉시 유산동,중상사고,0,1,1,0,차량단독 - 공작물충돌,안전운전불이행,건조,맑음,교차로 - 교차로부근,승용,남,24세,상해없음,,,,
2014111400100109,2014년 11월 14일 06시,금요일,강원도 삼척시 교동,경상사고,0,0,1,0,차대차 - 측면직각충돌,안전운전불이행,건조,맑음,단일로 - 기타,승용,남,34세,경상,건설기계,남,50세,상해없음
2014111400100165,2014년 11월 14일 08시,금요일,강원도 강릉시 주문진읍,경상사고,0,0,1,0,차대차 - 기타,안전운전불이행,건조,맑음,교차로 - 교차로안,승용,남,52세,상해없음,승용,여,35세,경상
2014111400100201,2014년 11월 14일 09시,금요일,강원도 원주시 태장동,중상사고,0,1,0,0,차대차 - 측면직각충돌,교차로운행방법위반,건조,맑음,교차로 - 교차로안,승합,여,55세,상해없음,이륜,남,84세,중상
2014111400100202,2014년 11월 14일 09시,금요일,강원도 인제군 북면,경상사고,0,0,3,0,차대차 - 정면충돌,중앙선침범,건조,맑음,단일로 - 기타,승용,남,70세,상해없음,승용,여,37세,경상
2014111400100240,2014년 11월 14일 10시,금요일,강원도 춘천시 중앙로1가,경상사고,0,0,1,0,차대사람 - 기타,안전운전불이행,건조,맑음,단일로 - 기타,승용,남,49세,상해없음,보행자,남,78세,경상
2014111400100286,2014년 11월 14일 12시,금요일,강원도 춘천시 중앙로3가,경상사고,0,0,2,0,차대차 - 측면직각충돌,안전운전불이행,건조,맑음,교차로 - 교차로부근,승용,여,51세,상해없음,승합,남,40세,경상
2014111400100287,2014년 11월 14일 12시,금요일,강원도 원주시 호저면,중상사고,0,2,0,0,차대차 - 추돌 - 진행중,안전거리미확보,건조,맑음,교차로 - 교차로안,승합,여,52세,상해없음,승용,여,40세,중상
2014111400100288,2014년 11월 14일 12시,금요일,강원도 속초시 동명동,경상사고,0,0,1,0,차대차 - 측면직각충돌,안전운전불이행,건조,맑음,단일로 - 기타,승합,남,56세,상해없음,원동기,남,32세,경상
2014111400100289,2014년 11월 14일 12시,금요일,강원도 삼척시 근덕면,중상사고,0,1,0,0,차대사람 - 기타,안전운전불이행,건조,맑음,교차로 - 교차로안,승용,남,67세,상해없음,보행자,남,62세,중상
2014111400100290,2014년 11월 14일 12시,금요일,강원도 홍천군 홍천읍,경상사고,0,0,1,0,차대사람 - 기타,안전운전불이행,건조,맑음,교차로 - 교차로부근,화물,남,57세,상해없음,보행자,여,56세,경상
2014111400100322,2014년 11월 14일 13시,금요일,강원도 태백시 황지동,중상사고,0,1,0,0,차대차 - 기타,안전운전불이행,건조,맑음,단일로 - 기타,승용,여,31세,상해없음,이륜,남,50세,중상
2014111400100366,2014년 11월 14일 14시,금요일,강원도 춘천시 효자동,중상사고,0,1,0,0,차대사람 - 기타,교차로운행방법위반,건조,맑음,교차로 - 교차로부근,화물,남,41세,상해없음,보행자,여,8세,중상
2014111400100367,2014년 11월 14일 14시,금요일,강원도 춘천시 후평동,경상사고,0,0,1,0,차대사람 - 기타,안전운전불이행,건조,맑음,교차로 - 교차로안,승용,남,50세,상해없음,보행자,여,59세,경상
2014111400100407,2014년 11월 14일 15시,금요일,강원도 원주시 무실동,경상사고,0,0,1,0,차대사람 - 횡단중,보행자보호의무위반,건조,맑음,단일로 - 횡단보도상,승용,남,56세,상해없음,보행자,남,8세,경상
2014111400100408,2014년 11월 14일 15시,금요일,강원도 원주시 우산동,경상사고,0,0,1,0,차대차 - 기타,불법유턴,건조,맑음,교차로 - 교차로부근,화물,남,53세,상해없음,승용,여,60세,경상
2014111400100453,2014년 11월 14일 16시,금요일,강원도 원주시 개운동,경상사고,0,0,2,0,차대차 - 추돌 - 진행중,안전거리미확보,건조,맑음,교차로 - 교차로부근,승합,여,65세,상해없음,승용,여,57세,경상
2014111400100454,2014년 11월 14일 16시,금요일,강원도 동해시 부곡동,경상사고,0,0,1,0,차대사람 - 횡단중,안전운전불이행,건조,맑음,교차로 - 교차로부근,승용,여,56세,상해없음,보행자,남,13세,경상
2014111400100494,2014년 11월 14일 17시,금요일,강원도 춘천시 석사동,중상사고,0,1,1,0,차대차 - 측면직각충돌,신호위반,건조,맑음,교차로 - 교차로안,승용,남,67세,상해없음,승용,여,64세,경상
2014111400100495,2014년 11월 14일 17시,금요일,강원도 강릉시 성남동,경상사고,0,0,1,0,차대사람 - 보도통행중,보행자보호의무위반,건조,맑음,기타 - 기타,원동기,여,64세,상해없음,보행자,여,67세,경상
2014111400100558,2014년 11월 14일 18시,금요일,강원도 강릉시 포남동,부상신고사고,0,0,0,1,차대사람 - 기타,안전운전불이행,건조,맑음,교차로 - 교차로안,승용,남,37세,상해없음,보행자,남,47세,부상신고
2014111400100559,2014년 11월 14일 18시,금요일,강원도 원주시 단계동,경상사고,0,0,1,0,차대차 - 기타,교차로운행방법위반,건조,맑음,교차로 - 교차로안,승용,남,27세,상해없음,승용,남,31세,경상
2014111400100560,2014년 11월 14일 18시,금요일,강원도 삼척시 원덕읍,경상사고,0,0,1,0,차대차 - 추돌 - 진행중,안전운전불이행,건조,맑음,단일로 - 기타,승용,남,47세,경상,화물,남,47세,상해없음
2014111400100561,2014년 11월 14일 18시,금요일,강원도 홍천군 홍천읍,중상사고,0,1,0,0,차대사람 - 기타,보행자보호의무위반,건조,맑음,교차로 - 교차로안,승용,남,58세,상해없음,보행자,남,56세,중상
2014111400100622,2014년 11월 14일 19시,금요일,강원도 춘천시 중앙로1가,경상사고,0,0,1,0,차대차 - 기타,안전운전불이행,건조,맑음,교차로 - 교차로안,승용,남,51세,상해없음,승용,남,54세,상해없음
2014111400100623,2014년 11월 14일 19시,금요일,강원도 강릉시 교동,중상사고,0,1,0,0,차대차 - 기타,안전운전불이행,건조,맑음,단일로 - 기타,승용,여,42세,상해없음,이륜,남,17세,중상
2014111400100624,2014년 11월 14일 19시,금요일,강원도 원주시 단계동,중상사고,0,2,2,0,차대차 - 추돌 - 진행중,안전운전불이행,건조,맑음,단일로 - 기타,승용,남,33세,상해없음,승용,남,44세,경상
2014111400100625,2014년 11월 14일 19시,금요일,강원도 영월군 한반도면,경상사고,0,0,1,0,차대차 - 측면직각충돌,안전운전불이행,건조,맑음,단일로 - 기타,승용,남,72세,상해없음,승용,남,61세,경상
2014111400100626,2014년 11월 14일 19시,금요일,강원도 동해시 천곡동,경상사고,0,0,1,0,차대차 - 측면직각충돌,교차로운행방법위반,건조,맑음,교차로 - 교차로안,승용,여,41세,상해없음,승용,여,56세,경상
2014111400100663,2014년 11월 14일 20시,금요일,강원도 강릉시 대전동,경상사고,0,0,1,0,차대차 - 기타,안전운전불이행,건조,맑음,교차로 - 교차로부근,승용,남,51세,상해없음,승용,여,56세,경상
2014111400100664,2014년 11월 14일 20시,금요일,강원도 강릉시 옥계면,경상사고,0,0,1,0,차대차 - 기타,안전운전불이행,기타,기타,단일로 - 기타,화물,남,46세,상해없음,승용,남,63세,경상
2014111400100665,2014년 11월 14일 20시,금요일,강원도 원주시 우산동,경상사고,0,0,1,0,차대차 - 측면직각충돌,교차로운행방법위반,건조,맑음,교차로 - 교차로안,화물,남,50세,상해없음,승용,남,28세,경상
2014111400100713,2014년 11월 14일 21시,금요일,강원도 강릉시 홍제동,경상사고,0,0,1,0,차대차 - 기타,안전운전불이행,건조,맑음,단일로 - 기타,승용,남,25세,상해없음,승용,여,53세,경상
2014111400100714,2014년 11월 14일 21시,금요일,강원도 원주시 관설동,경상사고,0,0,1,0,차대차 - 기타,신호위반,건조,맑음,교차로 - 교차로부근,승합,여,54세,상해없음,승용,남,29세,상해없음
2014111400100791,2014년 11월 14일 23시,금요일,강원도 춘천시 우두동,경상사고,0,0,1,0,차대차 - 기타,안전운전불이행,건조,맑음,교차로 - 교차로부근,승용,남,33세,상해없음,이륜,남,16세,경상
2014111500100016,2014년 11월 15일 00시,토요일,강원도 원주시 명륜동,중상사고,0,1,1,0,차대차 - 추돌 - 진행중,안전거리미확보,건조,맑음,단일로 - 기타,승합,남,32세,기타불명,승용,남,26세,경상
2014111500100038,2014년 11월 15일 01시,토요일,강원도 원주시 단계동,경상사고,0,0,5,0,차대차 - 측면직각충돌,교차로운행방법위반,건조,맑음,교차로 - 교차로안,승합,남,37세,상해없음,승용,남,21세,경상
2014111500100058,2014년 11월 15일 02시,토요일,강원도 춘천시 석사동,경상사고,0,0,1,0,차대사람 - 기타,안전운전불이행,건조,맑음,단일로 - 기타,승용,남,25세,상해없음,보행자,남,37세,경상
2014111500100097,2014년 11월 15일 05시,토요일,강원도 원주시 우산동,경상사고,0,0,1,0,차대차 - 측면직각충돌,신호위반,건조,맑음,교차로 - 교차로안,승합,남,60세,상해없음,자전거,여,49세,경상
2014111500100131,2014년 11월 15일 07시,토요일,강원도 강릉시 사천면,경상사고,0,0,4,0,차대차 - 정면충돌,안전운전불이행,기타,기타,단일로 - 기타,화물,남,43세,경상,승용,남,66세,경상
2014111500100132,2014년 11월 15일 07시,토요일,강원도 속초시 교동,경상사고,0,0,1,0,차대차 - 측면직각충돌,신호위반,건조,맑음,교차로 - 교차로안,승용,남,58세,상해없음,승용,남,24세,경상
2014111500100159,2014년 11월 15일 08시,토요일,강원도 양구군 양구읍,중상사고,0,1,0,0,차대사람 - 기타,안전운전불이행,건조,맑음,기타 - 기타,승용,여,43세,상해없음,보행자,여,84세,중상
2014111500100218,2014년 11월 15일 10시,토요일,강원도 횡성군 갑천면,경상사고,0,0,1,0,차량단독 - 공작물충돌,안전운전불이행,건조,맑음,단일로 - 기타,승용,남,75세,경상,,,,
2014111500100219,2014년 11월 15일 10시,토요일,강원도 동해시 쇄운동,중상사고,0,1,0,0,차대차 - 기타,안전운전불이행,건조,맑음,미분류 - 미분류,승용,남,61세,상해없음,이륜,남,71세,중상
2014111500100251,2014년 11월 15일 11시,토요일,강원도 원주시 단계동,경상사고,0,0,2,0,차대차 - 기타,안전운전불이행,건조,맑음,교차로 - 교차로부근,승용,여,25세,상해없음,승용,여,30세,상해없음
2014111500100252,2014년 11월 15일 11시,토요일,강원도 태백시 혈동,경상사고,0,0,1,0,차대사람 - 기타,안전운전불이행,건조,맑음,기타 - 기타,승용,남,33세,상해없음,보행자,여,62세,경상
2014111500100286,2014년 11월 15일 12시,토요일,강원도 춘천시 교동,경상사고,0,0,2,0,차대차 - 측면직각충돌,안전운전불이행,건조,맑음,단일로 - 기타,화물,남,52세,상해없음,승합,남,46세,경상
2014111500100310,2014년 11월 15일 13시,토요일,강원도 동해시 천곡동,중상사고,0,1,0,0,차대사람 - 길가장자리구역통행중,안전운전불이행,건조,맑음,단일로 - 기타,승용,여,49세,상해없음,보행자,남,10세,중상
2014111500100345,2014년 11월 15일 14시,토요일,강원도 춘천시 신북읍,경상사고,0,0,1,0,차대사람 - 기타,안전운전불이행,건조,맑음,단일로 - 기타,승용,남,61세,상해없음,보행자,남,28세,경상
2014111500100346,2014년 11월 15일 14시,토요일,강원도 춘천시 근화동,경상사고,0,0,1,0,차대차 - 추돌 - 진행중,교차로운행방법위반,건조,맑음,교차로 - 교차로안,승용,남,52세,상해없음,화물,남,23세,경상
2014111500100347,2014년 11월 15일 14시,토요일,강원도 원주시 태장동,중상사고,0,1,1,0,차대차 - 측면직각충돌,안전운전불이행,건조,맑음,단일로 - 기타,승용,남,59세,상해없음,승용,남,47세,중상
2014111500100460,2014년 11월 15일 17시,토요일,강원도 춘천시 후평동,중상사고,0,1,0,0,차대사람 - 횡단중,안전운전불이행,건조,맑음,단일로 - 기타,원동기,여,57세,상해없음,보행자,남,79세,중상
2014111500100461,2014년 11월 15일 17시,토요일,강원도 강릉시 송정동,경상사고,0,0,1,0,차대차 - 기타,안전운전불이행,건조,맑음,기타 - 기타,건설기계,남,43세,상해없음,승용,여,41세,경상
2014111500100462,2014년 11월 15일 17시,토요일,강원도 원주시 태장동,경상사고,0,0,1,0,차대차 - 추돌 - 진행중,안전운전불이행,건조,맑음,단일로 - 기타,승용,남,61세,상해없음,건설기계,남,59세,상해없음
2014111500100463,2014년 11월 15일 17시,토요일,강원도 홍천군 북방면,중상사고,0,1,0,0,차대차 - 기타,안전운전불이행,건조,맑음,교차로 - 교차로안,승용,남,56세,상해없음,승용,남,45세,중상
2014111500100512,2014년 11월 15일 18시,토요일,강원도 화천군 화천읍,중상사고,0,2,0,0,차대차 - 정면충돌,중앙선침범,건조,맑음,단일로 - 기타,승용,남,41세,상해없음,승용,남,65세,중상
2014111500100513,2014년 11월 15일 18시,토요일,강원도 동해시 동회동,경상사고,0,0,1,0,차대차 - 기타,안전운전불이행,건조,맑음,교차로 - 교차로안,승용,여,63세,상해없음,자전거,남,66세,경상
2014111500100551,2014년 11월 15일 19시,토요일,강원도 춘천시 교동,경상사고,0,0,1,0,차대차 - 측면직각충돌,안전거리미확보,건조,맑음,단일로 - 기타,승용,남,60세,상해없음,원동기,남,39세,경상
2014111500100552,2014년 11월 15일 19시,토요일,강원도 강릉시 옥천동,경상사고,0,0,1,0,차대차 - 기타,교차로운행방법위반,건조,맑음,교차로 - 교차로안,승용,남,26세,상해없음,원동기,남,52세,경상
2014111500100553,2014년 11월 15일 19시,토요일,강원도 양구군 양구읍,중상사고,0,1,0,0,차대차 - 측면직각충돌,안전운전불이행,건조,맑음,교차로 - 교차로안,원동기,남,16세,상해없음,원동기,남,17세,중상
2014111500100615,2014년 11월 15일 21시,토요일,강원도 원주시 명륜동,경상사고,0,0,1,0,차대차 - 기타,안전운전불이행,건조,맑음,단일로 - 기타,승용,남,26세,상해없음,승용,남,24세,경상
2014111500100616,2014년 11월 15일 21시,토요일,강원도 평창군 봉평면,중상사고,0,2,1,0,차대차 - 측면직각충돌,안전운전불이행,건조,맑음,기타 - 기타,승용,남,36세,상해없음,승용,남,33세,중상
2014111500100643,2014년 11월 15일 22시,토요일,강원도 원주시 인동,부상신고사고,0,0,0,1,차대사람 - 차도통행중,안전운전불이행,건조,맑음,교차로 - 교차로안,승용,남,54세,상해없음,보행자,남,65세,부상신고
2014111500100670,2014년 11월 15일 23시,토요일,강원도 강릉시 홍제동,중상사고,0,1,0,0,차량단독 - 전도전복,안전운전불이행,건조,맑음,단일로 - 기타,원동기,남,23세,중상,,,,
2014111600100015,2014년 11월 16일 00시,일요일,강원도 춘천시 교동,중상사고,0,2,1,0,차대차 - 추돌 - 주정차중,안전운전불이행,건조,맑음,단일로 - 기타,승용,남,32세,상해없음,승용,남,30세,기타불명
2014111600100016,2014년 11월 16일 00시,일요일,강원도 원주시 단구동,경상사고,0,0,2,0,차대차 - 추돌 - 주정차중,안전운전불이행,건조,맑음,교차로 - 교차로부근,화물,남,50세,상해없음,승용,남,73세,경상
2014111600100017,2014년 11월 16일 00시,일요일,강원도 양양군 양양읍,경상사고,0,0,1,0,차대차 - 측면직각충돌,안전운전불이행,건조,맑음,교차로 - 교차로안,승용,여,43세,상해없음,화물,남,53세,기타불명
2014111600100080,2014년 11월 16일 04시,일요일,강원도 춘천시 퇴계동,경상사고,0,0,1,0,차대차 - 기타,교차로운행방법위반,건조,맑음,교차로 - 교차로부근,승용,남,40세,상해없음,승용,남,61세,경상
2014111600100081,2014년 11월 16일 04시,일요일,강원도 동해시 천곡동,경상사고,0,0,1,0,차대차 - 측면직각충돌,안전운전불이행,건조,맑음,교차로 - 교차로부근,승용,남,26세,상해없음,승용,남,52세,경상
2014111600100119,2014년 11월 16일 07시,일요일,강원도 강릉시 강문동,경상사고,0,0,3,0,차대차 - 기타,안전운전불이행,건조,맑음,단일로 - 기타,승용,남,26세,상해없음,승용,남,59세,상해없음
2014111600100120,2014년 11월 16일 07시,일요일,강원도 원주시 반곡동,경상사고,0,0,3,0,차대차 - 추돌 - 진행중,안전운전불이행,건조,맑음,단일로 - 기타,승용,남,39세,상해없음,승합,남,55세,경상
2014111600100156,2014년 11월 16일 10시,일요일,강원도 속초시 장사동,경상사고,0,0,3,0,차대차 - 측면직각충돌,안전운전불이행,건조,맑음,교차로 - 교차로안,승합,남,45세,상해없음,승용,남,43세,경상
2014111600100184,2014년 11월 16일 11시,일요일,강원도 횡성군 우천면,사망사고,1,0,0,0,차대사람 - 횡단중,보행자보호의무위반,건조,맑음,단일로 - 횡단보도상,승용,여,75세,상해없음,보행자,여,82세,사망
2014111600100207,2014년 11월 16일 12시,일요일,강원도 춘천시 중앙로2가,경상사고,0,0,2,0,차대차 - 측면직각충돌,안전거리미확보,건조,맑음,교차로 - 교차로부근,승용,남,85세,상해없음,승용,남,41세,경상
2014111600100208,2014년 11월 16일 12시,일요일,강원도 춘천시 효자동,경상사고,0,0,1,0,차대차 - 측면직각충돌,안전운전불이행,건조,맑음,교차로 - 교차로부근,승용,남,69세,상해없음,승용,남,61세,경상
2014111600100266,2014년 11월 16일 14시,일요일,강원도 춘천시 후평동,경상사고,0,0,1,0,차대차 - 측면직각충돌,기타,건조,맑음,단일로 - 기타,승용,여,47세,상해없음,이륜,남,16세,경상
2014111600100318,2014년 11월 16일 16시,일요일,강원도 강릉시 포남동,경상사고,0,0,1,0,차대차 - 기타,안전운전불이행,건조,맑음,교차로 - 교차로안,승용,여,37세,상해없음,이륜,남,16세,경상
2014111600100319,2014년 11월 16일 16시,일요일,강원도 원주시 문막읍,중상사고,0,1,0,0,차대사람 - 기타,안전운전불이행,건조,맑음,교차로 - 교차로안,승용,남,26세,상해없음,보행자,여,80세,중상