사고번호,사고일시,요일,시군구,사고내용,사망자수,중상자수,경상자수,부상신고자수,사고유형,법규위반,노면상태,기상상태,도로형태,가해운전자 차종,가해운전자 성별,가해운전자 연령,가해운전자 상해정도,피해운전자 차종,피해운전자 성별,피해운전자 연령,피해운전자 상해정도
2014112700100200,2014년 11월 27일 10시,목요일,강원도 원주시 문막읍,경상사고,0,0,2,0,차대차 - 추돌 - 진행중,신호위반,건조,맑음,교차로 - 교차로안,승용,남,78세,상해없음,승용,여,51세,경상
2014112700100252,2014년 11월 27일 12시,목요일,강원도 원주시 우산동,부상신고사고,0,0,0,1,차대차 - 기타,안전운전불이행,건조,맑음,교차로 - 교차로안,기타불명,기타불명,기타불명,기타불명,승용,남,60세,부상신고
2014112700100281,2014년 11월 27일 13시,목요일,강원도 춘천시 후평동,중상사고,0,1,0,0,차대사람 - 횡단중,안전운전불이행,건조,맑음,교차로 - 교차로안,승용,여,43세,상해없음,보행자,남,79세,중상
2014112700100282,2014년 11월 27일 13시,목요일,강원도 속초시 장사동,경상사고,0,0,1,0,차대사람 - 보도통행중,안전운전불이행,건조,맑음,단일로 - 기타,화물,남,56세,기타불명,보행자,남,18세,경상
2014112700100313,2014년 11월 27일 14시,목요일,강원도 속초시 동명동,경상사고,0,0,1,0,차대차 - 측면직각충돌,안전운전불이행,건조,맑음,단일로 - 기타,승용,여,56세,상해없음,자전거,남,78세,경상
2014112700100314,2014년 11월 27일 14시,목요일,강원도 양구군 양구읍,중상사고,0,1,0,0,차대차 - 측면직각충돌,안전운전불이행,건조,맑음,단일로 - 기타,승용,남,56세,상해없음,이륜,남,70세,중상
2014112700100370,2014년 11월 27일 16시,목요일,강원도 춘천시 후평동,경상사고,0,0,1,0,차대차 - 기타,안전운전불이행,건조,맑음,단일로 - 기타,승용,여,57세,상해없음,자전거,남,15세,경상
2014112700100463,2014년 11월 27일 18시,목요일,강원도 춘천시 석사동,중상사고,0,1,0,0,차대차 - 측면직각충돌,교차로운행방법위반,건조,맑음,교차로 - 교차로안,승용,남,43세,상해없음,원동기,남,32세,중상
2014112700100464,2014년 11월 27일 18시,목요일,강원도 춘천시 소양로1가,경상사고,0,0,1,0,차대차 - 추돌 - 주정차중,안전거리미확보,건조,맑음,교차로 - 교차로부근,승용,남,67세,상해없음,이륜,남,34세,경상
2014112700100465,2014년 11월 27일 18시,목요일,강원도 원주시 단계동,중상사고,0,1,0,0,차대차 - 기타,신호위반,건조,맑음,교차로 - 교차로안,승용,남,58세,상해없음,원동기,남,54세,중상
2014112700100466,2014년 11월 27일 18시,목요일,강원도 인제군 인제읍,중상사고,0,1,0,0,차대사람 - 길가장자리구역통행중,안전운전불이행,건조,맑음,단일로 - 기타,승용,여,60세,상해없음,보행자,남,55세,중상
2014112700100467,2014년 11월 27일 18시,목요일,강원도 고성군 토성면,중상사고,0,1,0,0,차량단독 - 도로외이탈 - 기타,안전운전불이행,건조,맑음,교차로 - 교차로부근,농기계,남,73세,상해없음,,,,
2014112700100508,2014년 11월 27일 19시,목요일,강원도 원주시 반곡동,경상사고,0,0,2,0,차대차 - 추돌 - 주정차중,안전거리미확보,건조,맑음,교차로 - 교차로부근,승용,남,47세,상해없음,승용,여,34세,경상
2014112700100509,2014년 11월 27일 19시,목요일,강원도 철원군 철원읍,경상사고,0,0,1,0,차대차 - 측면직각충돌,교차로운행방법위반,건조,맑음,교차로 - 교차로안,승용,남,57세,상해없음,자전거,남,17세,경상
2014112700100538,2014년 11월 27일 20시,목요일,강원도 춘천시 퇴계동,경상사고,0,0,1,0,차대차 - 측면직각충돌,안전운전불이행,건조,맑음,교차로 - 교차로부근,승용,남,39세,상해없음,승용,남,46세,경상
2014112700100539,2014년 11월 27일 20시,목요일,강원도 홍천군 화촌면,중상사고,0,1,2,0,차대차 - 기타,안전운전불이행,건조,맑음,교차로 - 교차로부근,승용,남,54세,상해없음,승용,남,41세,상해없음
2014112700100540,2014년 11월 27일 20시,목요일,강원도 평창군 방림면,경상사고,0,0,1,0,차대사람 - 횡단중,안전운전불이행,건조,맑음,단일로 - 기타,승용,남,51세,상해없음,보행자,남,53세,경상
2014112800100070,2014년 11월 28일 04시,금요일,강원도 원주시 개운동,중상사고,0,2,1,0,차대차 - 측면직각충돌,신호위반,건조,맑음,교차로 - 교차로안,화물,남,53세,상해없음,승용,남,64세,중상
2014112800100081,2014년 11월 28일 05시,금요일,강원도 춘천시 소양로1가,중상사고,0,1,2,0,차대차 - 기타,교차로운행방법위반,건조,맑음,교차로 - 교차로안,승용,남,56세,경상,원동기,남,22세,중상
2014112800100082,2014년 11월 28일 05시,금요일,강원도 원주시 중앙동,경상사고,0,0,1,0,차대차 - 측면직각충돌,신호위반,건조,맑음,교차로 - 교차로안,화물,남,51세,상해없음,승용,남,55세,경상
2014112800100189,2014년 11월 28일 09시,금요일,강원도 원주시 단계동,경상사고,0,0,1,0,차대차 - 추돌 - 진행중,불법유턴,건조,맑음,교차로 - 교차로부근,승용,남,77세,상해없음,승용,남,50세,경상
2014112800100190,2014년 11월 28일 09시,금요일,강원도 철원군 김화읍,중상사고,0,1,0,0,차대차 - 측면직각충돌,안전운전불이행,건조,맑음,교차로 - 교차로안,승용,남,46세,상해없음,승용,남,50세,중상
2014112800100264,2014년 11월 28일 11시,금요일,강원도 강릉시 주문진읍,경상사고,0,0,2,0,차대차 - 측면직각충돌,신호위반,건조,맑음,교차로 - 교차로안,승용,남,65세,상해없음,승용,여,49세,경상
2014112800100326,2014년 11월 28일 13시,금요일,강원도 삼척시 원덕읍,경상사고,0,0,1,0,차대차 - 측면직각충돌,중앙선침범,건조,맑음,단일로 - 기타,승용,남,36세,상해없음,승용,여,38세,경상
2014112800100327,2014년 11월 28일 13시,금요일,강원도 양구군 양구읍,중상사고,0,1,0,0,차대사람 - 횡단중,안전운전불이행,습기,비,교차로 - 교차로안,승용,남,40세,상해없음,보행자,여,75세,중상
2014112800100359,2014년 11월 28일 14시,금요일,강원도 춘천시 퇴계동,중상사고,0,1,3,0,차대차 - 기타,안전운전불이행,건조,맑음,교차로 - 교차로부근,승용,남,51세,상해없음,승용,남,62세,중상
2014112800100427,2014년 11월 28일 16시,금요일,강원도 강릉시 교동,경상사고,0,0,1,0,차대차 - 측면직각충돌,안전운전불이행,건조,맑음,교차로 - 교차로안,승용,남,30세,상해없음,승합,남,71세,경상
2014112800100428,2014년 11월 28일 16시,금요일,강원도 원주시 원동,경상사고,0,0,1,0,차대차 - 기타,교차로운행방법위반,건조,맑음,교차로 - 교차로안,승용,여,31세,상해없음,승용,남,46세,경상
2014112800100477,2014년 11월 28일 17시,금요일,강원도 속초시 장사동,경상사고,0,0,3,0,차대차 - 측면직각충돌,중앙선침범,습기,비,단일로 - 기타,승용,여,47세,상해없음,승용,여,49세,경상
2014112800100478,2014년 11월 28일 17시,금요일,강원도 동해시 송정동,경상사고,0,0,1,0,차대차 - 측면직각충돌,안전거리미확보,습기,비,단일로 - 기타,승용,남,53세,상해없음,승용,여,38세,경상
2014112800100532,2014년 11월 28일 18시,금요일,강원도 춘천시 근화동,중상사고,0,1,2,0,차대차 - 추돌 - 진행중,안전운전불이행,기타,비,교차로 - 교차로안,화물,남,54세,상해없음,승용,남,48세,경상
2014112800100533,2014년 11월 28일 18시,금요일,강원도 원주시 단계동,경상사고,0,0,3,0,차대차 - 기타,안전운전불이행,건조,맑음,단일로 - 기타,화물,남,28세,상해없음,승용,여,26세,경상
2014112800100616,2014년 11월 28일 19시,금요일,강원도 춘천시 삼천동,경상사고,0,0,1,0,차대차 - 측면직각충돌,안전운전불이행,습기,흐림,단일로 - 기타,승합,남,56세,상해없음,화물,남,58세,경상
2014112800100617,2014년 11월 28일 19시,금요일,강원도 원주시 단계동,경상사고,0,0,1,0,차대차 - 기타,기타,습기,비,단일로 - 기타,특수,남,45세,상해없음,승용,남,26세,경상
2014112800100618,2014년 11월 28일 19시,금요일,강원도 횡성군 공근면,중상사고,0,1,0,0,차대사람 - 차도통행중,안전운전불이행,건조,맑음,단일로 - 기타,승용,남,34세,상해없음,보행자,남,57세,중상
2014112800100672,2014년 11월 28일 20시,금요일,강원도 춘천시 동면,중상사고,0,3,0,0,차대차 - 측면직각충돌,안전운전불이행,습기,비,교차로 - 교차로안,승용,남,23세,기타불명,화물,남,49세,중상
2014112800100715,2014년 11월 28일 21시,금요일,강원도 춘천시 석사동,중상사고,0,1,0,0,차대사람 - 기타,안전운전불이행,습기,비,단일로 - 기타,이륜,남,48세,상해없음,보행자,남,38세,중상
2014112800100716,2014년 11월 28일 21시,금요일,강원도 춘천시 동면,중상사고,0,1,0,0,차대차 - 추돌 - 주정차중,안전운전불이행,건조,맑음,교차로 - 교차로안,승용,남,54세,상해없음,승용,남,50세,중상
2014112800100750,2014년 11월 28일 22시,금요일,강원도 원주시 단계동,경상사고,0,0,1,0,차대차 - 기타,안전거리미확보,습기,비,교차로 - 교차로부근,승용,남,27세,상해없음,이륜,남,19세,경상
2014112800100751,2014년 11월 28일 22시,금요일,강원도 원주시 일산동,경상사고,0,0,2,0,차대차 - 추돌 - 주정차중,안전거리미확보,건조,맑음,단일로 - 기타,승용,남,40세,상해없음,승용,남,31세,경상
2014112800100781,2014년 11월 28일 23시,금요일,강원도 강릉시 홍제동,중상사고,0,3,0,0,차대차 - 정면충돌,안전운전불이행,습기,비,교차로 - 교차로부근,승용,남,40세,상해없음,승용,여,54세,중상
2014112900100010,2014년 11월 29일 00시,토요일,강원도 춘천시 후평동,경상사고,0,0,1,0,차대사람 - 기타,안전운전불이행,건조,맑음,단일로 - 기타,이륜,남,18세,상해없음,보행자,남,18세,경상
2014112900100011,2014년 11월 29일 00시,토요일,강원도 원주시 무실동,경상사고,0,0,1,0,차대차 - 기타,신호위반,습기,비,교차로 - 교차로안,승용,여,50세,상해없음,승용,남,30세,경상
2014112900100153,2014년 11월 29일 08시,토요일,강원도 강릉시 교동,경상사고,0,0,1,0,차대차 - 기타,신호위반,건조,맑음,교차로 - 교차로안,승용,남,65세,상해없음,승용,남,40세,경상
2014112900100154,2014년 11월 29일 08시,토요일,강원도 원주시 개운동,경상사고,0,0,1,0,차대사람 - 기타,안전운전불이행,건조,맑음,교차로 - 교차로안,화물,남,44세,기타불명,보행자,남,22세,경상
2014112900100155,2014년 11월 29일 08시,토요일,강원도 동해시 천곡동,중상사고,0,3,2,0,차대차 - 측면직각충돌,신호위반,건조,맑음,교차로 - 교차로안,승용,남,53세,중상,승용,남,70세,중상
2014112900100171,2014년 11월 29일 09시,토요일,강원도 태백시 황지동,중상사고,0,3,0,0,차대차 - 기타,교차로운행방법위반,건조,맑음,교차로 - 교차로부근,승용,남,76세,상해없음,승용,여,27세,중상
2014112900100196,2014년 11월 29일 10시,토요일,강원도 인제군 상남면,중상사고,0,1,0,0,차대차 - 기타,안전운전불이행,건조,맑음,단일로 - 기타,화물,남,42세,상해없음,자전거,남,91세,중상
2014112900100301,2014년 11월 29일 13시,토요일,강원도 춘천시 옥천동,경상사고,0,0,1,0,차대사람 - 횡단중,안전운전불이행,건조,맑음,단일로 - 횡단보도부근,승용,여,41세,상해없음,보행자,여,53세,경상
2014112900100345,2014년 11월 29일 14시,토요일,강원도 춘천시 동내면,경상사고,0,0,1,0,차대차 - 측면직각충돌,교차로운행방법위반,건조,맑음,교차로 - 교차로부근,승용,여,59세,상해없음,승용,여,31세,경상
2014112900100346,2014년 11월 29일 14시,토요일,강원도 원주시 단계동,경상사고,0,0,1,0,차대사람 - 기타,안전운전불이행,건조,맑음,교차로 - 교차로안,승용,남,41세,상해없음,보행자,남,21세,경상
2014112900100347,2014년 11월 29일 14시,토요일,강원도 원주시 부론면,부상신고사고,0,0,0,1,차대사람 - 기타,안전운전불이행,건조,맑음,단일로 - 기타,승용,남,73세,상해없음,보행자,여,52세,부상신고
2014112900100384,2014년 11월 29일 15시,토요일,강원도 강릉시 옥계면,경상사고,0,0,3,0,차대차 - 기타,교차로운행방법위반,건조,맑음,교차로 - 교차로안,승용,남,43세,상해없음,화물,남,69세,경상
2014112900100436,2014년 11월 29일 16시,토요일,강원도 춘천시 퇴계동,경상사고,0,0,1,0,차대차 - 측면직각충돌,신호위반,건조,맑음,교차로 - 교차로안,승용,여,39세,상해없음,승용,여,32세,경상
2014112900100437,2014년 11월 29일 16시,토요일,강원도 속초시 교동,경상사고,0,0,1,0,차대차 - 측면직각충돌,신호위반,건조,맑음,교차로 - 교차로안,승용,여,25세,상해없음,승용,남,50세,경상
2014112900100524,2014년 11월 29일 18시,토요일,강원도 강릉시 포남동,경상사고,0,0,1,0,차대차 - 기타,안전운전불이행,건조,맑음,교차로 - 교차로안,이륜,남,17세,상해없음,승용,남,50세,경상
2014112900100525,2014년 11월 29일 18시,토요일,강원도 속초시 교동,경상사고,0,0,1,0,차대차 - 추돌 - 주정차중,안전운전불이행,건조,맑음,교차로 - 교차로부근,승용,여,26세,상해없음,승용,여,52세,경상
2014112900100526,2014년 11월 29일 18시,토요일,강원도 태백시 황지동,중상사고,0,1,2,0,차대차 - 기타,교차로운행방법위반,건조,맑음,교차로 - 교차로안,승용,남,54세,상해없음,화물,남,60세,경상
2014112900100597,2014년 11월 29일 20시,토요일,강원도 춘천시 온의동,경상사고,0,0,3,0,차대차 - 측면직각충돌,안전운전불이행,건조,맑음,단일로 - 기타,승용,여,48세,상해없음,승합,남,53세,경상
2014112900100598,2014년 11월 29일 20시,토요일,강원도 강릉시 교동,경상사고,0,0,1,0,차대차 - 기타,안전운전불이행,건조,맑음,교차로 - 교차로부근,승용,남,58세,상해없음,승용,남,31세,경상
2014112900100599,2014년 11월 29일 20시,토요일,강원도 원주시 명륜동,경상사고,0,0,2,0,차대차 - 측면직각충돌,직진우회전진행방해,건조,맑음,교차로 - 교차로안,승용,남,73세,상해없음,승용,남,27세,경상
2014112900100664,2014년 11월 29일 22시,토요일,강원도 원주시 관설동,경상사고,0,0,2,0,차대차 - 추돌 - 주정차중,안전운전불이행,건조,맑음,교차로 - 교차로부근,승용,남,28세,기타불명,승용,여,37세,경상
2014112900100702,2014년 11월 29일 23시,토요일,강원도 춘천시 근화동,경상사고,0,0,1,0,차대차 - 측면직각충돌,안전운전불이행,건조,맑음,단일로 - 기타,승합,남,37세,상해없음,승용,여,38세,상해없음
2014113000100012,2014년 11월 30일 00시,일요일,강원도 강릉시 사천면,경상사고,0,0,1,0,차량단독 - 공작물충돌,안전운전불이행,습기,안개,단일로 - 기타,승용,남,34세,상해없음,,,,
2014113000100064,2014년 11월 30일 03시,일요일,강원도 원주시 지정면,경상사고,0,0,2,0,차대차 - 추돌 - 진행중,안전운전불이행,건조,흐림,단일로 - 기타,승용,남,46세,기타불명,승용,남,32세,기타불명
2014113000100071,2014년 11월 30일 04시,일요일,강원도 횡성군 안흥면,중상사고,0,1,0,0,차대차 - 기타,안전거리미확보,건조,맑음,단일로 - 기타,승용,남,19세,기타불명,승용,여,32세,중상
2014113000100129,2014년 11월 30일 08시,일요일,강원도 원주시 흥업면,경상사고,0,0,1,0,차대차 - 측면직각충돌,안전운전불이행,습기,비,단일로 - 기타,승합,남,67세,상해없음,승합,여,24세,경상
2014113000100169,2014년 11월 30일 10시,일요일,강원도 동해시 부곡동,경상사고,0,0,4,0,차대차 - 측면직각충돌,안전운전불이행,습기,비,교차로 - 교차로부근,승용,남,53세,상해없음,승용,남,44세,상해없음
2014113000100267,2014년 11월 30일 14시,일요일,강원도 춘천시 효자동,경상사고,0,0,1,0,차대차 - 측면직각충돌,안전운전불이행,습기,흐림,단일로 - 기타,승용,남,67세,상해없음,이륜,남,17세,경상
2014113000100268,2014년 11월 30일 14시,일요일,강원도 평창군 진부면,경상사고,0,0,3,0,차대차 - 추돌 - 주정차중,안전운전불이행,습기,흐림,기타 - 기타,승용,남,52세,상해없음,승용,남,58세,경상
2014113000100314,2014년 11월 30일 16시,일요일,강원도 춘천시 효자동,경상사고,0,0,2,0,차대차 - 추돌 - 주정차중,안전운전불이행,건조,맑음,교차로 - 교차로부근,승용,남,66세,상해없음,승용,남,33세,경상
2014113000100345,2014년 11월 30일 17시,일요일,강원도 춘천시 사농동,경상사고,0,0,1,0,차대차 - 측면직각충돌,교차로운행방법위반,건조,맑음,교차로 - 교차로안,승용,여,56세,상해없음,승용,남,26세,경상
2014113000100346,2014년 11월 30일 17시,일요일,강원도 춘천시 중앙로1가,중상사고,0,1,0,0,차대사람 - 기타,안전운전불이행,습기,기타,단일로 - 기타,승용,남,48세,상해없음,보행자,남,40세,중상
2014113000100384,2014년 11월 30일 18시,일요일,강원도 속초시 교동,경상사고,0,0,4,0,차대차 - 측면직각충돌,교차로운행방법위반,습기,비,교차로 - 교차로안,승용,남,47세,경상,승용,남,50세,경상
2014113000100385,2014년 11월 30일 18시,일요일,강원도 홍천군 홍천읍,중상사고,0,4,1,0,차대차 - 기타,신호위반,습기,비,교차로 - 교차로안,승용,남,37세,중상,승용,여,48세,중상
2014113000100485,2014년 11월 30일 20시,일요일,강원도 춘천시 석사동,경상사고,0,0,1,0,차대사람 - 기타,안전운전불이행,습기,비,단일로 - 횡단보도부근,승용,남,34세,상해없음,보행자,여,75세,경상
2014113000100516,2014년 11월 30일 21시,일요일,강원도 원주시 부론면,경상사고,0,0,2,0,차대차 - 측면직각충돌,차로위반,습기,비,단일로 - 기타,승용,남,37세,상해없음,승용,남,32세,경상
2014120100100026,2014년 12월 1일 02시,월요일,강원도 원주시 단계동,경상사고,0,0,1,0,차대사람 - 기타,안전운전불이행,습기,흐림,단일로 - 기타,기타불명,기타불명,기타불명,기타불명,보행자,남,51세,경상
2014120100100135,2014년 12월 1일 09시,월요일,강원도 삼척시 남양동,사망사고,1,0,0,0,차대차 - 측면직각충돌,안전운전불이행,건조,맑음,교차로 - 교차로부근,건설기계,남,43세,상해없음,자전거,여,52세,사망
2014120100100166,2014년 12월 1일 10시,월요일,강원도 강릉시 학동,경상사고,0,0,1,0,차대차 - 기타,안전운전불이행,건조,맑음,단일로 - 기타,화물,남,59세,상해없음,승용,남,62세,경상
2014120100100167,2014년 12월 1일 10시,월요일,강원도 강릉시 성남동,경상사고,0,0,2,0,차대차 - 기타,안전운전불이행,건조,맑음,교차로 - 교차로안,승용,여,46세,상해없음,승용,여,32세,상해없음
2014120100100168,2014년 12월 1일 10시,월요일,강원도 원주시 단구동,경상사고,0,0,1,0,차대차 - 추돌 - 진행중,안전거리미확보,습기,눈,단일로 - 기타,승용,남,58세,상해없음,이륜,남,43세,경상
2014120100100169,2014년 12월 1일 10시,월요일,강원도 동해시 구미동,경상사고,0,0,1,0,차대차 - 측면직각충돌,신호위반,건조,맑음,교차로 - 교차로안,승합,여,52세,상해없음,승용,남,52세,경상
2014120100100198,2014년 12월 1일 11시,월요일,강원도 원주시 귀래면,중상사고,0,1,1,0,차량단독 - 기타,안전운전불이행,적설,눈,단일로 - 기타,화물,남,62세,상해없음,,,,
2014120100100227,2014년 12월 1일 12시,월요일,강원도 원주시 흥업면,중상사고,0,3,0,0,차대차 - 추돌 - 진행중,안전거리미확보,적설,눈,단일로 - 기타,승용,남,24세,상해없음,화물,남,39세,중상
2014120100100228,2014년 12월 1일 12시,월요일,강원도 원주시 원동,중상사고,0,1,0,0,차대사람 - 횡단중,보행자보호의무위반,습기,흐림,교차로 - 교차로부근,승용,여,29세,상해없음,보행자,남,84세,중상
2014120100100265,2014년 12월 1일 13시,월요일,강원도 춘천시 동내면,중상사고,0,2,1,0,차대차 - 측면직각충돌,신호위반,건조,맑음,교차로 - 교차로안,화물,남,53세,상해없음,승용,여,50세,중상
2014120100100295,2014년 12월 1일 14시,월요일,강원도 원주시 단계동,경상사고,0,0,2,0,차대차 - 추돌 - 진행중,안전운전불이행,습기,눈,교차로 - 교차로부근,승용,여,49세,기타불명,승용,여,62세,경상
2014120100100296,2014년 12월 1일 14시,월요일,강원도 홍천군 화촌면,경상사고,0,0,1,0,차대차 - 측면직각충돌,중앙선침범,건조,맑음,단일로 - 교량,화물,남,41세,상해없음,승용,남,48세,경상
2014120100100332,2014년 12월 1일 15시,월요일,강원도 동해시 평릉동,중상사고,0,1,0,0,차대차 - 기타,신호위반,건조,맑음,교차로 - 교차로안,승용,여,45세,상해없음,원동기,남,73세,중상
2014120100100366,2014년 12월 1일 16시,월요일,강원도 태백시 황지동,중상사고,0,1,0,0,차대사람 - 횡단중,신호위반,건조,맑음,단일로 - 횡단보도상,승용,남,49세,상해없음,보행자,남,69세,중상
2014120100100367,2014년 12월 1일 16시,월요일,강원도 태백시 황지동,중상사고,0,1,0,0,차대사람 - 횡단중,신호위반,건조,맑음,교차로 - 교차로부근,승용,여,58세,상해없음,보행자,여,66세,중상
2014120100100409,2014년 12월 1일 17시,월요일,강원도 원주시 중앙동,경상사고,0,0,9,0,차대차 - 추돌 - 진행중,안전거리미확보,건조,맑음,교차로 - 교차로부근,승용,남,42세,상해없음,승합,남,54세,상해없음
2014120100100556,2014년 12월 1일 20시,월요일,강원도 속초시 조양동,경상사고,0,0,1,0,차대차 - 측면직각충돌,안전운전불이행,건조,맑음,단일로 - 기타,승합,남,60세,상해없음,이륜,남,19세,경상
2014120100100618,2014년 12월 1일 22시,월요일,강원도 강릉시 난곡동,중상사고,0,1,0,0,차대차 - 기타,신호위반,건조,맑음,교차로 - 교차로안,승용,남,39세,상해없음,승용,여,41세,중상
2014120100100619,2014년 12월 1일 22시,월요일,강원도 원주시 명륜동,경상사고,0,0,1,0,차대차 - 추돌 - 진행중,안전운전불이행,건조,흐림,교차로 - 교차로안,승용,남,44세,상해없음,이륜,남,16세,경상
2014120200100168,2014년 12월 2일 10시,화요일,강원도 동해시 효가동,경상사고,0,0,3,0,차대차 - 측면직각충돌,안전운전불이행,결빙,맑음,단일로 - 기타,승용,여,51세,상해없음,승용,남,35세,경상
2014120200100197,2014년 12월 2일 11시,화요일,강원도 원주시 단계동,경상사고,0,0,1,0,차대차 - 기타,안전운전불이행,건조,맑음,교차로 - 교차로부근,승용,남,57세,상해없음,승용,남,52세,상해없음
2014120200100215,2014년 12월 2일 12시,화요일,강원도 삼척시 교동,경상사고,0,0,1,0,차대차 - 기타,안전운전불이행,건조,맑음,단일로 - 기타,승용,남,22세,상해없음,원동기,남,21세,경상
2014120200100270,2014년 12월 2일 14시,화요일,강원도 동해시 천곡동,경상사고,0,0,1,0,차대차 - 측면직각충돌,신호위반,건조,맑음,교차로 - 교차로안,승용,남,65세,상해없음,승용,여,44세,경상
2014120200100308,2014년 12월 2일 15시,화요일,강원도 강릉시 성내동,중상사고,0,1,0,0,차대사람 - 횡단중,신호위반,건조,맑음,교차로 - 교차로부근,승합,남,50세,상해없음,보행자,여,12세,중상
2014120200100309,2014년 12월 2일 15시,화요일,강원도 철원군 동송읍,경상사고,0,0,1,0,차대사람 - 횡단중,안전운전불이행,건조,맑음,단일로 - 기타,화물,남,67세,상해없음,보행자,남,65세,경상
2014120200100351,2014년 12월 2일 16시,화요일,강원도 강릉시 주문진읍,경상사고,0,0,1,0,차량단독 - 기타,안전운전불이행,건조,맑음,단일로 - 기타,승용,남,72세,상해없음,,,,
2014120200100380,2014년 12월 2일 17시,화요일,강원도 삼척시 도계읍,사망사고,1,1,0,0,차량단독 - 공작물충돌,안전운전불이행,건조,맑음,단일로 - 기타,화물,남,58세,중상,,,,
2014120200100415,2014년 12월 2일 18시,화요일,강원도 춘천시 칠전동,경상사고,0,0,1,0,차대차 - 추돌 - 진행중,안전거리미확보,건조,맑음,교차로 - 교차로부근,승용,여,48세,상해없음,승용,남,35세,경상
2014120200100416,2014년 12월 2일 18시,화요일,강원도 춘천시 효자동,경상사고,0,0,1,0,차대차 - 측면직각충돌,안전운전불이행,건조,맑음,단일로 - 기타,승용,여,57세,상해없음,이륜,남,62세,경상
2014120200100417,2014년 12월 2일 18시,화요일,강원도 춘천시 사농동,중상사고,0,1,0,0,차대차 - 측면직각충돌,안전운전불이행,건조,맑음,단일로 - 기타,승용,남,51세,상해없음,승용,여,31세,중상
2014120200100418,2014년 12월 2일 18시,화요일,강원도 강릉시 내곡동,경상사고,0,0,1,0,차대사람 - 횡단중,신호위반,건조,맑음,교차로 - 교차로부근,화물,남,46세,상해없음,보행자,여,61세,경상
2014120200100468,2014년 12월 2일 19시,화요일,강원도 원주시 단구동,경상사고,0,0,1,0,차대사람 - 기타,안전운전불이행,건조,맑음,단일로 - 기타,승용,여,42세,상해없음,보행자,남,49세,경상
2014120200100508,2014년 12월 2일 20시,화요일,강원도 원주시 문막읍,중상사고,0,1,3,0,차대차 - 측면직각충돌,교차로운행방법위반,건조,맑음,교차로 - 교차로안,승합,남,59세,경상,승용,남,46세,중상
2014120200100585,2014년 12월 2일 23시,화요일,강원도 춘천시 후평동,중상사고,0,1,1,0,차대차 - 측면직각충돌,신호위반,건조,맑음,교차로 - 교차로안,승용,남,66세,상해없음,승용,남,53세,중상
2014120200100586,2014년 12월 2일 23시,화요일,강원도 원주시 단계동,경상사고,0,0,1,0,차대사람 - 기타,안전운전불이행,건조,맑음,단일로 - 기타,승용,남,52세,상해없음,보행자,남,49세,경상
2014120200100587,2014년 12월 2일 23시,화요일,강원도 태백시 황지동,중상사고,0,2,0,0,차대차 - 기타,교차로운행방법위반,건조,맑음,교차로 - 교차로안,승용,여,36세,상해없음,승용,남,35세,중상
2014120300100051,2014년 12월 3일 01시,수요일,강원도 원주시 단계동,경상사고,0,0,4,0,차대차 - 기타,교차로운행방법위반,습기,눈,교차로 - 교차로안,승용,남,35세,상해없음,승용,남,39세,경상
2014120300100086,2014년 12월 3일 03시,수요일,강원도 원주시 무실동,경상사고,0,0,2,0,차대차 - 측면직각충돌,신호위반,적설,눈,교차로 - 교차로안,승용,남,41세,상해없음,화물,남,54세,경상
2014120300100098,2014년 12월 3일 05시,수요일,강원도 춘천시 석사동,경상사고,0,0,1,0,차대차 - 측면직각충돌,신호위반,적설,흐림,교차로 - 교차로안,승합,여,59세,상해없음,화물,남,53세,경상
2014120300100099,2014년 12월 3일 05시,수요일,강원도 동해시 발한동,중상사고,0,1,0,0,차대사람 - 횡단중,보행자보호의무위반,건조,맑음,교차로 - 교차로부근,승용,남,44세,상해없음,보행자,남,67세,중상
2014120300100116,2014년 12월 3일 06시,수요일,강원도 동해시 단봉동,경상사고,0,0,2,0,차대차 - 추돌 - 주정차중,안전운전불이행,건조,흐림,교차로 - 교차로부근,승용,남,50세,상해없음,화물,남,43세,경상
2014120300100239,2014년 12월 3일 10시,수요일,강원도 철원군 근남면,사망사고,1,0,0,0,차대사람 - 횡단중,안전운전불이행,건조,맑음,단일로 - 기타,승합,남,56세,상해없음,보행자,남,75세,사망
2014120300100259,2014년 12월 3일 11시,수요일,강원도 속초시 교동,중상사고,0,1,0,0,차대차 - 측면직각충돌,교차로운행방법위반,건조,맑음,교차로 - 교차로부근,승용,남,48세,상해없음,자전거,남,68세,중상
2014120300100272,2014년 12월 3일 12시,수요일,강원도 정선군 정선읍,경상사고,0,0,1,0,차량단독 - 전도전복,안전운전불이행,건조,맑음,단일로 - 기타,승용,여,51세,상해없음,,,,
2014120300100297,2014년 12월 3일 13시,수요일,강원도 동해시 천곡동,경상사고,0,0,2,0,차대차 - 기타,중앙선침범,건조,맑음,교차로 - 교차로부근,승용,여,53세,상해없음,승용,여,29세,경상