사고번호,사고일시,요일,시군구,사고내용,사망자수,중상자수,경상자수,부상신고자수,사고유형,법규위반,노면상태,기상상태,도로형태,가해운전자 차종,가해운전자 성별,가해운전자 연령,가해운전자 상해정도,피해운전자 차종,피해운전자 성별,피해운전자 연령,피해운전자 상해정도
2014120300100324,2014년 12월 3일 14시,수요일,강원도 원주시 판부면,경상사고,0,0,1,1,차대차 - 기타,안전운전불이행,건조,맑음,단일로 - 기타,승용,남,59세,부상신고,화물,남,41세,경상
2014120300100374,2014년 12월 3일 16시,수요일,강원도 홍천군 서석면,중상사고,0,1,1,0,차대차 - 기타,중앙선침범,습기,흐림,단일로 - 기타,화물,남,50세,상해없음,화물,남,71세,경상
2014120300100454,2014년 12월 3일 18시,수요일,강원도 춘천시 효자동,경상사고,0,0,1,0,차대차 - 측면직각충돌,안전거리미확보,건조,맑음,단일로 - 기타,승용,남,22세,상해없음,이륜,남,39세,경상
2014120300100455,2014년 12월 3일 18시,수요일,강원도 춘천시 석사동,경상사고,0,0,1,0,차대사람 - 기타,보행자보호의무위반,건조,맑음,단일로 - 기타,승용,여,52세,상해없음,보행자,여,45세,경상
2014120300100456,2014년 12월 3일 18시,수요일,강원도 원주시 태장동,중상사고,0,1,0,0,차대차 - 측면직각충돌,차로위반,건조,맑음,단일로 - 기타,화물,남,77세,상해없음,승용,여,60세,중상
2014120300100457,2014년 12월 3일 18시,수요일,강원도 횡성군 횡성읍,경상사고,0,0,1,0,차대차 - 추돌 - 진행중,안전운전불이행,건조,맑음,교차로 - 교차로부근,승용,여,29세,상해없음,승용,남,47세,경상
2014120300100503,2014년 12월 3일 19시,수요일,강원도 원주시 무실동,경상사고,0,0,1,0,차대차 - 정면충돌,신호위반,건조,맑음,교차로 - 교차로안,승용,남,43세,기타불명,승용,남,54세,경상
2014120300100545,2014년 12월 3일 20시,수요일,강원도 원주시 단계동,중상사고,0,1,0,0,차대사람 - 횡단중,보행자보호의무위반,건조,맑음,단일로 - 기타,승용,남,42세,상해없음,보행자,여,54세,중상
2014120400100051,2014년 12월 4일 02시,목요일,강원도 동해시 부곡동,중상사고,0,1,0,0,차대차 - 기타,중앙선침범,건조,맑음,단일로 - 기타,승용,여,31세,상해없음,승용,남,60세,중상
2014120400100161,2014년 12월 4일 08시,목요일,강원도 횡성군 횡성읍,경상사고,0,0,1,0,차대차 - 측면직각충돌,교차로운행방법위반,건조,맑음,교차로 - 교차로안,승용,남,59세,상해없음,승용,여,31세,경상
2014120400100194,2014년 12월 4일 09시,목요일,강원도 강릉시 주문진읍,경상사고,0,0,1,0,차대차 - 추돌 - 진행중,안전운전불이행,건조,맑음,교차로 - 교차로부근,화물,남,60세,상해없음,화물,남,32세,경상
2014120400100195,2014년 12월 4일 09시,목요일,강원도 원주시 단구동,중상사고,0,1,0,0,차대차 - 추돌 - 진행중,안전거리미확보,건조,맑음,교차로 - 교차로부근,승용,남,39세,상해없음,승합,남,55세,중상
2014120400100223,2014년 12월 4일 10시,목요일,강원도 원주시 신림면,경상사고,0,0,1,0,차대사람 - 기타,안전운전불이행,건조,맑음,기타 - 기타,승용,여,26세,상해없음,보행자,여,33세,경상
2014120400100251,2014년 12월 4일 11시,목요일,강원도 원주시 일산동,경상사고,0,0,2,0,차대차 - 기타,교차로운행방법위반,건조,맑음,교차로 - 교차로부근,승합,남,65세,상해없음,승용,남,65세,경상
2014120400100302,2014년 12월 4일 13시,목요일,강원도 춘천시 석사동,중상사고,0,1,1,0,차대차 - 추돌 - 주정차중,교차로운행방법위반,건조,맑음,교차로 - 교차로안,승용,남,30세,상해없음,승용,여,60세,중상
2014120400100449,2014년 12월 4일 17시,목요일,강원도 춘천시 효자동,경상사고,0,0,1,0,차대사람 - 횡단중,안전운전불이행,건조,맑음,단일로 - 횡단보도상,승용,여,49세,상해없음,보행자,남,23세,경상
2014120400100450,2014년 12월 4일 17시,목요일,강원도 원주시 호저면,경상사고,0,0,2,0,차대차 - 측면직각충돌,신호위반,결빙,맑음,교차로 - 교차로안,승합,남,57세,상해없음,화물,남,32세,경상
2014120400100451,2014년 12월 4일 17시,목요일,강원도 속초시 조양동,경상사고,0,0,1,0,차대차 - 측면직각충돌,교차로운행방법위반,건조,맑음,교차로 - 교차로안,승용,남,70세,상해없음,자전거,남,6세,경상
2014120400100515,2014년 12월 4일 18시,목요일,강원도 강릉시 교동,경상사고,0,0,1,0,차대차 - 추돌 - 진행중,안전운전불이행,건조,맑음,단일로 - 기타,승용,여,37세,상해없음,승용,남,55세,경상
2014120400100516,2014년 12월 4일 18시,목요일,강원도 원주시 무실동,중상사고,0,1,0,0,차대차 - 기타,안전운전불이행,건조,맑음,단일로 - 기타,승합,남,54세,상해없음,이륜,남,45세,중상
2014120400100517,2014년 12월 4일 18시,목요일,강원도 홍천군 서면,사망사고,1,1,0,0,차량단독 - 공작물충돌,안전운전불이행,건조,맑음,단일로 - 기타,화물,남,57세,사망,,,,
2014120400100518,2014년 12월 4일 18시,목요일,강원도 동해시 천곡동,경상사고,0,0,1,0,차대차 - 측면직각충돌,직진우회전진행방해,건조,맑음,교차로 - 교차로안,승용,남,79세,상해없음,승용,여,49세,경상
2014120400100614,2014년 12월 4일 20시,목요일,강원도 원주시 단계동,경상사고,0,0,3,0,차대차 - 기타,안전운전불이행,결빙,맑음,단일로 - 기타,승용,남,23세,상해없음,승용,남,63세,경상
2014120400100615,2014년 12월 4일 20시,목요일,강원도 원주시 단계동,경상사고,0,0,1,0,차대차 - 측면직각충돌,안전운전불이행,건조,맑음,단일로 - 기타,승용,남,24세,상해없음,승용,남,28세,경상
2014120400100673,2014년 12월 4일 22시,목요일,강원도 춘천시 사농동,경상사고,0,0,1,0,차대차 - 정면충돌,교차로운행방법위반,건조,맑음,교차로 - 교차로안,승용,여,45세,상해없음,승용,여,46세,경상
2014120400100674,2014년 12월 4일 22시,목요일,강원도 평창군 봉평면,경상사고,0,0,1,0,차대차 - 추돌 - 진행중,안전운전불이행,건조,흐림,단일로 - 기타,승용,남,38세,상해없음,화물,남,53세,경상
2014120500100012,2014년 12월 5일 00시,금요일,강원도 속초시 교동,경상사고,0,0,4,0,차대차 - 측면직각충돌,안전운전불이행,건조,맑음,단일로 - 기타,승용,여,24세,상해없음,승용,남,36세,경상
2014120500100117,2014년 12월 5일 07시,금요일,강원도 원주시 소초면,중상사고,0,2,1,0,차대차 - 기타,안전거리미확보,건조,맑음,단일로 - 기타,승용,남,73세,중상,건설기계,남,46세,경상
2014120500100148,2014년 12월 5일 08시,금요일,강원도 강릉시 안현동,경상사고,0,0,1,0,차대차 - 측면직각충돌,안전운전불이행,건조,맑음,단일로 - 기타,승용,남,36세,상해없음,승용,남,36세,경상
2014120500100149,2014년 12월 5일 08시,금요일,강원도 홍천군 홍천읍,경상사고,0,0,1,0,차대차 - 기타,직진우회전진행방해,건조,맑음,교차로 - 교차로안,승용,남,35세,상해없음,승용,여,37세,경상
2014120500100150,2014년 12월 5일 08시,금요일,강원도 태백시 황지동,경상사고,0,0,1,0,차대차 - 기타,안전운전불이행,건조,맑음,교차로 - 교차로안,승용,여,38세,상해없음,승용,남,57세,상해없음
2014120500100151,2014년 12월 5일 08시,금요일,강원도 철원군 동송읍,경상사고,0,0,1,0,차대차 - 추돌 - 진행중,안전운전불이행,건조,맑음,교차로 - 교차로안,승용,남,51세,상해없음,자전거,여,16세,경상
2014120500100189,2014년 12월 5일 09시,금요일,강원도 양구군 양구읍,중상사고,0,1,0,0,차대사람 - 보도통행중,안전운전불이행,건조,맑음,교차로 - 교차로안,화물,남,43세,상해없음,보행자,남,80세,중상
2014120500100248,2014년 12월 5일 11시,금요일,강원도 춘천시 칠전동,중상사고,0,1,0,0,차대차 - 정면충돌,신호위반,건조,맑음,교차로 - 교차로안,승용,남,43세,상해없음,승용,남,67세,중상
2014120500100249,2014년 12월 5일 11시,금요일,강원도 평창군 용평면,경상사고,0,0,1,0,차대사람 - 횡단중,안전운전불이행,건조,맑음,교차로 - 교차로부근,화물,남,55세,상해없음,보행자,여,79세,경상
2014120500100250,2014년 12월 5일 11시,금요일,강원도 횡성군 횡성읍,중상사고,0,1,0,0,차대차 - 기타,안전운전불이행,건조,맑음,교차로 - 교차로부근,건설기계,남,43세,상해없음,승용,여,76세,중상
2014120500100293,2014년 12월 5일 12시,금요일,강원도 원주시 우산동,경상사고,0,0,2,0,차대차 - 추돌 - 진행중,차로위반,건조,맑음,교차로 - 교차로부근,화물,남,33세,상해없음,승용,남,60세,경상
2014120500100294,2014년 12월 5일 12시,금요일,강원도 속초시 조양동,중상사고,0,1,0,0,차대사람 - 횡단중,안전운전불이행,건조,맑음,단일로 - 횡단보도상,승용,여,53세,상해없음,보행자,여,61세,중상
2014120500100295,2014년 12월 5일 12시,금요일,강원도 삼척시 도계읍,경상사고,0,0,1,0,차대차 - 측면직각충돌,안전운전불이행,건조,맑음,교차로 - 교차로안,승용,여,61세,상해없음,승용,남,58세,상해없음
2014120500100330,2014년 12월 5일 13시,금요일,강원도 원주시 단계동,경상사고,0,0,1,0,차대차 - 추돌 - 주정차중,신호위반,건조,맑음,교차로 - 교차로안,승용,여,27세,상해없음,화물,남,48세,경상
2014120500100364,2014년 12월 5일 14시,금요일,강원도 춘천시 옥천동,경상사고,0,0,1,0,차대차 - 측면직각충돌,안전운전불이행,건조,맑음,단일로 - 기타,승용,남,53세,상해없음,승용,남,53세,경상
2014120500100365,2014년 12월 5일 14시,금요일,강원도 강릉시 포남동,경상사고,0,0,1,0,차대차 - 측면직각충돌,안전운전불이행,건조,맑음,기타 - 기타,승용,남,18세,상해없음,승용,여,52세,경상
2014120500100402,2014년 12월 5일 15시,금요일,강원도 원주시 무실동,경상사고,0,0,5,0,차대차 - 추돌 - 진행중,차로위반,건조,맑음,교차로 - 교차로안,승용,여,39세,상해없음,승용,여,40세,경상
2014120500100403,2014년 12월 5일 15시,금요일,강원도 삼척시 남양동,경상사고,0,0,1,0,차대사람 - 기타,안전운전불이행,건조,맑음,단일로 - 기타,승용,남,36세,상해없음,보행자,남,37세,경상
2014120500100404,2014년 12월 5일 15시,금요일,강원도 태백시 철암동,경상사고,0,0,2,0,차대차 - 기타,안전운전불이행,건조,맑음,단일로 - 기타,화물,남,57세,상해없음,승용,남,56세,경상
2014120500100530,2014년 12월 5일 18시,금요일,강원도 강릉시 내곡동,경상사고,0,0,1,0,차대차 - 측면직각충돌,안전운전불이행,건조,맑음,교차로 - 교차로안,승용,남,24세,상해없음,원동기,남,44세,경상
2014120500100531,2014년 12월 5일 18시,금요일,강원도 원주시 단계동,경상사고,0,0,2,0,차대차 - 기타,안전운전불이행,건조,맑음,교차로 - 교차로안,승용,남,60세,상해없음,승용,여,48세,경상
2014120500100532,2014년 12월 5일 18시,금요일,강원도 정선군 사북읍,경상사고,0,0,4,0,차대차 - 측면직각충돌,중앙선침범,결빙,맑음,단일로 - 기타,승용,남,31세,상해없음,승용,여,48세,경상
2014120500100579,2014년 12월 5일 19시,금요일,강원도 고성군 토성면,중상사고,0,2,2,0,차대차 - 추돌 - 진행중,기타,건조,맑음,교차로 - 교차로안,승용,남,52세,상해없음,승용,남,48세,중상
2014120500100623,2014년 12월 5일 20시,금요일,강원도 철원군 갈말읍,중상사고,0,1,0,0,차대사람 - 길가장자리구역통행중,안전운전불이행,건조,맑음,단일로 - 기타,승용,남,41세,상해없음,보행자,여,45세,중상
2014120500100670,2014년 12월 5일 21시,금요일,강원도 원주시 흥업면,경상사고,0,0,1,0,차대차 - 추돌 - 진행중,안전거리미확보,건조,흐림,교차로 - 교차로부근,승용,여,26세,상해없음,승용,여,40세,경상
2014120500100671,2014년 12월 5일 21시,금요일,강원도 원주시 문막읍,중상사고,0,1,0,0,차대사람 - 차도통행중,안전운전불이행,건조,맑음,단일로 - 기타,승용,여,56세,상해없음,보행자,여,49세,중상
2014120500100725,2014년 12월 5일 22시,금요일,강원도 원주시 단구동,경상사고,0,0,2,1,차대차 - 추돌 - 진행중,안전운전불이행,건조,맑음,교차로 - 교차로부근,승용,여,38세,상해없음,승용,여,25세,경상
2014120500100726,2014년 12월 5일 22시,금요일,강원도 원주시 단계동,경상사고,0,0,1,0,차대차 - 기타,차로위반,건조,맑음,교차로 - 교차로부근,승용,남,50세,상해없음,이륜,남,60세,경상
2014120500100727,2014년 12월 5일 22시,금요일,강원도 속초시 조양동,중상사고,0,1,4,0,차대차 - 정면충돌,중앙선침범,건조,맑음,교차로 - 교차로부근,승용,남,44세,상해없음,승용,남,44세,경상
2014120500100769,2014년 12월 5일 23시,금요일,강원도 강릉시 옥천동,경상사고,0,0,2,0,차대차 - 추돌 - 진행중,안전운전불이행,건조,맑음,단일로 - 기타,승용,남,32세,상해없음,승용,남,40세,경상
2014120600100098,2014년 12월 6일 03시,토요일,강원도 원주시 평원동,경상사고,0,0,1,0,차대차 - 추돌 - 주정차중,안전운전불이행,건조,맑음,단일로 - 기타,화물,남,56세,상해없음,승용,남,48세,경상
2014120600100135,2014년 12월 6일 06시,토요일,강원도 원주시 태장동,경상사고,0,0,3,0,차대차 - 측면직각충돌,교차로운행방법위반,건조,맑음,교차로 - 교차로안,승용,남,20세,상해없음,승용,남,58세,상해없음
2014120600100170,2014년 12월 6일 08시,토요일,강원도 원주시 관설동,경상사고,0,0,1,0,차대차 - 측면직각충돌,신호위반,건조,맑음,교차로 - 교차로안,승용,남,54세,상해없음,승용,남,54세,경상
2014120600100171,2014년 12월 6일 08시,토요일,강원도 삼척시 정상동,경상사고,0,0,1,0,차대차 - 측면직각충돌,신호위반,건조,맑음,교차로 - 교차로안,승용,남,51세,상해없음,승용,남,57세,경상
2014120600100199,2014년 12월 6일 09시,토요일,강원도 속초시 조양동,경상사고,0,0,1,0,차대차 - 추돌 - 진행중,안전운전불이행,건조,맑음,교차로 - 교차로부근,승용,여,62세,상해없음,승용,남,34세,경상
2014120600100200,2014년 12월 6일 09시,토요일,강원도 횡성군 횡성읍,경상사고,0,0,1,0,차대사람 - 횡단중,보행자보호의무위반,건조,맑음,단일로 - 횡단보도상,승합,남,56세,상해없음,보행자,여,29세,경상
2014120600100201,2014년 12월 6일 09시,토요일,강원도 인제군 남면,경상사고,0,0,1,0,차대차 - 측면직각충돌,안전운전불이행,건조,맑음,단일로 - 기타,승용,남,36세,상해없음,승용,여,27세,경상
2014120600100228,2014년 12월 6일 10시,토요일,강원도 춘천시 석사동,중상사고,0,1,1,0,차대차 - 측면직각충돌,교차로운행방법위반,건조,맑음,교차로 - 교차로안,승용,여,72세,상해없음,승용,여,63세,중상
2014120600100229,2014년 12월 6일 10시,토요일,강원도 강릉시 포남동,경상사고,0,0,1,0,차대차 - 기타,안전운전불이행,건조,맑음,단일로 - 기타,승용,남,36세,상해없음,승용,여,43세,경상
2014120600100288,2014년 12월 6일 12시,토요일,강원도 삼척시 사직동,중상사고,0,1,1,0,차대차 - 추돌 - 진행중,안전거리미확보,건조,맑음,교차로 - 교차로부근,승용,남,35세,상해없음,승용,남,70세,중상
2014120600100378,2014년 12월 6일 15시,토요일,강원도 원주시 단계동,경상사고,0,0,3,0,차대차 - 기타,안전운전불이행,건조,맑음,단일로 - 기타,승용,남,53세,상해없음,승용,여,54세,경상
2014120600100418,2014년 12월 6일 16시,토요일,강원도 춘천시 서면,경상사고,0,0,2,0,차대차 - 측면직각충돌,안전운전불이행,건조,맑음,교차로 - 교차로안,건설기계,남,54세,상해없음,승용,남,35세,상해없음
2014120600100419,2014년 12월 6일 16시,토요일,강원도 삼척시 교동,경상사고,0,0,1,0,차대차 - 측면직각충돌,안전운전불이행,건조,맑음,교차로 - 교차로안,승용,남,52세,상해없음,승용,여,50세,경상
2014120600100469,2014년 12월 6일 17시,토요일,강원도 원주시 반곡동,경상사고,0,0,1,0,차대차 - 기타,중앙선침범,건조,맑음,단일로 - 기타,기타불명,기타불명,기타불명,기타불명,이륜,남,60세,경상
2014120600100470,2014년 12월 6일 17시,토요일,강원도 원주시 단계동,경상사고,0,0,1,0,차대차 - 측면직각충돌,신호위반,건조,맑음,교차로 - 교차로안,승용,남,78세,상해없음,승용,여,55세,경상
2014120600100471,2014년 12월 6일 17시,토요일,강원도 원주시 단계동,경상사고,0,0,1,0,차대사람 - 기타,안전운전불이행,건조,맑음,단일로 - 기타,승용,남,71세,상해없음,보행자,여,55세,경상
2014120600100472,2014년 12월 6일 17시,토요일,강원도 삼척시 성북동,경상사고,0,0,2,0,차대차 - 추돌 - 진행중,안전운전불이행,건조,맑음,단일로 - 기타,승용,남,67세,상해없음,화물,남,44세,경상
2014120600100517,2014년 12월 6일 18시,토요일,강원도 원주시 태장동,사망사고,1,0,0,0,차대차 - 기타,교차로운행방법위반,건조,맑음,교차로 - 교차로안,승용,남,53세,상해없음,이륜,남,22세,사망
2014120600100518,2014년 12월 6일 18시,토요일,강원도 원주시 태장동,경상사고,0,0,2,0,차대차 - 추돌 - 진행중,안전거리미확보,건조,맑음,교차로 - 교차로부근,승용,남,56세,상해없음,승용,여,46세,경상
2014120600100519,2014년 12월 6일 18시,토요일,강원도 홍천군 홍천읍,경상사고,0,0,2,0,차대차 - 기타,안전운전불이행,건조,맑음,교차로 - 교차로안,승용,남,62세,상해없음,승용,남,45세,경상
2014120600100520,2014년 12월 6일 18시,토요일,강원도 동해시 천곡동,경상사고,0,0,1,0,차대사람 - 기타,안전운전불이행,건조,맑음,단일로 - 기타,승용,남,63세,상해없음,보행자,남,47세,경상
2014120600100521,2014년 12월 6일 18시,토요일,강원도 동해시 천곡동,중상사고,0,1,0,0,차대사람 - 차도통행중,안전운전불이행,건조,맑음,단일로 - 기타,승용,여,51세,상해없음,보행자,남,19세,중상
2014120600100605,2014년 12월 6일 20시,토요일,강원도 원주시 단계동,경상사고,0,0,2,0,차대차 - 추돌 - 주정차중,안전거리미확보,건조,흐림,단일로 - 기타,승용,남,37세,상해없음,승용,여,41세,경상
2014120600100606,2014년 12월 6일 20시,토요일,강원도 고성군 죽왕면,경상사고,0,0,3,0,차량단독 - 기타,안전운전불이행,건조,맑음,단일로 - 기타,승용,남,41세,상해없음,,,,
2014120600100607,2014년 12월 6일 20시,토요일,강원도 철원군 갈말읍,중상사고,0,1,0,0,차대사람 - 길가장자리구역통행중,안전운전불이행,건조,맑음,단일로 - 기타,승용,남,40세,상해없음,보행자,남,57세,중상
2014120600100665,2014년 12월 6일 22시,토요일,강원도 양양군 양양읍,중상사고,0,1,0,0,차대차 - 측면직각충돌,신호위반,건조,맑음,교차로 - 교차로안,승용,여,37세,상해없음,승용,남,37세,중상
2014120600100694,2014년 12월 6일 23시,토요일,강원도 영월군 영월읍,경상사고,0,0,1,1,차대차 - 측면직각충돌,안전운전불이행,건조,맑음,단일로 - 기타,승용,남,29세,경상,승용,남,39세,부상신고
2014120700100038,2014년 12월 7일 01시,일요일,강원도 속초시 조양동,경상사고,0,0,1,0,차대차 - 측면직각충돌,안전운전불이행,건조,맑음,단일로 - 기타,승용,남,28세,상해없음,승용,남,71세,경상
2014120700100057,2014년 12월 7일 02시,일요일,강원도 동해시 천곡동,경상사고,0,0,1,0,차대사람 - 기타,안전운전불이행,건조,맑음,단일로 - 기타,승용,남,24세,상해없음,보행자,남,34세,경상
2014120700100072,2014년 12월 7일 03시,일요일,강원도 원주시 학성동,경상사고,0,0,1,1,차대차 - 측면직각충돌,교차로운행방법위반,건조,맑음,교차로 - 교차로안,승용,남,46세,부상신고,승용,남,40세,경상
2014120700100118,2014년 12월 7일 07시,일요일,강원도 춘천시 동면,경상사고,0,0,1,0,차대차 - 추돌 - 진행중,안전운전불이행,건조,맑음,교차로 - 교차로부근,승용,여,36세,상해없음,승용,여,30세,경상
2014120700100122,2014년 12월 7일 08시,일요일,강원도 강릉시 포남동,경상사고,0,0,1,0,차대차 - 측면직각충돌,신호위반,건조,맑음,교차로 - 교차로안,승용,남,38세,상해없음,승용,남,65세,경상
2014120700100154,2014년 12월 7일 10시,일요일,강원도 춘천시 소양로1가,경상사고,0,0,1,0,차량단독 - 기타,안전운전불이행,건조,맑음,단일로 - 기타,승용,여,41세,경상,,,,
2014120700100164,2014년 12월 7일 11시,일요일,강원도 원주시 가현동,경상사고,0,0,3,0,차대차 - 기타,안전거리미확보,건조,맑음,단일로 - 기타,승합,남,58세,상해없음,승용,남,65세,상해없음
2014120700100182,2014년 12월 7일 12시,일요일,강원도 원주시 무실동,경상사고,0,0,1,0,차대차 - 기타,차로위반,건조,맑음,단일로 - 기타,승용,남,27세,상해없음,이륜,남,53세,경상
2014120700100289,2014년 12월 7일 16시,일요일,강원도 춘천시 신북읍,경상사고,0,0,1,0,차대차 - 측면직각충돌,중앙선침범,건조,맑음,단일로 - 기타,승용,남,67세,상해없음,화물,남,49세,경상
2014120700100290,2014년 12월 7일 16시,일요일,강원도 동해시 용정동,중상사고,0,1,0,0,차대차 - 기타,안전운전불이행,건조,맑음,단일로 - 기타,승용,남,66세,상해없음,자전거,남,22세,중상
2014120700100361,2014년 12월 7일 18시,일요일,강원도 강릉시 두산동,경상사고,0,0,2,0,차대차 - 추돌 - 진행중,안전운전불이행,건조,맑음,교차로 - 교차로부근,승용,남,34세,상해없음,화물,남,30세,경상
2014120700100362,2014년 12월 7일 18시,일요일,강원도 원주시 반곡동,중상사고,0,1,1,0,차대차 - 추돌 - 주정차중,안전운전불이행,건조,맑음,단일로 - 기타,승합,남,52세,상해없음,승용,남,40세,경상
2014120700100363,2014년 12월 7일 18시,일요일,강원도 영월군 영월읍,중상사고,0,1,0,0,차대사람 - 횡단중,신호위반,건조,맑음,교차로 - 교차로부근,승용,남,37세,상해없음,보행자,여,59세,중상
2014120700100399,2014년 12월 7일 19시,일요일,강원도 춘천시 동내면,경상사고,0,0,1,0,차대차 - 추돌 - 진행중,안전운전불이행,건조,맑음,단일로 - 기타,승용,남,55세,상해없음,승용,남,31세,상해없음
2014120700100400,2014년 12월 7일 19시,일요일,강원도 춘천시 동내면,경상사고,0,0,1,0,차대차 - 추돌 - 진행중,안전운전불이행,건조,맑음,단일로 - 기타,승용,남,52세,상해없음,승합,남,43세,경상
2014120700100456,2014년 12월 7일 21시,일요일,강원도 춘천시 퇴계동,경상사고,0,0,1,0,차대사람 - 횡단중,안전운전불이행,건조,흐림,단일로 - 기타,승용,남,63세,상해없음,보행자,남,25세,경상
2014120700100498,2014년 12월 7일 23시,일요일,강원도 춘천시 퇴계동,경상사고,0,0,2,0,차대차 - 추돌 - 진행중,안전운전불이행,건조,맑음,교차로 - 교차로부근,승용,남,60세,상해없음,승용,남,43세,경상
2014120800100150,2014년 12월 8일 08시,월요일,강원도 춘천시 후평동,중상사고,0,1,0,0,차대사람 - 기타,보행자보호의무위반,건조,맑음,교차로 - 교차로안,승용,남,32세,상해없음,보행자,남,52세,중상
2014120800100151,2014년 12월 8일 08시,월요일,강원도 원주시 명륜동,경상사고,0,0,2,0,차대차 - 측면직각충돌,교차로운행방법위반,적설,눈,교차로 - 교차로안,승용,여,38세,상해없음,승용,남,31세,경상
2014120800100234,2014년 12월 8일 10시,월요일,강원도 춘천시 근화동,경상사고,0,0,1,0,차대사람 - 기타,안전운전불이행,건조,맑음,단일로 - 기타,승용,남,62세,상해없음,보행자,남,44세,경상
2014120800100235,2014년 12월 8일 10시,월요일,강원도 춘천시 온의동,중상사고,0,1,0,0,차대차 - 기타,안전운전불이행,건조,맑음,교차로 - 교차로부근,화물,남,38세,상해없음,승용,여,42세,중상
2014120800100236,2014년 12월 8일 10시,월요일,강원도 정선군 정선읍,경상사고,0,0,1,0,차대사람 - 횡단중,보행자보호의무위반,습기,맑음,교차로 - 교차로부근,승용,남,65세,상해없음,보행자,남,54세,경상
2014120800100237,2014년 12월 8일 10시,월요일,강원도 동해시 평릉동,경상사고,0,0,2,0,차대차 - 추돌 - 주정차중,안전운전불이행,건조,맑음,단일로 - 기타,승용,여,46세,상해없음,승용,여,32세,경상
2014120800100258,2014년 12월 8일 11시,월요일,강원도 강릉시 입암동,경상사고,0,0,1,0,차량단독 - 공작물충돌,기타,건조,맑음,단일로 - 기타,승용,남,77세,상해없음,,,,
2014120800100259,2014년 12월 8일 11시,월요일,강원도 횡성군 우천면,중상사고,0,3,0,0,차대차 - 정면충돌,중앙선침범,습기,맑음,단일로 - 기타,승용,여,41세,상해없음,승용,남,59세,중상
2014120800100280,2014년 12월 8일 12시,월요일,강원도 평창군 진부면,경상사고,0,0,1,0,차대차 - 측면직각충돌,안전거리미확보,건조,맑음,교차로 - 교차로안,승합,남,61세,상해없음,승용,여,52세,경상
2014120800100313,2014년 12월 8일 13시,월요일,강원도 삼척시 정상동,중상사고,0,1,0,0,차대사람 - 길가장자리구역통행중,안전운전불이행,건조,맑음,단일로 - 기타,승용,여,46세,상해없음,보행자,여,89세,중상
2014120800100343,2014년 12월 8일 14시,월요일,강원도 홍천군 북방면,경상사고,0,0,1,0,차대차 - 기타,안전거리미확보,건조,맑음,단일로 - 기타,이륜,남,74세,상해없음,승용,남,50세,상해없음
2014120800100344,2014년 12월 8일 14시,월요일,강원도 태백시 황지동,중상사고,0,1,0,0,차대사람 - 횡단중,보행자보호의무위반,건조,맑음,단일로 - 기타,승용,남,47세,상해없음,보행자,여,83세,중상
2014120800100391,2014년 12월 8일 15시,월요일,강원도 양양군 서면,중상사고,0,1,0,0,차대차 - 측면직각충돌,교차로운행방법위반,건조,맑음,교차로 - 교차로안,화물,남,21세,상해없음,승용,여,72세,중상
2014120800100463,2014년 12월 8일 17시,월요일,강원도 속초시 중앙동,경상사고,0,0,1,0,차대차 - 추돌 - 주정차중,안전운전불이행,건조,맑음,교차로 - 교차로부근,승용,남,65세,상해없음,승용,여,53세,경상
2014120800100464,2014년 12월 8일 17시,월요일,강원도 평창군 대화면,중상사고,0,1,0,0,차대사람 - 기타,안전운전불이행,건조,맑음,단일로 - 기타,화물,남,34세,상해없음,보행자,여,56세,중상
2014120800100465,2014년 12월 8일 17시,월요일,강원도 동해시 천곡동,경상사고,0,0,1,0,차대차 - 추돌 - 진행중,안전거리미확보,건조,흐림,교차로 - 교차로안,승용,남,66세,상해없음,승용,남,53세,경상
2014120800100526,2014년 12월 8일 18시,월요일,강원도 춘천시 동내면,중상사고,0,1,0,0,차대차 - 기타,안전운전불이행,건조,맑음,단일로 - 기타,승용,여,54세,상해없음,승용,여,45세,중상
2014120800100527,2014년 12월 8일 18시,월요일,강원도 원주시 단구동,경상사고,0,0,2,0,차대차 - 추돌 - 진행중,안전운전불이행,습기,흐림,단일로 - 기타,승합,남,50세,상해없음,승용,여,39세,경상
2014120800100573,2014년 12월 8일 19시,월요일,강원도 강릉시 옥계면,중상사고,0,1,0,0,차대차 - 측면직각충돌,안전운전불이행,건조,맑음,교차로 - 교차로안,승용,남,37세,상해없음,자전거,남,38세,중상
2014120800100606,2014년 12월 8일 20시,월요일,강원도 춘천시 사북면,경상사고,0,0,2,0,차대차 - 기타,안전운전불이행,건조,맑음,단일로 - 기타,승용,남,49세,상해없음,승용,남,21세,경상
2014120900100009,2014년 12월 9일 00시,화요일,강원도 원주시 평원동,부상신고사고,0,0,0,1,차대차 - 기타,안전운전불이행,건조,맑음,단일로 - 기타,기타불명,기타불명,기타불명,기타불명,승용,남,51세,부상신고
2014120900100153,2014년 12월 9일 08시,화요일,강원도 원주시 봉산동,경상사고,0,0,1,0,차대차 - 기타,안전운전불이행,건조,맑음,교차로 - 교차로안,승합,남,64세,기타불명,승합,남,40세,경상
2014120900100154,2014년 12월 9일 08시,화요일,강원도 삼척시 당저동,경상사고,0,0,2,0,차대차 - 측면직각충돌,직진우회전진행방해,건조,맑음,교차로 - 교차로안,승용,여,21세,상해없음,승용,여,40세,경상