사고번호,사고일시,요일,시군구,사고내용,사망자수,중상자수,경상자수,부상신고자수,사고유형,법규위반,노면상태,기상상태,도로형태,가해운전자 차종,가해운전자 성별,가해운전자 연령,가해운전자 상해정도,피해운전자 차종,피해운전자 성별,피해운전자 연령,피해운전자 상해정도
2014120900100203,2014년 12월 9일 09시,화요일,강원도 춘천시 동내면,경상사고,0,0,1,0,차대차 - 측면직각충돌,중앙선침범,건조,맑음,단일로 - 기타,자전거,여,47세,상해없음,승용,여,48세,경상
2014120900100230,2014년 12월 9일 10시,화요일,강원도 강릉시 옥천동,경상사고,0,0,1,0,차대사람 - 기타,안전운전불이행,건조,맑음,단일로 - 기타,승용,여,40세,상해없음,보행자,남,49세,경상
2014120900100231,2014년 12월 9일 10시,화요일,강원도 원주시 흥업면,경상사고,0,0,2,0,차대차 - 측면직각충돌,교차로운행방법위반,건조,맑음,교차로 - 교차로안,승용,남,33세,상해없음,화물,남,74세,경상
2014120900100232,2014년 12월 9일 10시,화요일,강원도 원주시 무실동,경상사고,0,0,1,0,차대차 - 측면직각충돌,중앙선침범,건조,맑음,단일로 - 기타,승용,남,29세,상해없음,승용,남,43세,경상
2014120900100288,2014년 12월 9일 12시,화요일,강원도 춘천시 석사동,경상사고,0,0,1,0,차대차 - 측면직각충돌,안전운전불이행,건조,맑음,교차로 - 교차로안,이륜,남,24세,상해없음,이륜,남,71세,경상
2014120900100319,2014년 12월 9일 13시,화요일,강원도 춘천시 근화동,경상사고,0,0,2,0,차대차 - 추돌 - 진행중,직진우회전진행방해,건조,맑음,교차로 - 교차로안,승용,여,54세,경상,승용,남,60세,경상
2014120900100320,2014년 12월 9일 13시,화요일,강원도 원주시 태장동,경상사고,0,0,5,0,차대차 - 추돌 - 진행중,차로위반,건조,맑음,교차로 - 교차로부근,화물,남,33세,상해없음,승용,남,49세,경상
2014120900100321,2014년 12월 9일 13시,화요일,강원도 태백시 장성동,경상사고,0,0,1,0,차대차 - 측면직각충돌,안전운전불이행,건조,맑음,교차로 - 교차로안,승용,남,71세,기타불명,승용,남,37세,경상
2014120900100447,2014년 12월 9일 17시,화요일,강원도 원주시 개운동,경상사고,0,0,1,0,차대차 - 측면직각충돌,교차로운행방법위반,건조,맑음,교차로 - 교차로안,승용,여,40세,상해없음,승용,여,52세,경상
2014120900100448,2014년 12월 9일 17시,화요일,강원도 원주시 명륜동,경상사고,0,0,1,0,차대차 - 추돌 - 진행중,안전운전불이행,건조,맑음,단일로 - 기타,승용,여,54세,상해없음,승용,여,48세,경상
2014120900100495,2014년 12월 9일 18시,화요일,강원도 양양군 손양면,경상사고,0,0,2,0,차대차 - 추돌 - 진행중,안전운전불이행,건조,맑음,단일로 - 기타,화물,남,33세,경상,승용,남,61세,경상
2014120900100614,2014년 12월 9일 21시,화요일,강원도 춘천시 동내면,경상사고,0,0,4,0,차대차 - 추돌 - 주정차중,안전운전불이행,건조,맑음,단일로 - 기타,승합,남,30세,상해없음,승합,남,44세,상해없음
2014120900100657,2014년 12월 9일 22시,화요일,강원도 원주시 일산동,경상사고,0,0,1,0,차대차 - 추돌 - 주정차중,안전운전불이행,건조,흐림,단일로 - 기타,승용,남,36세,상해없음,화물,남,44세,경상
2014120900100658,2014년 12월 9일 22시,화요일,강원도 원주시 단계동,경상사고,0,0,1,0,차대사람 - 횡단중,보행자보호의무위반,결빙,맑음,단일로 - 횡단보도상,승용,여,32세,상해없음,보행자,남,16세,경상
2014120900100684,2014년 12월 9일 23시,화요일,강원도 춘천시 후평동,부상신고사고,0,0,0,1,차대차 - 기타,안전운전불이행,건조,맑음,단일로 - 기타,기타불명,기타불명,기타불명,기타불명,원동기,남,46세,부상신고
2014120900100685,2014년 12월 9일 23시,화요일,강원도 원주시 단구동,경상사고,0,0,2,0,차대차 - 추돌 - 주정차중,안전거리미확보,건조,맑음,단일로 - 기타,승용,남,47세,상해없음,승용,남,59세,경상
2014120900100686,2014년 12월 9일 23시,화요일,강원도 원주시 무실동,중상사고,0,1,0,0,차대사람 - 횡단중,보행자보호의무위반,건조,맑음,교차로 - 교차로부근,승용,여,46세,상해없음,보행자,여,47세,중상
2014121000100031,2014년 12월 10일 01시,수요일,강원도 강릉시 옥천동,경상사고,0,0,2,0,차대차 - 기타,안전운전불이행,건조,맑음,교차로 - 교차로부근,승용,여,40세,경상,승용,남,34세,상해없음
2014121000100059,2014년 12월 10일 04시,수요일,강원도 동해시 쇄운동,중상사고,0,1,1,0,차대차 - 추돌 - 진행중,중앙선침범,건조,맑음,단일로 - 기타,이륜,남,74세,중상,승용,남,57세,경상
2014121000100080,2014년 12월 10일 06시,수요일,강원도 평창군 진부면,경상사고,0,0,1,0,차대차 - 추돌 - 진행중,안전운전불이행,건조,맑음,단일로 - 기타,화물,남,65세,상해없음,승용,남,57세,경상
2014121000100099,2014년 12월 10일 07시,수요일,강원도 원주시 우산동,경상사고,0,0,3,0,차대차 - 추돌 - 진행중,안전거리미확보,건조,맑음,교차로 - 교차로부근,승용,남,24세,상해없음,승용,남,55세,경상
2014121000100100,2014년 12월 10일 07시,수요일,강원도 원주시 무실동,경상사고,0,0,1,0,차대차 - 기타,신호위반,건조,맑음,교차로 - 교차로안,승용,남,49세,상해없음,승용,여,45세,경상
2014121000100234,2014년 12월 10일 11시,수요일,강원도 원주시 명륜동,경상사고,0,0,1,0,차대사람 - 기타,보행자보호의무위반,건조,맑음,교차로 - 교차로안,승용,남,64세,상해없음,보행자,여,60세,경상
2014121000100235,2014년 12월 10일 11시,수요일,강원도 원주시 태장동,경상사고,0,0,1,0,차대차 - 기타,안전운전불이행,건조,맑음,단일로 - 기타,승용,남,81세,상해없음,자전거,남,77세,경상
2014121000100261,2014년 12월 10일 12시,수요일,강원도 원주시 단계동,경상사고,0,0,1,0,차대차 - 측면직각충돌,안전운전불이행,건조,맑음,교차로 - 교차로안,자전거,남,78세,경상,승용,남,56세,상해없음
2014121000100276,2014년 12월 10일 13시,수요일,강원도 원주시 무실동,경상사고,0,0,2,0,차대차 - 기타,안전운전불이행,건조,맑음,단일로 - 기타,승용,여,38세,상해없음,승용,남,58세,경상
2014121000100277,2014년 12월 10일 13시,수요일,강원도 원주시 소초면,경상사고,0,0,2,0,차대차 - 기타,안전운전불이행,건조,맑음,단일로 - 기타,승용,남,31세,상해없음,승용,남,32세,경상
2014121000100322,2014년 12월 10일 14시,수요일,강원도 원주시 반곡동,중상사고,0,1,0,0,차대차 - 추돌 - 진행중,안전운전불이행,건조,맑음,단일로 - 기타,승용,남,48세,상해없음,자전거,남,13세,중상
2014121000100378,2014년 12월 10일 16시,수요일,강원도 강릉시 강동면,경상사고,0,0,3,0,차대차 - 측면직각충돌,안전운전불이행,건조,맑음,교차로 - 교차로안,화물,남,47세,상해없음,화물,남,41세,경상
2014121000100379,2014년 12월 10일 16시,수요일,강원도 속초시 교동,경상사고,0,0,6,0,차대차 - 측면직각충돌,직진우회전진행방해,건조,맑음,교차로 - 교차로안,승용,남,56세,상해없음,승용,남,32세,경상
2014121000100426,2014년 12월 10일 17시,수요일,강원도 강릉시 교동,경상사고,0,0,1,0,차대차 - 측면직각충돌,신호위반,건조,맑음,교차로 - 교차로안,승용,여,43세,상해없음,원동기,남,52세,경상
2014121000100427,2014년 12월 10일 17시,수요일,강원도 원주시 단구동,중상사고,0,1,0,0,차대차 - 기타,안전운전불이행,건조,맑음,단일로 - 기타,화물,남,42세,상해없음,이륜,남,18세,중상
2014121000100428,2014년 12월 10일 17시,수요일,강원도 동해시 발한동,중상사고,0,1,0,0,차대차 - 측면직각충돌,교차로운행방법위반,건조,맑음,교차로 - 교차로안,원동기,여,73세,중상,승합,남,37세,상해없음
2014121000100484,2014년 12월 10일 18시,수요일,강원도 춘천시 후평동,경상사고,0,0,2,0,차대차 - 측면직각충돌,안전운전불이행,건조,맑음,단일로 - 기타,이륜,남,16세,상해없음,승용,여,42세,경상
2014121000100485,2014년 12월 10일 18시,수요일,강원도 원주시 단계동,경상사고,0,0,1,3,차대차 - 기타,안전거리미확보,건조,맑음,단일로 - 기타,승용,남,43세,상해없음,승용,여,36세,경상
2014121000100486,2014년 12월 10일 18시,수요일,강원도 원주시 태장동,경상사고,0,0,2,0,차대차 - 추돌 - 진행중,안전거리미확보,건조,맑음,교차로 - 교차로부근,승용,남,43세,상해없음,승용,여,35세,경상
2014121000100487,2014년 12월 10일 18시,수요일,강원도 원주시 소초면,중상사고,0,1,2,0,차대차 - 기타,중앙선침범,습기,맑음,단일로 - 기타,승용,남,28세,경상,승용,남,48세,중상
2014121000100488,2014년 12월 10일 18시,수요일,강원도 평창군 봉평면,사망사고,1,0,1,0,차대차 - 추돌 - 진행중,안전운전불이행,건조,맑음,기타 - 기타,승용,남,72세,사망,화물,남,54세,경상
2014121000100547,2014년 12월 10일 19시,수요일,강원도 원주시 태장동,중상사고,0,1,0,0,차대차 - 기타,안전운전불이행,건조,맑음,교차로 - 교차로부근,승용,남,50세,상해없음,승용,남,41세,중상
2014121000100602,2014년 12월 10일 20시,수요일,강원도 춘천시 효자동,경상사고,0,0,2,0,차대차 - 추돌 - 진행중,안전운전불이행,건조,맑음,단일로 - 기타,승합,남,45세,상해없음,승용,남,20세,경상
2014121000100648,2014년 12월 10일 21시,수요일,강원도 홍천군 홍천읍,경상사고,0,0,2,0,차대차 - 추돌 - 진행중,안전운전불이행,건조,맑음,교차로 - 교차로부근,화물,남,46세,상해없음,화물,남,46세,상해없음
2014121000100649,2014년 12월 10일 21시,수요일,강원도 인제군 남면,중상사고,0,1,0,0,차대차 - 측면직각충돌,차로위반,건조,맑음,단일로 - 기타,승용,남,45세,상해없음,승용,남,44세,중상
2014121000100698,2014년 12월 10일 22시,수요일,강원도 동해시 나안동,경상사고,0,0,1,0,차대사람 - 기타,안전운전불이행,건조,맑음,단일로 - 기타,자전거,남,15세,상해없음,보행자,남,42세,경상
2014121000100738,2014년 12월 10일 23시,수요일,강원도 강릉시 교동,경상사고,0,0,1,0,차대차 - 추돌 - 주정차중,안전운전불이행,건조,맑음,단일로 - 기타,승용,남,42세,상해없음,승용,남,37세,경상
2014121100100017,2014년 12월 11일 00시,목요일,강원도 강릉시 입암동,중상사고,0,1,2,0,차대차 - 추돌 - 주정차중,안전운전불이행,건조,맑음,단일로 - 기타,승용,여,28세,경상,화물,남,52세,기타불명
2014121100100018,2014년 12월 11일 00시,목요일,강원도 원주시 우산동,경상사고,0,0,1,0,차대차 - 측면직각충돌,직진우회전진행방해,건조,맑음,교차로 - 교차로안,승용,남,55세,상해없음,승용,남,46세,상해없음
2014121100100063,2014년 12월 11일 03시,목요일,강원도 원주시 단계동,경상사고,0,0,1,0,차대차 - 추돌 - 주정차중,안전운전불이행,습기,눈,단일로 - 기타,승용,여,49세,상해없음,승용,남,56세,경상
2014121100100154,2014년 12월 11일 08시,목요일,강원도 속초시 장사동,중상사고,0,2,2,0,차대차 - 측면직각충돌,안전운전불이행,건조,맑음,단일로 - 기타,승용,여,39세,상해없음,승합,남,55세,경상
2014121100100182,2014년 12월 11일 09시,목요일,강원도 화천군 상서면,경상사고,0,0,1,0,차대차 - 측면직각충돌,안전운전불이행,결빙,맑음,교차로 - 교차로안,승용,여,57세,상해없음,승용,남,39세,경상
2014121100100183,2014년 12월 11일 09시,목요일,강원도 정선군 사북읍,중상사고,0,1,2,0,차대차 - 추돌 - 진행중,안전운전불이행,기타,맑음,단일로 - 기타,승용,남,61세,상해없음,승용,남,57세,경상
2014121100100204,2014년 12월 11일 10시,목요일,강원도 춘천시 송암동,경상사고,0,0,1,0,차대차 - 측면직각충돌,안전거리미확보,건조,맑음,단일로 - 기타,화물,남,59세,상해없음,승용,남,22세,경상
2014121100100205,2014년 12월 11일 10시,목요일,강원도 강릉시 구정면,중상사고,0,3,3,0,차대차 - 측면직각충돌,중앙선침범,건조,맑음,교차로 - 교차로부근,특수,남,39세,상해없음,승합,남,56세,중상
2014121100100251,2014년 12월 11일 12시,목요일,강원도 강릉시 주문진읍,경상사고,0,0,1,0,차대차 - 측면직각충돌,안전운전불이행,건조,맑음,교차로 - 교차로안,승용,남,69세,상해없음,화물,남,64세,경상
2014121100100252,2014년 12월 11일 12시,목요일,강원도 영월군 영월읍,경상사고,0,0,1,0,차대사람 - 횡단중,안전운전불이행,건조,맑음,단일로 - 횡단보도상,화물,남,34세,상해없음,보행자,남,59세,경상
2014121100100253,2014년 12월 11일 12시,목요일,강원도 태백시 황지동,부상신고사고,0,0,0,3,차대차 - 추돌 - 진행중,안전거리미확보,건조,맑음,단일로 - 기타,화물,남,55세,상해없음,화물,남,59세,부상신고
2014121100100276,2014년 12월 11일 13시,목요일,강원도 춘천시 중앙로1가,경상사고,0,0,1,0,차대사람 - 기타,신호위반,건조,맑음,단일로 - 횡단보도상,승용,여,42세,상해없음,보행자,여,34세,경상
2014121100100277,2014년 12월 11일 13시,목요일,강원도 춘천시 근화동,경상사고,0,0,1,0,차대차 - 측면직각충돌,교차로운행방법위반,건조,맑음,교차로 - 교차로부근,승용,여,57세,상해없음,승용,남,39세,경상
2014121100100278,2014년 12월 11일 13시,목요일,강원도 강릉시 포남동,경상사고,0,0,1,0,차대차 - 측면직각충돌,안전운전불이행,건조,맑음,교차로 - 교차로안,승용,여,71세,상해없음,승용,남,44세,경상
2014121100100333,2014년 12월 11일 15시,목요일,강원도 홍천군 서면,경상사고,0,0,1,0,차대차 - 기타,차로위반,건조,맑음,단일로 - 기타,승용,남,61세,상해없음,승용,여,25세,경상
2014121100100415,2014년 12월 11일 18시,목요일,강원도 강릉시 내곡동,경상사고,0,0,1,0,차대차 - 측면직각충돌,안전운전불이행,건조,맑음,단일로 - 기타,승용,남,49세,상해없음,승용,남,44세,경상
2014121100100495,2014년 12월 11일 20시,목요일,강원도 춘천시 후평동,중상사고,0,1,0,0,차대차 - 기타,안전운전불이행,건조,맑음,단일로 - 기타,승용,남,50세,상해없음,이륜,남,39세,중상
2014121100100526,2014년 12월 11일 21시,목요일,강원도 원주시 관설동,경상사고,0,0,1,0,차대사람 - 차도통행중,안전운전불이행,건조,맑음,단일로 - 기타,승용,남,29세,상해없음,보행자,여,45세,경상
2014121100100578,2014년 12월 11일 23시,목요일,강원도 원주시 문막읍,중상사고,0,3,1,0,차대차 - 추돌 - 주정차중,안전운전불이행,건조,맑음,단일로 - 기타,승용,남,40세,중상,승용,남,58세,경상
2014121200100110,2014년 12월 12일 07시,금요일,강원도 양양군 강현면,중상사고,0,5,7,0,차대차 - 측면직각충돌,신호위반,건조,맑음,교차로 - 교차로안,승용,남,26세,상해없음,승합,남,62세,경상
2014121200100144,2014년 12월 12일 08시,금요일,강원도 춘천시 온의동,중상사고,0,1,0,0,차대사람 - 횡단중,신호위반,건조,맑음,교차로 - 교차로부근,승용,남,78세,상해없음,보행자,여,52세,중상
2014121200100145,2014년 12월 12일 08시,금요일,강원도 강릉시 포남동,경상사고,0,0,1,0,차대사람 - 기타,안전운전불이행,건조,맑음,단일로 - 기타,승합,남,56세,상해없음,보행자,남,7세,경상
2014121200100177,2014년 12월 12일 09시,금요일,강원도 춘천시 후평동,경상사고,0,0,1,0,차대차 - 추돌 - 주정차중,안전운전불이행,건조,맑음,교차로 - 교차로안,승용,남,40세,상해없음,승용,여,42세,경상
2014121200100178,2014년 12월 12일 09시,금요일,강원도 춘천시 후평동,경상사고,0,0,1,1,차대차 - 측면직각충돌,신호위반,건조,맑음,교차로 - 교차로안,승용,여,43세,부상신고,승용,여,59세,경상
2014121200100227,2014년 12월 12일 11시,금요일,강원도 춘천시 효자동,경상사고,0,0,1,0,차대차 - 측면직각충돌,교차로운행방법위반,건조,맑음,교차로 - 교차로안,승용,남,75세,상해없음,승합,남,58세,경상
2014121200100259,2014년 12월 12일 12시,금요일,강원도 삼척시 남양동,중상사고,0,1,0,0,차대사람 - 기타,보행자보호의무위반,건조,맑음,단일로 - 기타,승용,남,48세,상해없음,보행자,여,52세,중상
2014121200100281,2014년 12월 12일 13시,금요일,강원도 원주시 판부면,경상사고,0,0,2,0,차대차 - 기타,안전운전불이행,건조,맑음,단일로 - 기타,승용,여,58세,경상,승용,여,49세,경상
2014121200100282,2014년 12월 12일 13시,금요일,강원도 원주시 행구동,경상사고,0,0,1,0,차대차 - 기타,차로위반,건조,맑음,단일로 - 기타,승합,남,54세,상해없음,승합,남,54세,경상
2014121200100322,2014년 12월 12일 14시,금요일,강원도 강릉시 옥천동,중상사고,0,1,0,0,차대차 - 기타,안전운전불이행,기타,기타,교차로 - 교차로안,승용,여,30세,상해없음,이륜,남,40세,중상
2014121200100323,2014년 12월 12일 14시,금요일,강원도 원주시 문막읍,경상사고,0,0,1,0,차대차 - 기타,안전운전불이행,건조,맑음,단일로 - 기타,승합,여,50세,상해없음,승용,여,54세,경상
2014121200100324,2014년 12월 12일 14시,금요일,강원도 원주시 학성동,경상사고,0,0,1,0,차대사람 - 기타,교차로운행방법위반,건조,맑음,교차로 - 교차로안,승용,남,66세,상해없음,보행자,남,69세,경상
2014121200100389,2014년 12월 12일 16시,금요일,강원도 원주시 학성동,경상사고,0,0,1,0,차대차 - 기타,교차로운행방법위반,건조,맑음,교차로 - 교차로안,승용,남,61세,상해없음,승합,여,39세,경상
2014121200100390,2014년 12월 12일 16시,금요일,강원도 원주시 학성동,중상사고,0,2,3,0,차대차 - 기타,중앙선침범,건조,흐림,교차로 - 교차로부근,화물,남,61세,상해없음,승용,여,51세,중상
2014121200100391,2014년 12월 12일 16시,금요일,강원도 홍천군 북방면,중상사고,0,1,0,0,차대차 - 정면충돌,중앙선침범,건조,맑음,단일로 - 기타,화물,남,60세,상해없음,승합,여,45세,중상
2014121200100392,2014년 12월 12일 16시,금요일,강원도 철원군 갈말읍,중상사고,0,1,3,0,차대차 - 측면직각충돌,신호위반,건조,맑음,교차로 - 교차로안,화물,남,77세,상해없음,기타불명,남,21세,경상
2014121200100393,2014년 12월 12일 16시,금요일,강원도 동해시 나안동,경상사고,0,0,4,0,차대차 - 추돌 - 진행중,안전운전불이행,건조,맑음,교차로 - 교차로부근,승합,남,65세,상해없음,승용,여,38세,경상
2014121200100445,2014년 12월 12일 17시,금요일,강원도 강릉시 교동,경상사고,0,0,1,0,차대차 - 측면직각충돌,안전운전불이행,건조,맑음,교차로 - 교차로부근,화물,남,47세,상해없음,원동기,남,27세,경상
2014121200100446,2014년 12월 12일 17시,금요일,강원도 철원군 김화읍,사망사고,1,0,0,0,차량단독 - 전도전복,안전운전불이행,건조,맑음,단일로 - 기타,승용,남,67세,사망,,,,
2014121200100498,2014년 12월 12일 18시,금요일,강원도 강릉시 주문진읍,경상사고,0,0,1,0,차대차 - 측면직각충돌,안전운전불이행,건조,맑음,교차로 - 교차로안,화물,남,52세,상해없음,승용,남,49세,경상
2014121200100499,2014년 12월 12일 18시,금요일,강원도 속초시 조양동,경상사고,0,0,2,0,차대차 - 측면직각충돌,교차로운행방법위반,건조,맑음,교차로 - 교차로안,승용,여,45세,상해없음,승용,남,42세,경상
2014121200100500,2014년 12월 12일 18시,금요일,강원도 삼척시 정상동,경상사고,0,0,1,0,차대차 - 기타,안전운전불이행,건조,맑음,단일로 - 기타,승용,남,54세,상해없음,자전거,남,13세,경상
2014121200100501,2014년 12월 12일 18시,금요일,강원도 영월군 영월읍,사망사고,1,0,0,0,차대사람 - 횡단중,보행자보호의무위반,건조,흐림,단일로 - 횡단보도상,승용,남,66세,상해없음,보행자,여,64세,사망
2014121200100502,2014년 12월 12일 18시,금요일,강원도 홍천군 화촌면,경상사고,0,0,1,0,차대사람 - 기타,안전운전불이행,건조,맑음,단일로 - 기타,승용,여,63세,상해없음,보행자,남,50세,경상
2014121200100557,2014년 12월 12일 19시,금요일,강원도 춘천시 석사동,경상사고,0,0,1,0,차대사람 - 기타,안전운전불이행,건조,맑음,단일로 - 기타,승용,남,48세,상해없음,보행자,여,26세,경상
2014121200100558,2014년 12월 12일 19시,금요일,강원도 춘천시 석사동,경상사고,0,0,1,0,차대차 - 측면직각충돌,안전거리미확보,건조,맑음,단일로 - 기타,승용,남,43세,상해없음,이륜,남,16세,경상
2014121200100559,2014년 12월 12일 19시,금요일,강원도 춘천시 온의동,경상사고,0,0,1,0,차량단독 - 기타,기타,건조,맑음,단일로 - 기타,승합,남,51세,상해없음,,,,
2014121200100560,2014년 12월 12일 19시,금요일,강원도 원주시 단계동,경상사고,0,0,1,0,차대차 - 측면직각충돌,안전운전불이행,결빙,눈,교차로 - 교차로부근,화물,남,51세,상해없음,이륜,남,31세,경상
2014121200100561,2014년 12월 12일 19시,금요일,강원도 원주시 봉산동,경상사고,0,0,1,0,차대사람 - 기타,안전운전불이행,적설,눈,단일로 - 기타,화물,남,44세,상해없음,보행자,여,15세,경상
2014121200100562,2014년 12월 12일 19시,금요일,강원도 속초시 청학동,경상사고,0,0,1,0,차대차 - 측면직각충돌,안전운전불이행,건조,맑음,교차로 - 교차로안,자전거,남,19세,상해없음,자전거,여,57세,경상
2014121200100563,2014년 12월 12일 19시,금요일,강원도 동해시 송정동,경상사고,0,0,2,0,차대차 - 측면직각충돌,신호위반,건조,맑음,교차로 - 교차로안,승용,남,62세,경상,화물,남,45세,경상
2014121200100643,2014년 12월 12일 21시,금요일,강원도 춘천시 동면,경상사고,0,0,6,0,차대차 - 측면직각충돌,직진우회전진행방해,건조,맑음,교차로 - 교차로안,승용,여,44세,상해없음,승합,남,41세,경상
2014121200100716,2014년 12월 12일 23시,금요일,강원도 강릉시 내곡동,경상사고,0,0,1,0,차대차 - 기타,교차로운행방법위반,건조,맑음,교차로 - 교차로안,승용,남,51세,상해없음,원동기,남,41세,경상
2014121300100024,2014년 12월 13일 00시,토요일,강원도 동해시 효가동,경상사고,0,0,1,0,차대차 - 추돌 - 진행중,안전운전불이행,건조,맑음,교차로 - 교차로부근,승용,여,54세,상해없음,승용,남,42세,경상
2014121300100168,2014년 12월 13일 08시,토요일,강원도 원주시 일산동,경상사고,0,0,1,0,차대차 - 측면직각충돌,신호위반,결빙,맑음,교차로 - 교차로안,승용,남,54세,상해없음,승합,남,44세,경상
2014121300100193,2014년 12월 13일 09시,토요일,강원도 원주시 명륜동,경상사고,0,0,3,0,차대차 - 측면직각충돌,교차로운행방법위반,결빙,기타,교차로 - 교차로안,승용,남,69세,상해없음,승용,남,48세,경상
2014121300100217,2014년 12월 13일 10시,토요일,강원도 태백시 황지동,경상사고,0,0,1,0,차대차 - 측면직각충돌,교차로운행방법위반,건조,맑음,교차로 - 교차로안,승용,남,25세,상해없음,승용,남,43세,경상
2014121300100295,2014년 12월 13일 12시,토요일,강원도 정선군 북평면,중상사고,0,1,4,0,차대차 - 기타,안전운전불이행,건조,맑음,교차로 - 교차로안,승용,남,44세,상해없음,승용,남,26세,경상
2014121300100296,2014년 12월 13일 12시,토요일,강원도 정선군 정선읍,경상사고,0,0,1,0,차대차 - 측면직각충돌,교차로운행방법위반,건조,맑음,교차로 - 교차로안,승용,남,67세,상해없음,승용,여,35세,경상
2014121300100403,2014년 12월 13일 15시,토요일,강원도 춘천시 동내면,경상사고,0,0,1,0,차대사람 - 기타,안전운전불이행,결빙,맑음,단일로 - 기타,승용,남,36세,상해없음,보행자,여,9세,경상
2014121300100404,2014년 12월 13일 15시,토요일,강원도 강릉시 옥천동,경상사고,0,0,1,1,차대차 - 측면직각충돌,안전운전불이행,건조,맑음,교차로 - 교차로안,승용,여,62세,상해없음,승용,여,40세,부상신고
2014121300100437,2014년 12월 13일 16시,토요일,강원도 춘천시 소양로3가,부상신고사고,0,0,0,1,차대사람 - 기타,안전운전불이행,건조,맑음,단일로 - 기타,화물,남,41세,상해없음,보행자,여,65세,부상신고
2014121300100438,2014년 12월 13일 16시,토요일,강원도 춘천시 교동,경상사고,0,0,1,0,차대차 - 추돌 - 주정차중,직진우회전진행방해,건조,맑음,교차로 - 교차로안,승용,남,61세,상해없음,원동기,남,16세,경상
2014121300100439,2014년 12월 13일 16시,토요일,강원도 강릉시 주문진읍,경상사고,0,0,2,0,차대차 - 추돌 - 진행중,불법유턴,건조,맑음,단일로 - 기타,승합,남,68세,상해없음,승용,여,43세,경상
2014121300100469,2014년 12월 13일 17시,토요일,강원도 춘천시 후평동,중상사고,0,1,0,0,차대사람 - 기타,안전운전불이행,건조,맑음,단일로 - 횡단보도상,승용,여,58세,상해없음,보행자,여,66세,중상
2014121300100470,2014년 12월 13일 17시,토요일,강원도 고성군 토성면,경상사고,0,0,4,0,차대차 - 추돌 - 주정차중,안전운전불이행,건조,맑음,단일로 - 기타,화물,남,50세,상해없음,승용,여,34세,경상
2014121300100512,2014년 12월 13일 18시,토요일,강원도 강릉시 금학동,경상사고,0,0,1,0,차량단독 - 기타,안전운전불이행,건조,맑음,단일로 - 기타,승합,남,48세,상해없음,,,,
2014121300100513,2014년 12월 13일 18시,토요일,강원도 원주시 단계동,중상사고,0,1,0,0,차대사람 - 횡단중,안전운전불이행,건조,맑음,단일로 - 기타,승용,여,34세,상해없음,보행자,여,57세,중상
2014121300100621,2014년 12월 13일 21시,토요일,강원도 강릉시 포남동,경상사고,0,0,3,0,차대차 - 추돌 - 진행중,안전운전불이행,건조,맑음,단일로 - 기타,승합,남,44세,상해없음,승용,남,42세,경상
2014121300100677,2014년 12월 13일 23시,토요일,강원도 춘천시 효자동,경상사고,0,0,4,0,차대차 - 추돌 - 주정차중,안전거리미확보,건조,맑음,단일로 - 기타,승용,남,29세,상해없음,승용,여,44세,경상
2014121400100011,2014년 12월 14일 00시,일요일,강원도 춘천시 석사동,경상사고,0,0,2,0,차대차 - 기타,신호위반,건조,맑음,교차로 - 교차로안,승용,남,24세,상해없음,승용,여,43세,경상
2014121400100038,2014년 12월 14일 01시,일요일,강원도 강릉시 강문동,중상사고,0,1,0,0,차대사람 - 횡단중,안전운전불이행,건조,맑음,단일로 - 기타,승합,여,43세,상해없음,보행자,남,45세,중상
2014121400100039,2014년 12월 14일 01시,일요일,강원도 홍천군 홍천읍,경상사고,0,0,1,0,차대차 - 기타,안전거리미확보,건조,맑음,단일로 - 기타,승용,여,22세,상해없음,승용,남,46세,경상
2014121400100059,2014년 12월 14일 02시,일요일,강원도 춘천시 효자동,경상사고,0,0,1,0,차대사람 - 횡단중,안전운전불이행,건조,맑음,단일로 - 기타,승용,여,53세,상해없음,보행자,남,31세,경상
2014121400100085,2014년 12월 14일 03시,일요일,강원도 원주시 단계동,경상사고,0,0,3,0,차대차 - 추돌 - 주정차중,안전운전불이행,건조,맑음,단일로 - 기타,승용,남,38세,상해없음,승용,남,27세,경상
2014121400100173,2014년 12월 14일 10시,일요일,강원도 원주시 명륜동,경상사고,0,0,1,0,차대차 - 추돌 - 진행중,안전거리미확보,건조,맑음,교차로 - 교차로안,승용,여,58세,상해없음,승용,남,40세,경상
2014121400100277,2014년 12월 14일 15시,일요일,강원도 평창군 대관령면,중상사고,0,1,1,0,차대차 - 측면직각충돌,안전운전불이행,습기,흐림,교차로 - 교차로안,승용,남,30세,상해없음,승용,남,26세,중상
2014121400100314,2014년 12월 14일 16시,일요일,강원도 원주시 태장동,중상사고,0,1,0,0,차대차 - 기타,안전거리미확보,건조,맑음,교차로 - 교차로부근,승용,남,51세,상해없음,승용,여,23세,중상