사고번호,사고일시,요일,시군구,사고내용,사망자수,중상자수,경상자수,부상신고자수,사고유형,법규위반,노면상태,기상상태,도로형태,가해운전자 차종,가해운전자 성별,가해운전자 연령,가해운전자 상해정도,피해운전자 차종,피해운전자 성별,피해운전자 연령,피해운전자 상해정도
2014121400100340,2014년 12월 14일 17시,일요일,강원도 원주시 명륜동,경상사고,0,0,1,0,차대차 - 기타,안전거리미확보,건조,맑음,교차로 - 교차로부근,승용,남,39세,상해없음,승용,여,58세,경상
2014121400100341,2014년 12월 14일 17시,일요일,강원도 철원군 갈말읍,중상사고,0,1,1,0,차대차 - 측면직각충돌,신호위반,건조,맑음,교차로 - 교차로안,승용,남,33세,상해없음,승용,남,27세,경상
2014121400100370,2014년 12월 14일 18시,일요일,강원도 춘천시 퇴계동,경상사고,0,0,1,0,차대차 - 측면직각충돌,안전운전불이행,건조,맑음,교차로 - 교차로안,승용,남,54세,상해없음,자전거,남,17세,경상
2014121400100415,2014년 12월 14일 19시,일요일,강원도 동해시 지흥동,경상사고,0,0,4,0,차대차 - 추돌 - 진행중,직진우회전진행방해,건조,맑음,교차로 - 교차로안,승용,남,57세,상해없음,승용,남,43세,경상
2014121400100447,2014년 12월 14일 20시,일요일,강원도 춘천시 교동,경상사고,0,0,1,0,차대차 - 측면직각충돌,중앙선침범,건조,맑음,단일로 - 기타,승용,남,60세,상해없음,화물,남,65세,경상
2014121400100479,2014년 12월 14일 21시,일요일,강원도 원주시 단구동,중상사고,0,1,0,0,차대차 - 추돌 - 주정차중,안전거리미확보,건조,맑음,교차로 - 교차로안,승용,남,48세,상해없음,승용,여,36세,중상
2014121400100480,2014년 12월 14일 21시,일요일,강원도 원주시 명륜동,중상사고,0,4,1,0,차대차 - 기타,안전거리미확보,건조,맑음,교차로 - 교차로부근,승용,남,48세,상해없음,승용,남,44세,중상
2014121500100004,2014년 12월 15일 00시,월요일,강원도 원주시 단계동,경상사고,0,0,2,0,차대차 - 기타,신호위반,건조,맑음,교차로 - 교차로안,승용,남,64세,상해없음,승용,여,63세,경상
2014121500100055,2014년 12월 15일 06시,월요일,강원도 원주시 단계동,부상신고사고,0,0,0,1,차대사람 - 기타,보행자보호의무위반,건조,맑음,단일로 - 기타,기타불명,기타불명,기타불명,기타불명,보행자,여,20세,부상신고
2014121500100116,2014년 12월 15일 08시,월요일,강원도 평창군 봉평면,중상사고,0,1,0,0,차대차 - 기타,안전운전불이행,습기,흐림,단일로 - 기타,승용,남,44세,상해없음,승용,여,59세,중상
2014121500100154,2014년 12월 15일 09시,월요일,강원도 춘천시 중앙로1가,중상사고,0,1,1,0,차대차 - 기타,교차로운행방법위반,건조,맑음,교차로 - 교차로안,승용,남,51세,상해없음,승용,남,57세,경상
2014121500100155,2014년 12월 15일 09시,월요일,강원도 원주시 반곡동,경상사고,0,0,1,0,차대차 - 추돌 - 진행중,차로위반,건조,맑음,단일로 - 기타,특수,남,43세,상해없음,승용,여,38세,상해없음
2014121500100156,2014년 12월 15일 09시,월요일,강원도 영월군 김삿갓면,사망사고,1,0,0,0,차량단독 - 전도전복,안전운전불이행,건조,맑음,단일로 - 기타,승용,여,62세,사망,,,,
2014121500100183,2014년 12월 15일 10시,월요일,강원도 원주시 개운동,경상사고,0,0,1,0,차대차 - 기타,안전운전불이행,건조,맑음,교차로 - 교차로안,승용,남,52세,기타불명,자전거,남,75세,경상
2014121500100237,2014년 12월 15일 12시,월요일,강원도 원주시 일산동,경상사고,0,0,1,0,차대차 - 측면직각충돌,안전운전불이행,건조,맑음,단일로 - 기타,자전거,남,76세,경상,승용,여,50세,상해없음
2014121500100238,2014년 12월 15일 12시,월요일,강원도 동해시 묵호진동,중상사고,0,1,0,0,차대차 - 측면직각충돌,중앙선침범,건조,맑음,단일로 - 기타,원동기,남,76세,중상,승용,남,59세,상해없음
2014121500100239,2014년 12월 15일 12시,월요일,강원도 동해시 이로동,경상사고,0,0,1,0,차대차 - 측면직각충돌,안전운전불이행,건조,맑음,교차로 - 교차로안,승용,남,61세,상해없음,승용,여,37세,경상
2014121500100301,2014년 12월 15일 14시,월요일,강원도 강릉시 유천동,중상사고,0,1,0,0,차대차 - 추돌 - 진행중,안전운전불이행,건조,맑음,단일로 - 기타,화물,남,25세,중상,화물,남,47세,상해없음
2014121500100302,2014년 12월 15일 14시,월요일,강원도 속초시 청호동,경상사고,0,0,3,0,차대차 - 측면직각충돌,안전거리미확보,건조,맑음,교차로 - 교차로부근,화물,남,60세,상해없음,승용,남,46세,경상
2014121500100327,2014년 12월 15일 15시,월요일,강원도 강릉시 주문진읍,경상사고,0,0,2,0,차대차 - 측면직각충돌,안전운전불이행,건조,맑음,교차로 - 교차로안,승용,여,48세,상해없음,이륜,남,72세,경상
2014121500100358,2014년 12월 15일 16시,월요일,강원도 춘천시 근화동,중상사고,0,1,1,0,차대차 - 측면직각충돌,중앙선침범,적설,눈,단일로 - 기타,승용,여,41세,상해없음,승용,여,60세,중상
2014121500100359,2014년 12월 15일 16시,월요일,강원도 양구군 양구읍,중상사고,0,1,1,0,차대차 - 측면직각충돌,안전운전불이행,적설,눈,교차로 - 교차로안,승용,남,60세,상해없음,승합,남,43세,중상
2014121500100388,2014년 12월 15일 17시,월요일,강원도 춘천시 남산면,경상사고,0,0,2,0,차대차 - 추돌 - 진행중,안전운전불이행,적설,눈,교차로 - 교차로부근,승용,남,60세,상해없음,승용,남,41세,경상
2014121500100389,2014년 12월 15일 17시,월요일,강원도 홍천군 두촌면,사망사고,1,5,2,0,차대차 - 기타,중앙선침범,적설,눈,교차로 - 교차로안,화물,남,76세,중상,승합,남,55세,중상
2014121500100428,2014년 12월 15일 18시,월요일,강원도 춘천시 신북읍,경상사고,0,0,4,0,차대차 - 측면직각충돌,안전운전불이행,결빙,눈,단일로 - 기타,승용,남,57세,상해없음,승용,남,51세,경상
2014121500100498,2014년 12월 15일 19시,월요일,강원도 춘천시 동내면,경상사고,0,0,1,0,차대사람 - 기타,안전운전불이행,적설,눈,단일로 - 기타,승용,남,52세,상해없음,보행자,남,44세,경상
2014121500100499,2014년 12월 15일 19시,월요일,강원도 춘천시 석사동,중상사고,0,1,0,0,차대사람 - 기타,기타,적설,눈,교차로 - 교차로안,승용,남,51세,상해없음,보행자,남,13세,중상
2014121500100500,2014년 12월 15일 19시,월요일,강원도 강릉시 옥천동,경상사고,0,0,2,0,차대차 - 추돌 - 주정차중,안전운전불이행,건조,맑음,단일로 - 기타,승용,남,71세,상해없음,승용,남,52세,경상
2014121500100501,2014년 12월 15일 19시,월요일,강원도 태백시 황지동,중상사고,0,1,0,0,차대사람 - 횡단중,안전운전불이행,건조,기타,단일로 - 횡단보도부근,승용,여,62세,상해없음,보행자,남,60세,중상
2014121500100502,2014년 12월 15일 19시,월요일,강원도 태백시 소도동,경상사고,0,0,1,0,차대사람 - 기타,안전운전불이행,건조,맑음,교차로 - 교차로부근,승용,남,48세,상해없음,보행자,남,38세,경상
2014121500100503,2014년 12월 15일 19시,월요일,강원도 동해시 용정동,경상사고,0,0,2,0,차대차 - 측면직각충돌,안전운전불이행,건조,맑음,교차로 - 교차로안,승용,남,68세,상해없음,승용,여,40세,경상
2014121500100539,2014년 12월 15일 20시,월요일,강원도 춘천시 퇴계동,경상사고,0,0,1,0,차대차 - 측면직각충돌,안전운전불이행,결빙,눈,단일로 - 기타,승용,남,67세,상해없음,승용,남,34세,상해없음
2014121500100540,2014년 12월 15일 20시,월요일,강원도 속초시 교동,경상사고,0,0,1,0,차대사람 - 차도통행중,안전운전불이행,건조,맑음,단일로 - 기타,승용,남,62세,상해없음,보행자,남,46세,경상
2014121500100592,2014년 12월 15일 21시,월요일,강원도 홍천군 홍천읍,경상사고,0,0,1,0,차대차 - 기타,신호위반,결빙,눈,교차로 - 교차로안,승용,남,49세,상해없음,승용,남,62세,상해없음
2014121600100072,2014년 12월 16일 05시,화요일,강원도 홍천군 서면,경상사고,0,0,6,0,차대차 - 추돌 - 진행중,안전운전불이행,습기,맑음,단일로 - 기타,승용,남,22세,상해없음,승합,남,23세,경상
2014121600100084,2014년 12월 16일 06시,화요일,강원도 속초시 교동,경상사고,0,0,1,0,차량단독 - 공작물충돌,안전운전불이행,결빙,맑음,단일로 - 기타,승용,남,24세,상해없음,,,,
2014121600100104,2014년 12월 16일 07시,화요일,강원도 원주시 소초면,경상사고,0,0,1,0,차대차 - 추돌 - 진행중,안전운전불이행,결빙,맑음,단일로 - 기타,승용,남,47세,기타불명,승합,남,32세,경상
2014121600100140,2014년 12월 16일 08시,화요일,강원도 강릉시 주문진읍,중상사고,0,1,2,0,차량단독 - 공작물충돌,안전운전불이행,결빙,맑음,단일로 - 기타,승용,남,46세,상해없음,,,,
2014121600100163,2014년 12월 16일 09시,화요일,강원도 원주시 봉산동,경상사고,0,0,1,0,차량단독 - 기타,기타,결빙,맑음,단일로 - 기타,승용,남,51세,경상,,,,
2014121600100164,2014년 12월 16일 09시,화요일,강원도 속초시 조양동,경상사고,0,0,1,0,차대차 - 측면직각충돌,직진우회전진행방해,건조,맑음,교차로 - 교차로안,승용,남,41세,상해없음,승용,남,53세,경상
2014121600100165,2014년 12월 16일 09시,화요일,강원도 양양군 양양읍,경상사고,0,0,1,0,차대차 - 측면직각충돌,직진우회전진행방해,결빙,맑음,교차로 - 교차로안,승용,남,56세,상해없음,화물,남,60세,경상
2014121600100184,2014년 12월 16일 10시,화요일,강원도 춘천시 사북면,경상사고,0,0,1,0,차대차 - 기타,중앙선침범,결빙,맑음,단일로 - 기타,화물,남,41세,상해없음,화물,남,51세,경상
2014121600100219,2014년 12월 16일 12시,화요일,강원도 원주시 단계동,중상사고,0,1,0,0,차대사람 - 횡단중,신호위반,건조,맑음,교차로 - 교차로안,승용,남,66세,상해없음,보행자,남,22세,중상
2014121600100220,2014년 12월 16일 12시,화요일,강원도 영월군 영월읍,경상사고,0,0,1,0,차대차 - 측면직각충돌,안전운전불이행,결빙,흐림,단일로 - 기타,승용,남,24세,상해없음,화물,남,40세,경상
2014121600100254,2014년 12월 16일 13시,화요일,강원도 원주시 단계동,중상사고,0,1,0,0,차대차 - 기타,교차로운행방법위반,건조,맑음,교차로 - 교차로안,승용,여,51세,상해없음,승용,남,52세,중상
2014121600100255,2014년 12월 16일 13시,화요일,강원도 동해시 효가동,경상사고,0,0,2,0,차대차 - 측면직각충돌,교차로운행방법위반,건조,맑음,교차로 - 교차로안,승용,남,55세,상해없음,승용,여,42세,경상
2014121600100310,2014년 12월 16일 15시,화요일,강원도 원주시 단계동,중상사고,0,1,0,0,차대차 - 측면직각충돌,신호위반,건조,맑음,교차로 - 교차로안,승용,남,62세,상해없음,승용,남,60세,중상
2014121600100364,2014년 12월 16일 17시,화요일,강원도 춘천시 동면,경상사고,0,0,3,0,차대차 - 추돌 - 진행중,안전운전불이행,결빙,맑음,교차로 - 교차로부근,화물,남,57세,상해없음,승용,남,56세,경상
2014121600100365,2014년 12월 16일 17시,화요일,강원도 홍천군 화촌면,중상사고,0,1,0,0,차대차 - 기타,안전운전불이행,적설,맑음,단일로 - 기타,승합,남,44세,상해없음,승용,남,65세,중상
2014121600100408,2014년 12월 16일 18시,화요일,강원도 춘천시 퇴계동,경상사고,0,0,1,0,차대차 - 기타,안전운전불이행,건조,맑음,단일로 - 기타,승용,남,62세,상해없음,승합,남,57세,상해없음
2014121600100409,2014년 12월 16일 18시,화요일,강원도 강릉시 임당동,중상사고,0,1,0,0,차대사람 - 횡단중,보행자보호의무위반,건조,맑음,단일로 - 횡단보도상,승용,남,21세,상해없음,보행자,여,6세,중상
2014121600100410,2014년 12월 16일 18시,화요일,강원도 강릉시 홍제동,경상사고,0,0,2,0,차대차 - 측면직각충돌,안전거리미확보,건조,맑음,교차로 - 교차로안,승용,여,44세,상해없음,승용,남,56세,경상
2014121600100411,2014년 12월 16일 18시,화요일,강원도 원주시 관설동,경상사고,0,0,1,0,차대사람 - 기타,안전운전불이행,습기,흐림,단일로 - 기타,승용,남,53세,상해없음,보행자,여,30세,경상
2014121600100412,2014년 12월 16일 18시,화요일,강원도 원주시 단계동,중상사고,0,1,0,0,차대사람 - 기타,안전운전불이행,결빙,맑음,단일로 - 기타,승합,여,33세,상해없음,보행자,여,64세,중상
2014121600100518,2014년 12월 16일 21시,화요일,강원도 삼척시 남양동,중상사고,0,1,0,0,차대차 - 측면직각충돌,안전운전불이행,건조,맑음,교차로 - 교차로안,승용,남,64세,상해없음,원동기,남,35세,중상
2014121600100578,2014년 12월 16일 23시,화요일,강원도 원주시 일산동,경상사고,0,0,3,0,차대차 - 기타,안전거리미확보,건조,맑음,교차로 - 교차로부근,승용,남,27세,상해없음,승용,남,42세,경상
2014121600100579,2014년 12월 16일 23시,화요일,강원도 정선군 고한읍,경상사고,0,0,1,0,차대차 - 기타,안전운전불이행,건조,맑음,교차로 - 교차로안,승합,남,43세,상해없음,승합,남,44세,경상
2014121700100042,2014년 12월 17일 04시,수요일,강원도 원주시 우산동,경상사고,0,0,1,0,차대차 - 기타,안전운전불이행,결빙,맑음,단일로 - 기타,승용,남,26세,상해없음,승용,남,35세,경상
2014121700100191,2014년 12월 17일 11시,수요일,강원도 원주시 단계동,경상사고,0,0,1,0,차대차 - 추돌 - 진행중,안전거리미확보,건조,맑음,단일로 - 기타,승용,남,72세,상해없음,승용,여,38세,경상
2014121700100192,2014년 12월 17일 11시,수요일,강원도 속초시 교동,경상사고,0,0,1,0,차대차 - 측면직각충돌,안전거리미확보,건조,맑음,단일로 - 기타,승용,남,81세,상해없음,승용,여,55세,경상
2014121700100220,2014년 12월 17일 12시,수요일,강원도 원주시 원동,경상사고,0,0,1,0,차대차 - 추돌 - 진행중,차로위반,건조,흐림,단일로 - 기타,승용,남,47세,상해없음,승합,남,29세,경상
2014121700100251,2014년 12월 17일 13시,수요일,강원도 춘천시 온의동,경상사고,0,0,2,0,차대차 - 측면직각충돌,직진우회전진행방해,결빙,맑음,교차로 - 교차로안,승용,남,30세,상해없음,승용,남,52세,경상
2014121700100252,2014년 12월 17일 13시,수요일,강원도 홍천군 서석면,중상사고,0,3,0,0,차대차 - 정면충돌,중앙선침범,건조,맑음,단일로 - 기타,승용,남,56세,기타불명,승용,남,20세,중상
2014121700100271,2014년 12월 17일 14시,수요일,강원도 원주시 단계동,경상사고,0,0,1,0,차대차 - 추돌 - 진행중,안전운전불이행,결빙,맑음,교차로 - 교차로부근,승용,남,43세,상해없음,승용,여,29세,경상
2014121700100295,2014년 12월 17일 15시,수요일,강원도 강릉시 포남동,경상사고,0,0,1,0,차대사람 - 횡단중,안전운전불이행,건조,맑음,단일로 - 기타,화물,남,40세,상해없음,보행자,여,65세,경상
2014121700100296,2014년 12월 17일 15시,수요일,강원도 강릉시 주문진읍,경상사고,0,0,2,0,차대차 - 측면직각충돌,안전운전불이행,건조,맑음,교차로 - 교차로부근,승용,남,23세,상해없음,승용,남,37세,경상
2014121700100330,2014년 12월 17일 16시,수요일,강원도 동해시 천곡동,부상신고사고,0,0,0,1,차대차 - 기타,안전운전불이행,건조,맑음,단일로 - 기타,승용,여,42세,상해없음,원동기,남,17세,부상신고
2014121700100369,2014년 12월 17일 17시,수요일,강원도 원주시 단계동,경상사고,0,0,1,0,차대차 - 추돌 - 진행중,안전운전불이행,건조,맑음,교차로 - 교차로부근,화물,남,55세,상해없음,승합,남,49세,경상
2014121700100425,2014년 12월 17일 18시,수요일,강원도 춘천시 동면,중상사고,0,2,0,0,차대차 - 측면직각충돌,안전운전불이행,건조,맑음,단일로 - 기타,승용,남,66세,상해없음,승용,여,56세,중상
2014121700100426,2014년 12월 17일 18시,수요일,강원도 홍천군 홍천읍,사망사고,1,0,0,0,차대사람 - 기타,안전운전불이행,건조,맑음,단일로 - 기타,승용,남,67세,상해없음,보행자,여,56세,사망
2014121700100461,2014년 12월 17일 19시,수요일,강원도 원주시 명륜동,경상사고,0,0,2,0,차대차 - 정면충돌,안전운전불이행,결빙,맑음,교차로 - 교차로부근,승용,남,18세,상해없음,승용,남,22세,경상
2014121700100522,2014년 12월 17일 21시,수요일,강원도 동해시 부곡동,경상사고,0,0,1,0,차대사람 - 횡단중,신호위반,건조,맑음,단일로 - 기타,화물,남,45세,상해없음,보행자,여,47세,경상
2014121700100554,2014년 12월 17일 22시,수요일,강원도 춘천시 서면,중상사고,0,1,0,0,차대사람 - 기타,안전운전불이행,결빙,맑음,단일로 - 기타,승용,남,52세,상해없음,보행자,남,53세,중상
2014121700100555,2014년 12월 17일 22시,수요일,강원도 강릉시 포남동,중상사고,0,1,0,0,차대사람 - 횡단중,안전운전불이행,건조,맑음,단일로 - 기타,승용,남,45세,상해없음,보행자,남,32세,중상
2014121800100030,2014년 12월 18일 01시,목요일,강원도 원주시 우산동,경상사고,0,0,1,0,차대사람 - 기타,안전운전불이행,건조,맑음,단일로 - 기타,승용,남,43세,상해없음,보행자,남,46세,경상
2014121800100052,2014년 12월 18일 05시,목요일,강원도 춘천시 효자동,경상사고,0,0,1,0,차대차 - 측면직각충돌,안전운전불이행,건조,맑음,교차로 - 교차로부근,승용,여,26세,상해없음,화물,남,25세,경상
2014121800100068,2014년 12월 18일 07시,목요일,강원도 춘천시 석사동,경상사고,0,0,1,0,차대차 - 측면직각충돌,신호위반,건조,흐림,교차로 - 교차로안,승합,남,59세,상해없음,승용,남,59세,경상
2014121800100069,2014년 12월 18일 07시,목요일,강원도 원주시 단계동,중상사고,0,1,2,0,차대차 - 측면직각충돌,신호위반,건조,맑음,교차로 - 교차로안,승합,남,21세,중상,승용,남,56세,경상
2014121800100070,2014년 12월 18일 07시,목요일,강원도 원주시 단계동,경상사고,0,0,1,0,차대사람 - 횡단중,보행자보호의무위반,결빙,맑음,단일로 - 기타,승합,남,51세,상해없음,보행자,남,28세,경상
2014121800100097,2014년 12월 18일 08시,목요일,강원도 강릉시 포남동,중상사고,0,1,0,0,차대사람 - 횡단중,보행자보호의무위반,건조,맑음,단일로 - 횡단보도상,승용,남,51세,상해없음,보행자,남,65세,중상
2014121800100098,2014년 12월 18일 08시,목요일,강원도 원주시 무실동,중상사고,0,1,1,0,차대차 - 기타,안전운전불이행,건조,맑음,단일로 - 기타,기타불명,기타불명,기타불명,기타불명,승용,남,62세,중상
2014121800100161,2014년 12월 18일 10시,목요일,강원도 태백시 창죽동,중상사고,0,1,3,0,차대차 - 추돌 - 진행중,기타,건조,맑음,교차로 - 교차로부근,화물,남,46세,상해없음,승용,남,54세,경상
2014121800100162,2014년 12월 18일 10시,목요일,강원도 동해시 쇄운동,사망사고,1,0,0,0,차대차 - 기타,안전거리미확보,건조,맑음,교차로 - 교차로부근,화물,여,49세,상해없음,승용,남,57세,사망
2014121800100188,2014년 12월 18일 11시,목요일,강원도 양양군 양양읍,중상사고,0,1,1,0,차대차 - 추돌 - 진행중,안전운전불이행,건조,맑음,교차로 - 교차로안,화물,남,44세,상해없음,승용,남,52세,경상
2014121800100220,2014년 12월 18일 12시,목요일,강원도 춘천시 요선동,경상사고,0,0,1,0,차대사람 - 기타,보행자보호의무위반,적설,맑음,단일로 - 기타,승용,여,60세,상해없음,보행자,여,25세,경상
2014121800100221,2014년 12월 18일 12시,목요일,강원도 강릉시 견소동,중상사고,0,1,0,0,차대사람 - 기타,안전운전불이행,건조,맑음,단일로 - 기타,화물,남,65세,상해없음,보행자,여,62세,중상
2014121800100222,2014년 12월 18일 12시,목요일,강원도 강릉시 교동,중상사고,0,1,0,0,차대차 - 기타,안전운전불이행,건조,맑음,단일로 - 기타,승용,남,39세,상해없음,이륜,남,23세,중상
2014121800100240,2014년 12월 18일 13시,목요일,강원도 강릉시 홍제동,부상신고사고,0,0,0,1,차대차 - 기타,신호위반,건조,맑음,교차로 - 교차로안,기타불명,기타불명,기타불명,기타불명,자전거,남,67세,부상신고
2014121800100269,2014년 12월 18일 14시,목요일,강원도 춘천시 석사동,경상사고,0,0,1,0,차대차 - 추돌 - 진행중,안전운전불이행,결빙,맑음,단일로 - 기타,승용,남,27세,상해없음,승용,남,25세,경상
2014121800100308,2014년 12월 18일 15시,목요일,강원도 춘천시 중앙로3가,경상사고,0,0,1,0,차대차 - 측면직각충돌,기타,적설,맑음,단일로 - 기타,화물,남,51세,상해없음,승용,여,51세,경상
2014121800100309,2014년 12월 18일 15시,목요일,강원도 평창군 봉평면,중상사고,0,1,0,0,차대사람 - 기타,안전운전불이행,결빙,맑음,단일로 - 기타,화물,남,56세,상해없음,보행자,남,38세,중상
2014121800100332,2014년 12월 18일 16시,목요일,강원도 태백시 황지동,부상신고사고,0,0,0,1,차대사람 - 횡단중,안전운전불이행,기타,맑음,교차로 - 교차로안,승용,남,48세,상해없음,보행자,남,67세,부상신고
2014121800100333,2014년 12월 18일 16시,목요일,강원도 동해시 천곡동,중상사고,0,1,0,0,차대사람 - 보도통행중,보행자보호의무위반,건조,맑음,교차로 - 교차로부근,승용,여,40세,상해없음,보행자,남,7세,중상
2014121800100363,2014년 12월 18일 17시,목요일,강원도 강릉시 옥천동,경상사고,0,0,1,0,차대사람 - 기타,안전운전불이행,건조,맑음,교차로 - 교차로안,화물,남,52세,상해없음,보행자,남,21세,경상
2014121800100415,2014년 12월 18일 18시,목요일,강원도 홍천군 홍천읍,경상사고,0,0,4,0,차대차 - 기타,직진우회전진행방해,건조,맑음,교차로 - 교차로안,승용,남,49세,상해없음,승용,남,26세,경상
2014121800100494,2014년 12월 18일 20시,목요일,강원도 홍천군 홍천읍,중상사고,0,1,0,0,차대차 - 기타,교차로운행방법위반,건조,맑음,교차로 - 교차로안,원동기,남,40세,중상,승용,남,58세,상해없음
2014121800100495,2014년 12월 18일 20시,목요일,강원도 동해시 천곡동,경상사고,0,0,4,0,차대차 - 기타,직진우회전진행방해,건조,맑음,교차로 - 교차로안,승용,남,51세,상해없음,승용,여,41세,경상
2014121900100135,2014년 12월 19일 08시,금요일,강원도 강릉시 사천면,중상사고,0,1,0,0,차대차 - 측면직각충돌,신호위반,건조,맑음,교차로 - 교차로안,승용,남,69세,상해없음,승용,여,25세,중상
2014121900100189,2014년 12월 19일 10시,금요일,강원도 춘천시 후평동,경상사고,0,0,1,0,차대차 - 추돌 - 주정차중,안전운전불이행,결빙,맑음,단일로 - 기타,승용,여,38세,상해없음,승용,남,54세,경상
2014121900100213,2014년 12월 19일 11시,금요일,강원도 동해시 지흥동,경상사고,0,0,1,0,차대차 - 추돌 - 진행중,안전운전불이행,건조,맑음,단일로 - 기타,승용,여,52세,기타불명,화물,남,40세,경상
2014121900100228,2014년 12월 19일 12시,금요일,강원도 양양군 양양읍,중상사고,0,1,0,0,차대차 - 측면직각충돌,안전운전불이행,건조,맑음,단일로 - 기타,승용,남,68세,상해없음,이륜,남,62세,중상
2014121900100229,2014년 12월 19일 12시,금요일,강원도 고성군 죽왕면,중상사고,0,1,0,0,차대차 - 측면직각충돌,신호위반,건조,맑음,교차로 - 교차로안,승용,여,25세,상해없음,승용,여,51세,중상
2014121900100244,2014년 12월 19일 13시,금요일,강원도 강릉시 주문진읍,부상신고사고,0,0,0,1,차대사람 - 횡단중,보행자보호의무위반,건조,맑음,단일로 - 횡단보도상,승용,남,64세,상해없음,보행자,여,6세,부상신고
2014121900100299,2014년 12월 19일 15시,금요일,강원도 춘천시 신북읍,경상사고,0,0,2,0,차대차 - 측면직각충돌,중앙선침범,결빙,맑음,단일로 - 기타,승용,여,37세,상해없음,승용,남,72세,경상
2014121900100325,2014년 12월 19일 16시,금요일,강원도 원주시 무실동,경상사고,0,0,2,0,차대차 - 추돌 - 주정차중,안전거리미확보,건조,맑음,교차로 - 교차로부근,승용,남,31세,상해없음,승용,여,28세,경상
2014121900100360,2014년 12월 19일 17시,금요일,강원도 춘천시 옥천동,중상사고,0,1,0,0,차대차 - 측면직각충돌,중앙선침범,건조,맑음,단일로 - 기타,화물,남,26세,상해없음,승용,남,47세,중상
2014121900100361,2014년 12월 19일 17시,금요일,강원도 원주시 태장동,경상사고,0,0,2,0,차대차 - 추돌 - 진행중,안전운전불이행,건조,맑음,단일로 - 기타,승용,남,47세,상해없음,승용,남,35세,경상
2014121900100362,2014년 12월 19일 17시,금요일,강원도 동해시 이도동,경상사고,0,0,3,0,차대차 - 추돌 - 진행중,안전거리미확보,건조,맑음,교차로 - 교차로안,승합,남,53세,상해없음,승용,남,60세,경상
2014121900100414,2014년 12월 19일 18시,금요일,강원도 춘천시 석사동,경상사고,0,0,1,0,차대사람 - 횡단중,안전운전불이행,건조,맑음,단일로 - 기타,승용,여,45세,상해없음,보행자,남,51세,경상
2014121900100415,2014년 12월 19일 18시,금요일,강원도 춘천시 퇴계동,중상사고,0,1,0,0,차대사람 - 횡단중,안전운전불이행,건조,맑음,단일로 - 기타,승용,남,60세,상해없음,보행자,여,41세,중상
2014121900100463,2014년 12월 19일 19시,금요일,강원도 춘천시 동면,경상사고,0,0,1,0,차대차 - 측면직각충돌,안전운전불이행,건조,맑음,단일로 - 기타,승용,남,58세,상해없음,승용,남,27세,경상
2014121900100464,2014년 12월 19일 19시,금요일,강원도 춘천시 석사동,경상사고,0,0,1,0,차량단독 - 기타,안전운전불이행,결빙,흐림,단일로 - 기타,승합,남,56세,상해없음,,,,
2014121900100465,2014년 12월 19일 19시,금요일,강원도 원주시 우산동,경상사고,0,0,2,0,차대차 - 추돌 - 주정차중,안전운전불이행,건조,맑음,교차로 - 교차로부근,승합,남,46세,기타불명,승용,남,66세,경상
2014121900100590,2014년 12월 19일 22시,금요일,강원도 원주시 무실동,중상사고,0,1,0,0,차대차 - 정면충돌,직진우회전진행방해,건조,맑음,교차로 - 교차로안,승용,남,32세,기타불명,원동기,남,32세,중상
2014121900100591,2014년 12월 19일 22시,금요일,강원도 원주시 단구동,중상사고,0,1,0,0,차대차 - 추돌 - 주정차중,안전거리미확보,건조,맑음,단일로 - 기타,승용,여,55세,상해없음,승용,남,52세,중상
2014121900100592,2014년 12월 19일 22시,금요일,강원도 속초시 노학동,경상사고,0,0,3,0,차대차 - 추돌 - 진행중,중앙선침범,건조,맑음,교차로 - 교차로부근,승용,남,41세,상해없음,승용,남,36세,경상
2014122000100088,2014년 12월 20일 01시,토요일,강원도 원주시 단계동,경상사고,0,0,2,0,차대차 - 추돌 - 주정차중,안전거리미확보,건조,맑음,교차로 - 교차로부근,승용,남,23세,상해없음,승용,남,39세,경상
2014122000100208,2014년 12월 20일 05시,토요일,강원도 동해시 천곡동,경상사고,0,0,2,0,차대차 - 측면직각충돌,신호위반,건조,맑음,교차로 - 교차로안,승용,남,78세,상해없음,승용,남,53세,경상
2014122000100229,2014년 12월 20일 06시,토요일,강원도 춘천시 중앙로1가,경상사고,0,0,1,0,차대차 - 측면직각충돌,안전운전불이행,적설,눈,교차로 - 교차로안,기타불명,기타불명,30세,기타불명,승용,남,54세,경상
2014122000100259,2014년 12월 20일 07시,토요일,강원도 강릉시 왕산면,중상사고,0,1,1,0,차량단독 - 전도전복,안전운전불이행,습기,맑음,단일로 - 기타,승용,남,54세,상해없음,,,,
2014122000100260,2014년 12월 20일 07시,토요일,강원도 강릉시 안현동,경상사고,0,0,1,0,차대차 - 기타,안전운전불이행,건조,맑음,단일로 - 기타,승용,남,22세,기타불명,화물,남,48세,경상
2014122000100298,2014년 12월 20일 08시,토요일,강원도 춘천시 효자동,부상신고사고,0,0,0,1,차대사람 - 차도통행중,안전운전불이행,적설,맑음,단일로 - 기타,승용,여,28세,상해없음,보행자,남,19세,부상신고